hearing_id,statement_index,dom_id,speaker,speaker_type,statement,bill,bill_segment_start,bill_segment_end,ab2222_reference,statement_type,sentence_index,sentence,matched_groups,matched_terms,n_keyword_groups,keyword_match
279175,171,5216838,Sharon Quirk-Silva,Legislator,Just to encourage support for this tax credit that encourages businesses to hire full time employees in designated high need areas.,AB 2222,169,287,False,substantive,1,Just to encourage support for this tax credit that encourages businesses to hire full time employees in designated high need areas.,employment_workforce; tax_credit,employees; hire; full time; tax credit,2,True
279175,172,5216839,Mike Gipson,Legislator,"Thank you very much. This bill will be referred to our suspense file. Thank you, witnesses, for appearing. Thank you. K. We have an author. We have mister Ward file item number two, a B2222. Thank you very much, mister Ward. And you have witnesses, mister Ward?",AB 2222,169,287,True,substantive,7,"We have mister Ward file item number two, a B2222.",bill_reference,a B2222,1,True
279175,175,5216843,Chris Ward,Legislator,"When local news disappears, we see declines in civic engagement, voter participation, and government accountability. And this bill addresses that by directly creating a refundable tax credit for local news organizations, which hire and retain journalists. The structure is straightforward. Up to 20,000 for each of the first five journalists, 15,000, for each additional journalist thereafter, an additional $15,000 for each new journalism position created. Importantly, this credit is refundable.",AB 2222,169,287,False,substantive,1,"When local news disappears, we see declines in civic engagement, voter participation, and government accountability.",local_news; civic_effects,local news; civic engagement; voter participation; government accountability; accountability,2,True
279175,175,5216843,Chris Ward,Legislator,"When local news disappears, we see declines in civic engagement, voter participation, and government accountability. And this bill addresses that by directly creating a refundable tax credit for local news organizations, which hire and retain journalists. The structure is straightforward. Up to 20,000 for each of the first five journalists, 15,000, for each additional journalist thereafter, an additional $15,000 for each new journalism position created. Importantly, this credit is refundable.",AB 2222,169,287,False,substantive,2,"And this bill addresses that by directly creating a refundable tax credit for local news organizations, which hire and retain journalists.",local_news; journalists_reporters; news_organizations; employment_workforce; tax_credit,local news; journalists; news organizations; hire; retain; tax credit; refundable tax credit,5,True
279175,175,5216843,Chris Ward,Legislator,"When local news disappears, we see declines in civic engagement, voter participation, and government accountability. And this bill addresses that by directly creating a refundable tax credit for local news organizations, which hire and retain journalists. The structure is straightforward. Up to 20,000 for each of the first five journalists, 15,000, for each additional journalist thereafter, an additional $15,000 for each new journalism position created. Importantly, this credit is refundable.",AB 2222,169,287,False,substantive,4,"Up to 20,000 for each of the first five journalists, 15,000, for each additional journalist thereafter, an additional $15,000 for each new journalism position created.",journalists_reporters,journalist; journalists; journalism,1,True
279175,176,5216844,Chris Ward,Legislator,"So it works for small independent and non profit outlets, not just large corporations. The bill is also carefully constructed with guardrails, transparency and ownership, limits on political influence, requirements for editorial standards and accountability. And this ensures that we are supporting local journalism without influencing content. With me to speak in support of the Community News Act are Matt Pierce, the legislative director of Rebuild Local News, and Bob Butler, the vice president of broadcast at SYK AFTRA.",AB 2222,169,287,True,substantive,2,"The bill is also carefully constructed with guardrails, transparency and ownership, limits on political influence, requirements for editorial standards and accountability.",civic_effects; editorial_independence,accountability; editorial standards; political influence; guardrails,2,True
279175,176,5216844,Chris Ward,Legislator,"So it works for small independent and non profit outlets, not just large corporations. The bill is also carefully constructed with guardrails, transparency and ownership, limits on political influence, requirements for editorial standards and accountability. And this ensures that we are supporting local journalism without influencing content. With me to speak in support of the Community News Act are Matt Pierce, the legislative director of Rebuild Local News, and Bob Butler, the vice president of broadcast at SYK AFTRA.",AB 2222,169,287,True,substantive,3,And this ensures that we are supporting local journalism without influencing content.,local_news; journalists_reporters,local journalism; journalism,2,True
279175,176,5216844,Chris Ward,Legislator,"So it works for small independent and non profit outlets, not just large corporations. The bill is also carefully constructed with guardrails, transparency and ownership, limits on political influence, requirements for editorial standards and accountability. And this ensures that we are supporting local journalism without influencing content. With me to speak in support of the Community News Act are Matt Pierce, the legislative director of Rebuild Local News, and Bob Butler, the vice president of broadcast at SYK AFTRA.",AB 2222,169,287,True,substantive,4,"With me to speak in support of the Community News Act are Matt Pierce, the legislative director of Rebuild Local News, and Bob Butler, the vice president of broadcast at SYK AFTRA.",bill_reference; local_news,Community News Act; Local News; Community News,2,True
279175,177,5216845,Chris Ward,Legislator,"AV twenty two twenty two is ultimately a jobs bill and a democracy bill, helping to keep reporters in communities and ensuring that Californians have access to trusted local information. When the time is appropriate, I respectfully request your aye vote.",AB 2222,169,287,True,substantive,1,"AV twenty two twenty two is ultimately a jobs bill and a democracy bill, helping to keep reporters in communities and ensuring that Californians have access to trusted local information.",journalists_reporters; civic_effects; information_effects; employment_workforce,reporters; democracy; local information; jobs,4,True
279175,179,5216847,Unidentified Speaker,Person,"Thank you, chair Gibson, vice chair Sanchez, and esteemed committee members. I am the director of policy for Rebuild Local News, Matt Pierce. And we're the leading nonpartisan, nonprofit coalition developing effective public policies to strengthen community news and information. We are proud to join assembly member Ward in sponsoring AB 2002/22. The Community News Act should create a refundable tax spreads to support local journalist jobs and all sorts of community news organizations across California.",AB 2222,169,287,True,non_legislator,2,"I am the director of policy for Rebuild Local News, Matt Pierce.",local_news,Local News,1,True
279175,179,5216847,Unidentified Speaker,Person,"Thank you, chair Gibson, vice chair Sanchez, and esteemed committee members. I am the director of policy for Rebuild Local News, Matt Pierce. And we're the leading nonpartisan, nonprofit coalition developing effective public policies to strengthen community news and information. We are proud to join assembly member Ward in sponsoring AB 2002/22. The Community News Act should create a refundable tax spreads to support local journalist jobs and all sorts of community news organizations across California.",AB 2222,169,287,True,non_legislator,3,"And we're the leading nonpartisan, nonprofit coalition developing effective public policies to strengthen community news and information.",local_news; nonprofit_small_outlets,community news; nonprofit,2,True
279175,179,5216847,Unidentified Speaker,Person,"Thank you, chair Gibson, vice chair Sanchez, and esteemed committee members. I am the director of policy for Rebuild Local News, Matt Pierce. And we're the leading nonpartisan, nonprofit coalition developing effective public policies to strengthen community news and information. We are proud to join assembly member Ward in sponsoring AB 2002/22. The Community News Act should create a refundable tax spreads to support local journalist jobs and all sorts of community news organizations across California.",AB 2222,169,287,True,non_legislator,5,The Community News Act should create a refundable tax spreads to support local journalist jobs and all sorts of community news organizations across California.,bill_reference; local_news; journalists_reporters; news_organizations; employment_workforce,Community News Act; local journalist; Community News; community news; journalist; news organizations; jobs,5,True
279175,180,5216848,Unidentified Speaker,Person,"California has lost, 75 of its local journalists over the past two decades. We rank in the bottom 10 of US states in terms of journalists per a 100,000 people. Academic studies say that when communities lose their local journalists, bond prices increase for local taxpayers because there are fewer people watching local spending. Loneliness increases because fewer people feel connected to their neighbors. Fewer voters know who their elected officials are.",AB 2222,169,287,False,non_legislator,1,"California has lost, 75 of its local journalists over the past two decades.",local_news; journalists_reporters,local journalists; journalists,2,True
279175,180,5216848,Unidentified Speaker,Person,"California has lost, 75 of its local journalists over the past two decades. We rank in the bottom 10 of US states in terms of journalists per a 100,000 people. Academic studies say that when communities lose their local journalists, bond prices increase for local taxpayers because there are fewer people watching local spending. Loneliness increases because fewer people feel connected to their neighbors. Fewer voters know who their elected officials are.",AB 2222,169,287,False,non_legislator,2,"We rank in the bottom 10 of US states in terms of journalists per a 100,000 people.",journalists_reporters,journalists,1,True
279175,180,5216848,Unidentified Speaker,Person,"California has lost, 75 of its local journalists over the past two decades. We rank in the bottom 10 of US states in terms of journalists per a 100,000 people. Academic studies say that when communities lose their local journalists, bond prices increase for local taxpayers because there are fewer people watching local spending. Loneliness increases because fewer people feel connected to their neighbors. Fewer voters know who their elected officials are.",AB 2222,169,287,False,non_legislator,3,"Academic studies say that when communities lose their local journalists, bond prices increase for local taxpayers because there are fewer people watching local spending.",local_news; journalists_reporters,local journalists; journalists,2,True
279175,181,5216849,Unidentified Speaker,Person,"Fewer voters are following committee hearings like this one. When a town loses a local reporter, it affects all of us. The Communities Act is based on similar laws recently enacted in Illinois, New York, and New Mexico with broad support from lawmakers and local news stakeholders. It's carefully designed first amendment friendly approach that doesn't require program administrators to pick winners and losers in a way that could risk the editorial independence of our local news outlets.",AB 2222,169,287,False,non_legislator,2,"When a town loses a local reporter, it affects all of us.",local_news; journalists_reporters,local reporter; reporter,2,True
279175,181,5216849,Unidentified Speaker,Person,"Fewer voters are following committee hearings like this one. When a town loses a local reporter, it affects all of us. The Communities Act is based on similar laws recently enacted in Illinois, New York, and New Mexico with broad support from lawmakers and local news stakeholders. It's carefully designed first amendment friendly approach that doesn't require program administrators to pick winners and losers in a way that could risk the editorial independence of our local news outlets.",AB 2222,169,287,False,non_legislator,3,"The Communities Act is based on similar laws recently enacted in Illinois, New York, and New Mexico with broad support from lawmakers and local news stakeholders.",local_news,local news,1,True
279175,181,5216849,Unidentified Speaker,Person,"Fewer voters are following committee hearings like this one. When a town loses a local reporter, it affects all of us. The Communities Act is based on similar laws recently enacted in Illinois, New York, and New Mexico with broad support from lawmakers and local news stakeholders. It's carefully designed first amendment friendly approach that doesn't require program administrators to pick winners and losers in a way that could risk the editorial independence of our local news outlets.",AB 2222,169,287,False,non_legislator,4,It's carefully designed first amendment friendly approach that doesn't require program administrators to pick winners and losers in a way that could risk the editorial independence of our local news outlets.,local_news; news_organizations; editorial_independence,local news; news outlets; editorial independence,3,True
279175,182,5216850,Unidentified Speaker,Person,"Community News Act has been endorsed by a coalition that includes local independent news outlets, unionized news workers, journalism educators, and ethnic media. We're We're also currently engaging other stakeholders on technical feedback to ensure this approach can be accessed equitably across the whole ecosystem. We respectfully encourage your aye vote.",AB 2222,169,287,True,non_legislator,1,"Community News Act has been endorsed by a coalition that includes local independent news outlets, unionized news workers, journalism educators, and ethnic media.",bill_reference; local_news; journalists_reporters; news_organizations; employment_workforce; editorial_independence,Community News Act; Community News; journalism; news outlets; workers; independent news,6,True
279175,185,5216853,Bob Butler,Person,"I bring you greetings from our president, Sean Astin. You may know better as Rudy or Sam from Lord of the Rings. I'm here, on behalf of my union's a 160,000 members, many of whom are broadcast journalists like me, who will see the value of doing what needs to be done to ensure a thriving future for the journalism profession. I became a journalist because I believe the public has the right to know what's going on in their communities, the nation, and the world. I also believe strongly in the importance of speaking truth to power.",AB 2222,169,287,False,non_legislator,3,"I'm here, on behalf of my union's a 160,000 members, many of whom are broadcast journalists like me, who will see the value of doing what needs to be done to ensure a thriving future for the journalism profession.",journalists_reporters,journalists; journalism,1,True
279175,185,5216853,Bob Butler,Person,"I bring you greetings from our president, Sean Astin. You may know better as Rudy or Sam from Lord of the Rings. I'm here, on behalf of my union's a 160,000 members, many of whom are broadcast journalists like me, who will see the value of doing what needs to be done to ensure a thriving future for the journalism profession. I became a journalist because I believe the public has the right to know what's going on in their communities, the nation, and the world. I also believe strongly in the importance of speaking truth to power.",AB 2222,169,287,False,non_legislator,4,"I became a journalist because I believe the public has the right to know what's going on in their communities, the nation, and the world.",journalists_reporters,journalist,1,True
279175,186,5216854,Bob Butler,Person,"The work we do sometimes angers those who don't like it. I've done that many times. It does not make me fake news. It's work that needs to be done to maintain a healthy democracy. With federal defending of public media in 2025, which may now be reversed, and now the shuttering of CBS News Radio after ninety nine years of service, our nation has lost a lot of access to essential informational source sources.",AB 2222,169,287,False,non_legislator,4,It's work that needs to be done to maintain a healthy democracy.,civic_effects,democracy,1,True
279175,187,5216855,Bob Butler,Person,"Not to mention the harm unchecked AI and social media platforms have done to divert Internet traffic toward polarizing and unreliable content. When you ask people who they trust more, the local journalists or the national journalists, local journalists went out every time. I've been in this business for nearly fifty years. I spent forty two years at KCBS radio in San Francisco. I've never seen professional journalists encountered so many colossal threats to their professions and their selves as they have beginning in 2015 and even more so since January.",AB 2222,169,287,False,non_legislator,1,Not to mention the harm unchecked AI and social media platforms have done to divert Internet traffic toward polarizing and unreliable content.,information_effects,social media,1,True
279175,187,5216855,Bob Butler,Person,"Not to mention the harm unchecked AI and social media platforms have done to divert Internet traffic toward polarizing and unreliable content. When you ask people who they trust more, the local journalists or the national journalists, local journalists went out every time. I've been in this business for nearly fifty years. I spent forty two years at KCBS radio in San Francisco. I've never seen professional journalists encountered so many colossal threats to their professions and their selves as they have beginning in 2015 and even more so since January.",AB 2222,169,287,False,non_legislator,2,"When you ask people who they trust more, the local journalists or the national journalists, local journalists went out every time.",local_news; journalists_reporters,local journalists; journalists,2,True
279175,187,5216855,Bob Butler,Person,"Not to mention the harm unchecked AI and social media platforms have done to divert Internet traffic toward polarizing and unreliable content. When you ask people who they trust more, the local journalists or the national journalists, local journalists went out every time. I've been in this business for nearly fifty years. I spent forty two years at KCBS radio in San Francisco. I've never seen professional journalists encountered so many colossal threats to their professions and their selves as they have beginning in 2015 and even more so since January.",AB 2222,169,287,False,non_legislator,5,I've never seen professional journalists encountered so many colossal threats to their professions and their selves as they have beginning in 2015 and even more so since January.,journalists_reporters,journalists,1,True
279175,188,5216856,Bob Butler,Person,"A bill like Assemblymember Awards AB 2222 never been more urgent. Let's incentivize the hiring of professional journalists. If it were those employers who hire local journalists to their staffs, let's all be a part of this valuable investment into safeguarding democracy and the community level. A job attention credit is a small price to pay during a time when access to factual information is under threat. Let's arm our democracy and preserve our community's unfreetted access to information. I encourage you to put AB 2222 across the finish line, and don't keep us in suspense too long. Bob Butler, KCBS in Sacramento.",AB 2222,169,287,True,non_legislator,1,A bill like Assemblymember Awards AB 2222 never been more urgent.,bill_reference,AB 2222,1,True
279175,188,5216856,Bob Butler,Person,"A bill like Assemblymember Awards AB 2222 never been more urgent. Let's incentivize the hiring of professional journalists. If it were those employers who hire local journalists to their staffs, let's all be a part of this valuable investment into safeguarding democracy and the community level. A job attention credit is a small price to pay during a time when access to factual information is under threat. Let's arm our democracy and preserve our community's unfreetted access to information. I encourage you to put AB 2222 across the finish line, and don't keep us in suspense too long. Bob Butler, KCBS in Sacramento.",AB 2222,169,287,True,non_legislator,2,Let's incentivize the hiring of professional journalists.,journalists_reporters; employment_workforce,journalists; hiring,2,True
279175,188,5216856,Bob Butler,Person,"A bill like Assemblymember Awards AB 2222 never been more urgent. Let's incentivize the hiring of professional journalists. If it were those employers who hire local journalists to their staffs, let's all be a part of this valuable investment into safeguarding democracy and the community level. A job attention credit is a small price to pay during a time when access to factual information is under threat. Let's arm our democracy and preserve our community's unfreetted access to information. I encourage you to put AB 2222 across the finish line, and don't keep us in suspense too long. Bob Butler, KCBS in Sacramento.",AB 2222,169,287,True,non_legislator,3,"If it were those employers who hire local journalists to their staffs, let's all be a part of this valuable investment into safeguarding democracy and the community level.",local_news; journalists_reporters; civic_effects; employment_workforce,local journalists; journalists; democracy; hire,4,True
279175,188,5216856,Bob Butler,Person,"A bill like Assemblymember Awards AB 2222 never been more urgent. Let's incentivize the hiring of professional journalists. If it were those employers who hire local journalists to their staffs, let's all be a part of this valuable investment into safeguarding democracy and the community level. A job attention credit is a small price to pay during a time when access to factual information is under threat. Let's arm our democracy and preserve our community's unfreetted access to information. I encourage you to put AB 2222 across the finish line, and don't keep us in suspense too long. Bob Butler, KCBS in Sacramento.",AB 2222,169,287,True,non_legislator,4,A job attention credit is a small price to pay during a time when access to factual information is under threat.,information_effects; employment_workforce,factual information; job,2,True
279175,188,5216856,Bob Butler,Person,"A bill like Assemblymember Awards AB 2222 never been more urgent. Let's incentivize the hiring of professional journalists. If it were those employers who hire local journalists to their staffs, let's all be a part of this valuable investment into safeguarding democracy and the community level. A job attention credit is a small price to pay during a time when access to factual information is under threat. Let's arm our democracy and preserve our community's unfreetted access to information. I encourage you to put AB 2222 across the finish line, and don't keep us in suspense too long. Bob Butler, KCBS in Sacramento.",AB 2222,169,287,True,non_legislator,5,Let's arm our democracy and preserve our community's unfreetted access to information.,civic_effects,democracy,1,True
279175,188,5216856,Bob Butler,Person,"A bill like Assemblymember Awards AB 2222 never been more urgent. Let's incentivize the hiring of professional journalists. If it were those employers who hire local journalists to their staffs, let's all be a part of this valuable investment into safeguarding democracy and the community level. A job attention credit is a small price to pay during a time when access to factual information is under threat. Let's arm our democracy and preserve our community's unfreetted access to information. I encourage you to put AB 2222 across the finish line, and don't keep us in suspense too long. Bob Butler, KCBS in Sacramento.",AB 2222,169,287,True,non_legislator,6,"I encourage you to put AB 2222 across the finish line, and don't keep us in suspense too long.",bill_reference,AB 2222,1,True
279175,189,5216857,Mike Gipson,Legislator,"I love it. Thank you very much. Anyone in the room wishing to speak in support of AB 2222, please come to the microphone, your name, your organization, and this is support.",AB 2222,169,287,True,procedural,3,"Anyone in the room wishing to speak in support of AB 2222, please come to the microphone, your name, your organization, and this is support.",bill_reference,AB 2222,1,True
279175,193,5216861,Sharon Quirk-Silva,Legislator,"Not only do I support this, but all of the efforts that I know that you are moving forward related to journalism. We are in a new frontier as we think about journalism, but journalism is one of the last communication efforts that's based on facts. And with streaming, with blogs and posts and social media, it's becoming harder and harder for the public to understand what's real and what's not real. And at every turn, we see the shrinking of our, as we said, news newspapers.",AB 2222,169,287,False,substantive,1,"Not only do I support this, but all of the efforts that I know that you are moving forward related to journalism.",journalists_reporters,journalism,1,True
279175,193,5216861,Sharon Quirk-Silva,Legislator,"Not only do I support this, but all of the efforts that I know that you are moving forward related to journalism. We are in a new frontier as we think about journalism, but journalism is one of the last communication efforts that's based on facts. And with streaming, with blogs and posts and social media, it's becoming harder and harder for the public to understand what's real and what's not real. And at every turn, we see the shrinking of our, as we said, news newspapers.",AB 2222,169,287,False,substantive,2,"We are in a new frontier as we think about journalism, but journalism is one of the last communication efforts that's based on facts.",journalists_reporters,journalism,1,True
279175,193,5216861,Sharon Quirk-Silva,Legislator,"Not only do I support this, but all of the efforts that I know that you are moving forward related to journalism. We are in a new frontier as we think about journalism, but journalism is one of the last communication efforts that's based on facts. And with streaming, with blogs and posts and social media, it's becoming harder and harder for the public to understand what's real and what's not real. And at every turn, we see the shrinking of our, as we said, news newspapers.",AB 2222,169,287,False,substantive,3,"And with streaming, with blogs and posts and social media, it's becoming harder and harder for the public to understand what's real and what's not real.",information_effects,social media,1,True
279175,193,5216861,Sharon Quirk-Silva,Legislator,"Not only do I support this, but all of the efforts that I know that you are moving forward related to journalism. We are in a new frontier as we think about journalism, but journalism is one of the last communication efforts that's based on facts. And with streaming, with blogs and posts and social media, it's becoming harder and harder for the public to understand what's real and what's not real. And at every turn, we see the shrinking of our, as we said, news newspapers.",AB 2222,169,287,False,substantive,4,"And at every turn, we see the shrinking of our, as we said, news newspapers.",news_organizations,newspapers,1,True
279175,194,5216862,Sharon Quirk-Silva,Legislator,"One of the things as a former teacher, we can look to literacy and understand that many of us grew up with newspapers coming to our homes, not just newspapers, but maybe magazines, this type of information. And as was stated in your remarks, slowly but surely, we have seen all of these communication pieces pretty much wiped out. And so we wonder why young kids and families who might have gone to the doctors and picked up a magazine and read it with their parents or a newspaper that those conversations aren't happening.",AB 2222,169,287,False,substantive,1,"One of the things as a former teacher, we can look to literacy and understand that many of us grew up with newspapers coming to our homes, not just newspapers, but maybe magazines, this type of information.",news_organizations,newspapers,1,True
279175,194,5216862,Sharon Quirk-Silva,Legislator,"One of the things as a former teacher, we can look to literacy and understand that many of us grew up with newspapers coming to our homes, not just newspapers, but maybe magazines, this type of information. And as was stated in your remarks, slowly but surely, we have seen all of these communication pieces pretty much wiped out. And so we wonder why young kids and families who might have gone to the doctors and picked up a magazine and read it with their parents or a newspaper that those conversations aren't happening.",AB 2222,169,287,False,substantive,3,And so we wonder why young kids and families who might have gone to the doctors and picked up a magazine and read it with their parents or a newspaper that those conversations aren't happening.,news_organizations,newspaper,1,True
279175,195,5216863,Sharon Quirk-Silva,Legislator,"And so we are relying on these very quick posts that people are taking for fact. And it's it's really become destructive, very destructive, where we once used to have civil discourse and debate.",AB 2222,169,287,False,unclear,2,"And it's it's really become destructive, very destructive, where we once used to have civil discourse and debate.",information_effects,civil discourse,1,True
279175,200,5216868,Mike Gipson,Legislator,"Great. With that, I just have one quick question for you, mister Ward. Why is the, the credit a fixed amount instead of a percentage amount for the wages for new hire journalists?",AB 2222,169,287,False,substantive,3,"Why is the, the credit a fixed amount instead of a percentage amount for the wages for new hire journalists?",journalists_reporters; employment_workforce,journalists; hire; new hire; wages,2,True
279175,202,5216870,Chris Ward,Legislator,"Yes. This is similar to the law that was first enacted in Illinois. We have in our ecosystem, the majority of local news outlets are very small local news outlets, and part of their spending is on freelance, which is not covered by this bill. So part of the part of the amounts are to reflect the reality for those organizations that when they hire an actual staffer, it it may not reflect the full extent of their spending.",AB 2222,169,287,False,substantive,3,"We have in our ecosystem, the majority of local news outlets are very small local news outlets, and part of their spending is on freelance, which is not covered by this bill.",local_news; news_organizations,local news; news outlets,2,True
279175,202,5216870,Chris Ward,Legislator,"Yes. This is similar to the law that was first enacted in Illinois. We have in our ecosystem, the majority of local news outlets are very small local news outlets, and part of their spending is on freelance, which is not covered by this bill. So part of the part of the amounts are to reflect the reality for those organizations that when they hire an actual staffer, it it may not reflect the full extent of their spending.",AB 2222,169,287,False,substantive,4,"So part of the part of the amounts are to reflect the reality for those organizations that when they hire an actual staffer, it it may not reflect the full extent of their spending.",employment_workforce,hire,1,True
279175,204,5216872,Chris Ward,Legislator,"Thank you, Mr. Chair, members. Thank you for the support of comments. I'm very happy to have another co author coming out of this committee, should this bill come out of this committee. You know, I think that we all very deeply appreciate the value of local news that we have, whether it's our kids growing up on the educational programming, family friendly content that we're able to produce, historical art of, exposes, are very specific to your local community.",AB 2222,169,287,False,substantive,4,"You know, I think that we all very deeply appreciate the value of local news that we have, whether it's our kids growing up on the educational programming, family friendly content that we're able to produce, historical art of, exposes, are very specific to your local community.",local_news,local news,1,True
279175,205,5216873,Chris Ward,Legislator,"I mean, this is content that you just can't get anywhere else, and keep your community enriched and really connected to itself, and the greater world around it. So we know that stations across the Golden State are shuttered. We know that employees are losing their jobs, and many of our outlets and affiliates budgets are deeply threatened and cannot rely on a backfill of philanthropy alone. So now is the time.",AB 2222,169,287,False,substantive,3,"We know that employees are losing their jobs, and many of our outlets and affiliates budgets are deeply threatened and cannot rely on a backfill of philanthropy alone.",employment_workforce,employees; jobs,1,True
279175,206,5216874,Chris Ward,Legislator,"We don't have another year to step up and do what we can to help support these jobs, but importantly, to be able to help support these institutions that are so vital as our colleague had also really referenced.",AB 2222,169,287,False,unclear,1,"We don't have another year to step up and do what we can to help support these jobs, but importantly, to be able to help support these institutions that are so vital as our colleague had also really referenced.",employment_workforce,jobs,1,True
279175,207,5216875,Chris Ward,Legislator,"You know, if this goes away, we are relegated to a world that is very on unlimited and very suspect news. And we know the outcomes and and the dire future that would hold for many of our communities and democracy. I would respectfully request your aye vote.",AB 2222,169,287,False,substantive,2,And we know the outcomes and and the dire future that would hold for many of our communities and democracy.,civic_effects,democracy,1,True
279175,209,5216877,Bob Butler,Person,"Sure. Can I add one thing? As a journalist, you can go ahead and put more money in there, not just 20,000.",AB 2222,169,287,False,non_legislator,3,"As a journalist, you can go ahead and put more money in there, not just 20,000.",journalists_reporters,journalist,1,True
279175,241,5216908,Unidentified Speaker,Person,"This approach increases the effectiveness of the California's tax deduction for manufacturing equipment without increasing the total value that is tax deductible for any piece of equipment. By by allowing full first year depreciation within high need areas, AB 2377 also drives investment and job creation within historically underserved and disadvantaged areas of the state like the San Joaquin Valley. When we have productive converse we we've had productive conversations with the franchise tax board around the implementation challenges with the bill that are outlined in the committee analysis, and we are committed to address these concerns.",AB 2222,169,287,False,non_legislator,2,"By by allowing full first year depreciation within high need areas, AB 2377 also drives investment and job creation within historically underserved and disadvantaged areas of the state like the San Joaquin Valley.",employment_workforce,job,1,True
279175,242,5216909,Unidentified Speaker,Person,"By improving the financial outlook of projects in their critical years, AB 2377 will help attract new manufacturing projects, create high quality jobs, and strengthen economic development in disadvantaged regions just like the Central Valley where it's needed the most. I'm here with me today to testify in support of AB 2377 are Will Oliver, president and CEO of Fresno County Economic Development Corporation, and Sarah Bridges, policy director for the California Manufacturers and Technology Association.",AB 2222,169,287,False,non_legislator,1,"By improving the financial outlook of projects in their critical years, AB 2377 will help attract new manufacturing projects, create high quality jobs, and strengthen economic development in disadvantaged regions just like the Central Valley where it's needed the most.",employment_workforce,jobs,1,True
279175,244,5216911,Unidentified Speaker,Person,"Thank you. Good afternoon, chairman Gibson and members. Thank you for the opportunity to speak in support of AB 2377. I serve as the president and CEO of the Fresno County Economic Development Corporation. And as a EDC, we work every day to help California compete for private investment, job creation, and long term economic productivity.",AB 2222,169,287,False,non_legislator,5,"And as a EDC, we work every day to help California compete for private investment, job creation, and long term economic productivity.",employment_workforce,job,1,True
279175,250,5216917,Sarah Bridges,Person,"Good afternoon, Sherry Gibson and members. My name is Sarah Bridges with the California Manufacturers and Technology Association representing 45,000 companies and their 1,200,000 employees in strong support of AB 2377. California manufacturers are operating in one of the most challenging environments in the country. They're navigating high regulatory burdens, rising energy costs, and ongoing supply chain pressures, all while facing increasing global competition and tariffs that make it harder to produce competitively here at home.",AB 2222,169,287,False,non_legislator,2,"My name is Sarah Bridges with the California Manufacturers and Technology Association representing 45,000 companies and their 1,200,000 employees in strong support of AB 2377.",employment_workforce,employees,1,True
279175,251,5216918,Sarah Bridges,Person,"These cumulative pressures strain operational decision making and make it more difficult for manufacturers to reinvest, expand, and keep jobs in California. AB 2377 provides a practical targeted tool to help manufacturers navigate these challenges by easing the burden of capital investments. By reducing the upfront cost of purchasing the equipment and technology that manufacturers need to operate efficiently and stay competitive, AB 2377 allows manufacturers to recover the cost of qualified equipment investments more quickly. This matters because it supports continuous reinvestment. Manufacturers are not locked into holding outdated equipment just to realize long term tax benefits.",AB 2222,169,287,False,non_legislator,1,"These cumulative pressures strain operational decision making and make it more difficult for manufacturers to reinvest, expand, and keep jobs in California.",employment_workforce,jobs,1,True
279611,772,6933616,Chris Ward,Legislator,"Thank you, Madam Speaker. Members, AB 2222 is the Community News Act, and it creates a targeted journalist employment tax credit to help local news organizations hire and retain reporters covering California communities. We all know that local journalism is in crisis. Thousands of newspapers have closed nationwide, newsroom staffing has collapsed, and too many communities are losing access to reliable local reporting.",AB 2222,769,1659,True,substantive,2,"Members, AB 2222 is the Community News Act, and it creates a targeted journalist employment tax credit to help local news organizations hire and retain reporters covering California communities.",bill_reference; local_news; journalists_reporters; news_organizations; employment_workforce; tax_credit,AB 2222; Community News Act; local news; Community News; journalist; reporters; news organizations; employment; hire; retain; tax credit,6,True
279611,772,6933616,Chris Ward,Legislator,"Thank you, Madam Speaker. Members, AB 2222 is the Community News Act, and it creates a targeted journalist employment tax credit to help local news organizations hire and retain reporters covering California communities. We all know that local journalism is in crisis. Thousands of newspapers have closed nationwide, newsroom staffing has collapsed, and too many communities are losing access to reliable local reporting.",AB 2222,769,1659,True,substantive,3,We all know that local journalism is in crisis.,local_news; journalists_reporters,local journalism; journalism,2,True
279611,772,6933616,Chris Ward,Legislator,"Thank you, Madam Speaker. Members, AB 2222 is the Community News Act, and it creates a targeted journalist employment tax credit to help local news organizations hire and retain reporters covering California communities. We all know that local journalism is in crisis. Thousands of newspapers have closed nationwide, newsroom staffing has collapsed, and too many communities are losing access to reliable local reporting.",AB 2222,769,1659,True,substantive,4,"Thousands of newspapers have closed nationwide, newsroom staffing has collapsed, and too many communities are losing access to reliable local reporting.",local_news; news_organizations; news_decline,local reporting; newsroom; newspapers; newspapers have closed,3,True
279611,773,6933617,Chris Ward,Legislator,"This bill invests directly in local journalism jobs, supporting reporters who are covering schools, local government, public safety, and community issues that Californians rely on every day. This is a content neutral, bipartisan approach focused on preserving local civic infrastructure and strengthening access to trustworthy community news. I respectfully ask for your aye vote.",AB 2222,769,1659,False,substantive,1,"This bill invests directly in local journalism jobs, supporting reporters who are covering schools, local government, public safety, and community issues that Californians rely on every day.",local_news; journalists_reporters; employment_workforce,local journalism; reporters; journalism; jobs,3,True
279611,773,6933617,Chris Ward,Legislator,"This bill invests directly in local journalism jobs, supporting reporters who are covering schools, local government, public safety, and community issues that Californians rely on every day. This is a content neutral, bipartisan approach focused on preserving local civic infrastructure and strengthening access to trustworthy community news. I respectfully ask for your aye vote.",AB 2222,769,1659,False,substantive,2,"This is a content neutral, bipartisan approach focused on preserving local civic infrastructure and strengthening access to trustworthy community news.",local_news,community news,1,True
279611,784,6928308,Rebecca Bauer-Kahan,Legislator,"The clerk will close the roll and tally the vote. Aye 58, no 0. The measure passes. We will pass and retain and file item 86. We will pass temporarily on file item 87.",AB 2222,769,1659,False,substantive,4,We will pass and retain and file item 86.,employment_workforce,retain,1,True
279611,785,6931602,Rebecca Bauer-Kahan,Legislator,"Pass and retain on file item 88. Moving to file item 89, AB 2258. The clerk will read.",AB 2222,769,1659,False,substantive,1,Pass and retain on file item 88.,employment_workforce,retain,1,True
279611,789,6932192,Anamarie Farias,Legislator,Gaps in child care access result in workforce that cannot fully participate and businesses that cannot operate a full capacity and an economy that falls short of its potential.,AB 2222,769,1659,False,unclear,1,Gaps in child care access result in workforce that cannot fully participate and businesses that cannot operate a full capacity and an economy that falls short of its potential.,employment_workforce,workforce,1,True
279611,793,6933633,Rebecca Bauer-Kahan,Legislator,Clerk will close the roll and tally the vote. Ayes: 61; no: zero. That measure passes. We'll pass and retain on File Item 90. Moving to File Item 91: AB 2270. The clerk will read.,AB 2222,769,1659,False,substantive,4,We'll pass and retain on File Item 90.,employment_workforce,retain,1,True
279611,804,6936392,Rick Chavez Zbur,Legislator,"Thank you, Madam speaker. Members, I rise today to present AB 1609 sponsored by the Communication Workers of America District Council 9. This bill restores a basic expectation. When Californians need help, especially with essential services, that they can reach a human being in a reasonable amount of time. Technology should make life easier, not block people from getting help.",AB 2222,769,1659,False,substantive,2,"Members, I rise today to present AB 1609 sponsored by the Communication Workers of America District Council 9.",employment_workforce,Workers,1,True
279611,809,6936397,Rick Chavez Zbur,Legislator,"However, automation cannot replace real and vital workers or be used as a barrier to the prevents people from reaching prompt help when they need it.",AB 2222,769,1659,False,unclear,1,"However, automation cannot replace real and vital workers or be used as a barrier to the prevents people from reaching prompt help when they need it.",employment_workforce,workers,1,True
279611,810,6936398,Rick Chavez Zbur,Legislator,"This bill not only provides needed customer protections when customer service is needed, it also recognizes the critical importance of human workers. I amended AB 1609 significantly in policy committee to address the first round of concerns that were raised with the prior version of the bill and to show that I have been and am willing to continue to work in good faith with all of the stakeholders should this be this bill come off the floor today.",AB 2222,769,1659,False,substantive,1,"This bill not only provides needed customer protections when customer service is needed, it also recognizes the critical importance of human workers.",employment_workforce,workers,1,True
279611,816,6934339,Rebecca Bauer-Kahan,Legislator,"The clerk will close the roll and tally the vote. Ayes, 42, no 16. That measure passes. Moving back up in file order, we will pass and retain on file items 92 and 93. Moving to file item 94, AB 2301, the clerk will read.",AB 2222,769,1659,False,substantive,4,"Moving back up in file order, we will pass and retain on file items 92 and 93.",employment_workforce,retain,1,True
279611,819,6934342,Esmeralda Soria,Legislator,"Thank you, madam speaker. AB 2301 will help address our health care workforce shortage and improve the access and affordability of a nursing degree by establishing a pilot program, allowing up to 10 community college districts to establish nursing bachelor's program. California is projected to be short over 44,000 registered nurses by 2030.",AB 2222,769,1659,False,substantive,2,"AB 2301 will help address our health care workforce shortage and improve the access and affordability of a nursing degree by establishing a pilot program, allowing up to 10 community college districts to establish nursing bachelor's program.",employment_workforce,workforce,1,True
279611,828,6934351,Mia Bonta,Legislator,"And one of the things that was resoundingly clear was that people really wanted to be able to grow their own, be able to identify the places, particularly our community colleges, and make sure that they get leveraged and used to be able to make sure that we have the health care workers that we need to support our health care system. With that, I respectfully press your aye vote on this very important bill.",AB 2222,769,1659,False,substantive,1,"And one of the things that was resoundingly clear was that people really wanted to be able to grow their own, be able to identify the places, particularly our community colleges, and make sure that they get leveraged and used to be able to make sure that we have the health care workers that we need to support our health care system.",employment_workforce,workers,1,True
279611,828,6934351,Mia Bonta,Legislator,"And one of the things that was resoundingly clear was that people really wanted to be able to grow their own, be able to identify the places, particularly our community colleges, and make sure that they get leveraged and used to be able to make sure that we have the health care workers that we need to support our health care system. With that, I respectfully press your aye vote on this very important bill.",AB 2222,769,1659,False,substantive,2,"With that, I respectfully press your aye vote on this very important bill.",news_organizations,press,1,True
279611,832,6933639,Rebecca Bauer-Kahan,Legislator,"Ayes, 56; noes, zero. The measure passes. We'll pass and retain on file items 95 through 99. Moving to file item 100, AB 2343. The clerk will read.",AB 2222,769,1659,False,substantive,3,We'll pass and retain on file items 95 through 99.,employment_workforce,retain,1,True
279611,843,6943441,Lori Wilson,Legislator,"Utilizing the Internet and other social media apps, e bikes can also be easily modified to exceed legal speeds, putting riders and the public at risk, with some modifications ramping up to speeds higher speeds such as 30 or even 40 miles per hour. So AB 2346 implements targeted and practical solutions such as, but not limited to, requiring speedometers on class one and two e bikes and integrated lights on all e bikes.",AB 2222,769,1659,False,substantive,1,"Utilizing the Internet and other social media apps, e bikes can also be easily modified to exceed legal speeds, putting riders and the public at risk, with some modifications ramping up to speeds higher speeds such as 30 or even 40 miles per hour.",information_effects,social media,1,True
279611,863,6946311,Blanca Pacheco,Legislator,"In 2025 alone, financial strain forced hospitals and health systems to lay off 3,500 workers. Three hospitals closed in the last three years and dozens more have slashed services. Between federal health care cuts and the state's budget deficit. California's health care system cannot withstand additional strains without sacrificing patient care. Our constituents trust us to evaluate the many healthcare related legislative proposals.",AB 2222,769,1659,False,substantive,1,"In 2025 alone, financial strain forced hospitals and health systems to lay off 3,500 workers.",employment_workforce,workers,1,True
279611,881,6940631,Robert Rivas,Legislator,"Alright. We are going to pass temporarily. File item 103. We're gonna pass retain on 104, pass temporarily on 105. We've already dispensed with 106.",AB 2222,769,1659,False,substantive,4,"We're gonna pass retain on 104, pass temporarily on 105.",employment_workforce,retain,1,True
279611,886,7068944,Cecilia Aguiar-Curry,Legislator,"But in all seriousness, this is a complex but critically important issue. California Cartwright Act is our state's primary antitrust law. But it contains a major loophole. If two businesses conspire to undercut competition, that's illegal. That kind of anti competitive conduct hurts competitors, consumers, and workers.",AB 2222,769,1659,False,substantive,5,"That kind of anti competitive conduct hurts competitors, consumers, and workers.",employment_workforce,workers,1,True
279611,888,7068946,Cecilia Aguiar-Curry,Legislator,"This conversation is especially important now because consolidation has touched nearly every part of our economy. Since the 1990s, more than 75% of US industries have experienced increased market concentration. That means higher prices, fewer choices, fewer opportunities for job creators to start small businesses, and suppressed wages for working families. I took on this issue because one of my proudest accomplishments as the mayor of Winters was helping build a thriving main street full of successful and engaged small businesses.",AB 2222,769,1659,False,substantive,3,"That means higher prices, fewer choices, fewer opportunities for job creators to start small businesses, and suppressed wages for working families.",employment_workforce,job; wages,1,True
279611,891,7068949,Cecilia Aguiar-Curry,Legislator,"They held 18 public meetings, receiving thousands of public comments, and draft a proposal that works within California's existing antitrust framework. This bill does not punish success. It does not punish corporate growth. AB 1776 is about making sure that when a dominant company abuses its power to shut out competition and harm consumers, workers, and small businesses, California has the tools to respond. This bill protects free and fair competition and helps ensure the California marketplace works for everyone.",AB 2222,769,1659,False,substantive,4,"AB 1776 is about making sure that when a dominant company abuses its power to shut out competition and harm consumers, workers, and small businesses, California has the tools to respond.",employment_workforce,workers,1,True
279611,892,7068950,Cecilia Aguiar-Curry,Legislator,"I know I know we have much more to do. But without a single proposed amendment from the major opponents, we have already taken significant amendments to the bill based on your feedback, colleagues. Your feedback. I exempted small businesses and added strong guardrails. And I am committing to you today to remove section three from the bill and move a narrowed down version from statutory to intent language in Section one.",AB 2222,769,1659,False,substantive,4,I exempted small businesses and added strong guardrails.,editorial_independence,guardrails,1,True
279611,907,7068965,Damon Connolly,Legislator,"Thank you, mister speaker and members. I rise today in strong support of AB 1776. AB 1776 is necessary to fix long overdue issues, and many of us who have practiced in antitrust have been well aware of these issues and inequities created by California antitrust law. This would help support our small businesses, consumers, and workers.",AB 2222,769,1659,False,substantive,4,"This would help support our small businesses, consumers, and workers.",employment_workforce,workers,1,True
279611,908,7068966,Damon Connolly,Legislator,"At a time, and my colleague mentioned this, when we are witnessing big corporations dominate markets and further strengthen their monopolies, this bill is critical towards increasing competitiveness and offering consumers, workers, and small businesses a chance to see the benefits they have produced.",AB 2222,769,1659,False,substantive,1,"At a time, and my colleague mentioned this, when we are witnessing big corporations dominate markets and further strengthen their monopolies, this bill is critical towards increasing competitiveness and offering consumers, workers, and small businesses a chance to see the benefits they have produced.",employment_workforce,workers,1,True
279611,914,7068972,Ash Kalra,Legislator,"And by ensuring that by allowing this bill to move forward, we're making it very clear that California, first of all, is not gonna fall behind so many other states that have already taken action, but that California honestly should be a leader on this. Much of that new economy is being created here, in California, and I think this puts some guardrails and some definition as to how we want that new economy to look like. And so I'm incredibly grateful, to the author, for bringing this forward.",AB 2222,769,1659,False,substantive,2,"Much of that new economy is being created here, in California, and I think this puts some guardrails and some definition as to how we want that new economy to look like.",editorial_independence,guardrails,1,True
279611,920,7068978,Mia Bonta,Legislator,"Big companies and private equity have won, while workers have faced depressed wages, consumers faced higher prices, and small businesses get a foot, can't even get a foot in the door. We see this most in the area of health care. The level of consolidation that we see is directly impacting patient experience, the quality of care, and the cost of that care at rates that are doubling and tripling and are quite frankly out of control.",AB 2222,769,1659,False,substantive,1,"Big companies and private equity have won, while workers have faced depressed wages, consumers faced higher prices, and small businesses get a foot, can't even get a foot in the door.",employment_workforce,workers; wages,1,True
279611,921,7068979,Mia Bonta,Legislator,"Currently, a single dominant company can engage in anti competitive conduct with no clear accountability under California state law, and that needs to change. The opposition to this bill believes perhaps that big money could stifle the needs of our constituents.",AB 2222,769,1659,False,substantive,1,"Currently, a single dominant company can engage in anti competitive conduct with no clear accountability under California state law, and that needs to change.",civic_effects,accountability,1,True
279611,922,7068980,Mia Bonta,Legislator,"Corporations, not people, benefit from the status quo, and the people are suffering with the wages and decreased and prices increased. AB 1776 supports lower costs and competition, which is healthy for our economy. I'm a proud coauthor of this legislation, and I urge an aye vote.",AB 2222,769,1659,False,substantive,1,"Corporations, not people, benefit from the status quo, and the people are suffering with the wages and decreased and prices increased.",employment_workforce,wages,1,True
279611,927,7068985,Rick Chavez Zbur,Legislator,"I think just removing section three alone is not enough to make sure that we are actually advancing competition and not thwarting it. So there do, there does need to be guardrails that are developed, and they need to be sort of specific.",AB 2222,769,1659,False,unclear,2,"So there do, there does need to be guardrails that are developed, and they need to be sort of specific.",editorial_independence,guardrails,1,True
279611,928,7068986,Rick Chavez Zbur,Legislator,"I acknowledge that one of the things I've always said about this bill is that by removing the federal guardrails, that is a lot of sort of the, the basis where people actually have safe harbors so that reducing prices alone is not gonna cause a lot of litigation. So when we would take out you know, there are some things we don't like about the federal jurisprudence, right, because they're not strong enough to protect what we want.",AB 2222,769,1659,False,substantive,1,"I acknowledge that one of the things I've always said about this bill is that by removing the federal guardrails, that is a lot of sort of the, the basis where people actually have safe harbors so that reducing prices alone is not gonna cause a lot of litigation.",editorial_independence,guardrails,1,True
279611,936,7068994,Tasha Boerner,Legislator,"5,000 people had to get jobs. It took some of those people because they're highly trained and highly specialized over a year to get a new job in San Diego. We saw what happened when the biotech sector collapsed in the great recession. I know that's not your intention, and I know you're gonna continue to work with us to make sure that we protect the businesses that make 8077 and San Diego a thriving place.",AB 2222,769,1659,False,substantive,1,"5,000 people had to get jobs.",employment_workforce,jobs,1,True
279611,936,7068994,Tasha Boerner,Legislator,"5,000 people had to get jobs. It took some of those people because they're highly trained and highly specialized over a year to get a new job in San Diego. We saw what happened when the biotech sector collapsed in the great recession. I know that's not your intention, and I know you're gonna continue to work with us to make sure that we protect the businesses that make 8077 and San Diego a thriving place.",AB 2222,769,1659,False,substantive,2,It took some of those people because they're highly trained and highly specialized over a year to get a new job in San Diego.,employment_workforce,job,1,True
279611,948,7069006,Cecilia Aguiar-Curry,Legislator,"But I know that even when after three and a half years, our work is not done. I've worked hard with antitrust experts to amend this bill to put in guardrails and exempt small businesses. No one wants to see more frivolous lawsuits, and our amendments make sure that won't happen. The bill has been amended to clearly exempt small businesses.",AB 2222,769,1659,False,substantive,2,I've worked hard with antitrust experts to amend this bill to put in guardrails and exempt small businesses.,editorial_independence,guardrails,1,True
279611,949,7069007,Cecilia Aguiar-Curry,Legislator,We added in guardrails to protect all businesses from frivolous litigation by requiring that plaintiffs prove that the accused business has enough market power to be able to harm their competitors.,AB 2222,769,1659,False,unclear,1,We added in guardrails to protect all businesses from frivolous litigation by requiring that plaintiffs prove that the accused business has enough market power to be able to harm their competitors.,editorial_independence,guardrails,1,True
279611,952,7069010,Cecilia Aguiar-Curry,Legislator,"But I will say that I need their proposals on how to make this bill better. Today, I can say our major opponents had offered none. The bill before you today takes a measured approach. It closes the loophole, but it works with California's existing antitrust framework. And ultimately, it is about preserving the opportunity for small business, workers, and communities across California to thrive.",AB 2222,769,1659,False,substantive,5,"And ultimately, it is about preserving the opportunity for small business, workers, and communities across California to thrive.",employment_workforce,workers,1,True
279611,968,6954799,Rick Chavez Zbur,Legislator,"Without proper guardrails, the cost to service new large energy facilities can create significant risks and burdens for existing residential and commercial customers. Furthermore, California has committed to ambitious climate and energy goals. In order for us to successfully meet our targets, we must ensure that electricity is affordable and that it will be fundamental to the state's transition.",AB 2222,769,1659,False,substantive,1,"Without proper guardrails, the cost to service new large energy facilities can create significant risks and burdens for existing residential and commercial customers.",editorial_independence,guardrails,1,True
279611,970,6954801,Rick Chavez Zbur,Legislator,"AB 2383 will ensure timely and efficient planning as the state prepares for the emergence of unprecedented demand on the electric grid and will be critical in protecting rate payers and advancing system wide reliability. This is about affordability. It's about making sure that rate payers do not pay for the cost of these data centers, but it also what makes it recognizes the value of data centers keeping, staying in California, and providing those jobs.",AB 2222,769,1659,False,substantive,3,"It's about making sure that rate payers do not pay for the cost of these data centers, but it also what makes it recognizes the value of data centers keeping, staying in California, and providing those jobs.",employment_workforce,jobs,1,True
279611,977,6954808,Jeff Gonzalez,Legislator,"Artificial intelligence is already reshaping our workforce. Just last month, more than 21,000 jobs were tied to AI related layoffs. So while we talk about innovation and economic growth, we also have to talk honestly about the real impacts these technologies may have on workers, families, and others, and other communities. I support responsible economic development. And in counties like Imperial where unemployment remains above 20%, families are looking for opportunity.",AB 2222,769,1659,False,substantive,1,Artificial intelligence is already reshaping our workforce.,employment_workforce,workforce,1,True
279611,977,6954808,Jeff Gonzalez,Legislator,"Artificial intelligence is already reshaping our workforce. Just last month, more than 21,000 jobs were tied to AI related layoffs. So while we talk about innovation and economic growth, we also have to talk honestly about the real impacts these technologies may have on workers, families, and others, and other communities. I support responsible economic development. And in counties like Imperial where unemployment remains above 20%, families are looking for opportunity.",AB 2222,769,1659,False,substantive,2,"Just last month, more than 21,000 jobs were tied to AI related layoffs.",employment_workforce,jobs,1,True
279611,977,6954808,Jeff Gonzalez,Legislator,"Artificial intelligence is already reshaping our workforce. Just last month, more than 21,000 jobs were tied to AI related layoffs. So while we talk about innovation and economic growth, we also have to talk honestly about the real impacts these technologies may have on workers, families, and others, and other communities. I support responsible economic development. And in counties like Imperial where unemployment remains above 20%, families are looking for opportunity.",AB 2222,769,1659,False,substantive,3,"So while we talk about innovation and economic growth, we also have to talk honestly about the real impacts these technologies may have on workers, families, and others, and other communities.",employment_workforce,workers,1,True
279611,978,6954809,Jeff Gonzalez,Legislator,"They want work. They want careers that can help their communities thrive and grow. But I also believe we have a responsibility to ensure our constituents are safe, informed, and protected. We can't ignore the environmental concerns, the strain on infrastructure, or the unanswered questions surrounding these projects. At the end of the day, my job is to balance both realities by supporting jobs and opportunity while making sure we're not putting our communities at risk.",AB 2222,769,1659,False,substantive,5,"At the end of the day, my job is to balance both realities by supporting jobs and opportunity while making sure we're not putting our communities at risk.",employment_workforce,job; jobs,1,True
279611,991,6944887,Gail Pellerin,Legislator,"Failure to secure additional funds will impact service to residents of Santa Cruz and Watsonville and will lead to significant metro employee layoffs and route cancellations. This Central Coast Caucus legislative priority bill simply gives voters in my district the power to decide the future of their transit system while protecting union jobs through a citizen's initiative. Please, members, let my district vote for the transit system they want for their county, one that will benefit you when you come visit Santa Cruz County.",AB 2222,769,1659,False,substantive,2,This Central Coast Caucus legislative priority bill simply gives voters in my district the power to decide the future of their transit system while protecting union jobs through a citizen's initiative.,employment_workforce,jobs,1,True
279611,1005,6947794,Josh Lowenthal,Legislator,We're gonna pass temporarily on file item one ten. We're gonna pass and retain on file item one eleven. We're gonna pass temporarily on file item one twelve. File item one thirteen is AB 2469 by Assemblymember Pappin. The clerk will read.,AB 2222,769,1659,False,substantive,2,We're gonna pass and retain on file item one eleven.,employment_workforce,retain,1,True
279611,1042,6976617,Josh Lowenthal,Legislator,"Clerk will close the roll, tally of votes. Aye 62 no 0. The measure passes. We're gonna pass and retain on file items 119, 120, 121, 122.",AB 2222,769,1659,False,substantive,4,"We're gonna pass and retain on file items 119, 120, 121, 122.",employment_workforce,retain,1,True
279611,1048,6968468,Heather Hadwick,Legislator,"Thank you, Mr. Speaker. I rise today as a proud joint author for this bill. This will tremendously help my rural Northern California counties. As a teacher that went through a second credential program online, I'm very appreciative, because I was able to teach full-time while I was doing that at Fresno State. My school district had—my town has 3,000 people and 30% of our teachers quit this year.",AB 2222,769,1659,False,substantive,4,"As a teacher that went through a second credential program online, I'm very appreciative, because I was able to teach full-time while I was doing that at Fresno State.",employment_workforce,full-time,1,True
279611,1061,6953344,Diane Papan,Legislator,"Alright. As promised, I'm back with data center bill number two as it relates to water. And, as California continues to see growth with data centers, consistent and reliable information about their ongoing water demand is increasingly important. So this bill, what it does is when you apply for your business license, you have to estimate to the local agency delivering the license how much water you think you're gonna use.",AB 2222,769,1659,False,substantive,3,"And, as California continues to see growth with data centers, consistent and reliable information about their ongoing water demand is increasingly important.",information_effects,reliable information,1,True
279611,1065,6954879,Josh Lowenthal,Legislator,"Clerk will close the roll, tally the votes. Ayes 44, noes 12. The measure passes. Gonna pass temporarily on file item 126. We've already dispensed with file item 127. We're gonna pass and retain on 128, 129. We've already dispensed with 130. Pass and retain on 131, 32, 33, 34, 35, 36. We've already dispensed with file item 37. Pass and retain on file item 138, 139.",AB 2222,769,1659,False,substantive,6,"We're gonna pass and retain on 128, 129.",employment_workforce,retain,1,True
279611,1065,6954879,Josh Lowenthal,Legislator,"Clerk will close the roll, tally the votes. Ayes 44, noes 12. The measure passes. Gonna pass temporarily on file item 126. We've already dispensed with file item 127. We're gonna pass and retain on 128, 129. We've already dispensed with 130. Pass and retain on 131, 32, 33, 34, 35, 36. We've already dispensed with file item 37. Pass and retain on file item 138, 139.",AB 2222,769,1659,False,substantive,8,"Pass and retain on 131, 32, 33, 34, 35, 36.",employment_workforce,retain,1,True
279611,1065,6954879,Josh Lowenthal,Legislator,"Clerk will close the roll, tally the votes. Ayes 44, noes 12. The measure passes. Gonna pass temporarily on file item 126. We've already dispensed with file item 127. We're gonna pass and retain on 128, 129. We've already dispensed with 130. Pass and retain on 131, 32, 33, 34, 35, 36. We've already dispensed with file item 37. Pass and retain on file item 138, 139.",AB 2222,769,1659,False,substantive,10,"Pass and retain on file item 138, 139.",employment_workforce,retain,1,True
279611,1087,6965298,Josh Lowenthal,Legislator,"Click will close the roll. Tally to vote Ayes 58, Noes 0. Measure passes. Passing or retain on 144 and 145 . File item 146 , that's AB 1740 by Assembly Member Zbur.",AB 2222,769,1659,False,substantive,4,Passing or retain on 144 and 145 .,employment_workforce,retain,1,True
279611,1104,6962859,Joe Patterson,Legislator,"Great. Thank you, mister speaker. I rise in support of this measure. The Coastal Commission has a propensity their their job is to enforce state statute, and this piece of legislation is a proposed state statute. The Coastal Commission has a propensity to send a state funded lobbyist to committees to oppose these pieces of legislation.",AB 2222,769,1659,False,substantive,4,"The Coastal Commission has a propensity their their job is to enforce state statute, and this piece of legislation is a proposed state statute.",employment_workforce,job,1,True
279611,1115,6962870,Rick Chavez Zbur,Legislator,We can't say in the coastal act in the coastal zone that we are supporting housing in the coastal zone and then do nothing to try to make sure that the housing in the coastal zone is expedited and approved. That's that is a job for another day. This will be something that the city of Santa Monica works out to try to make sure that they're able to sort of concentrate housing have housing in the urban core of Santa Monica.,AB 2222,769,1659,False,substantive,2,That's that is a job for another day.,employment_workforce,job,1,True
279611,1119,6962874,Josh Lowenthal,Legislator,"Clerk will close the roll, tally votes aye is 55, no zero. The measure passes. We're gonna pass and retain them file items 147, 48, 49, fifty, fifty one. We've already dispensed with file item 152. And before we get to file item one fifty three, we are actually gonna go back and take up file item one twelve.",AB 2222,769,1659,False,substantive,3,"We're gonna pass and retain them file items 147, 48, 49, fifty, fifty one.",employment_workforce,retain,1,True
279611,1153,6972513,Rebecca Bauer-Kahan,Legislator,"Ayes 53, noes zero. That measure passes. We will pass and retain on file item 155. Moving to file item 156, AB 1921. The Clerk will read.",AB 2222,769,1659,False,substantive,3,We will pass and retain on file item 155.,employment_workforce,retain,1,True
279611,1170,6841747,Rebecca Bauer-Kahan,Legislator,"All Members who desire it, the clerk will close the roll and tally the vote. Ayes 52, Noes 0. The measure passes. Moving to file item we'll pass and retain a file item 158. Moving to file item 159, AB 2101.",AB 2222,769,1659,False,substantive,4,Moving to file item we'll pass and retain a file item 158.,employment_workforce,retain,1,True
279611,1174,6841852,Mike Gipson,Legislator,"Thank you very much, Madam Speaker. I rise to present Assembly Bill 2101, which strengthens protection for disaster response workers to protect them from human trafficking. In the aftermath in the aftermath of natural disasters, recovery efforts are often driven by utilities crews, debris removal teams, construction workers, and electricians, and day workers. Despite the essential role they play, they often face widespread issues of wage theft.",AB 2222,769,1659,False,substantive,2,"I rise to present Assembly Bill 2101, which strengthens protection for disaster response workers to protect them from human trafficking.",employment_workforce,workers,1,True
279611,1174,6841852,Mike Gipson,Legislator,"Thank you very much, Madam Speaker. I rise to present Assembly Bill 2101, which strengthens protection for disaster response workers to protect them from human trafficking. In the aftermath in the aftermath of natural disasters, recovery efforts are often driven by utilities crews, debris removal teams, construction workers, and electricians, and day workers. Despite the essential role they play, they often face widespread issues of wage theft.",AB 2222,769,1659,False,substantive,3,"In the aftermath in the aftermath of natural disasters, recovery efforts are often driven by utilities crews, debris removal teams, construction workers, and electricians, and day workers.",employment_workforce,workers,1,True
279611,1174,6841852,Mike Gipson,Legislator,"Thank you very much, Madam Speaker. I rise to present Assembly Bill 2101, which strengthens protection for disaster response workers to protect them from human trafficking. In the aftermath in the aftermath of natural disasters, recovery efforts are often driven by utilities crews, debris removal teams, construction workers, and electricians, and day workers. Despite the essential role they play, they often face widespread issues of wage theft.",AB 2222,769,1659,False,substantive,4,"Despite the essential role they play, they often face widespread issues of wage theft.",employment_workforce,wage,1,True
279611,1175,6841853,Mike Gipson,Legislator,Assembly Bill 2101 addresses the need by requiring posting of know your rights materials for human traffic hotline information at designated disaster sites if able to for businesses for hiring employees of disaster response workers. This bill is essential. I respectfully ask for an aye vote on Assembly Bill 2101.,AB 2222,769,1659,False,substantive,1,Assembly Bill 2101 addresses the need by requiring posting of know your rights materials for human traffic hotline information at designated disaster sites if able to for businesses for hiring employees of disaster response workers.,employment_workforce,employees; workers; hiring,1,True
279611,1180,6841997,Jesse Gabriel,Legislator,"Thank you very much, Madam Speaker. I rise today to present AB 1915, which a measure that will support California's neighborhood restaurants by cutting red tape and modernizing outdated regulations. Neighborhood restaurants are the backbone of communities across California and employ one of the most diverse workforces in the state, but too many are continuing to struggle.",AB 2222,769,1659,False,substantive,3,"Neighborhood restaurants are the backbone of communities across California and employ one of the most diverse workforces in the state, but too many are continuing to struggle.",employment_workforce,employ,1,True
279611,1188,6842363,Jesse Gabriel,Legislator,"This bill would create a comprehensive straight ride strategy for homelessness prevention that would include coordinated action plans, identification of model best practices, and accountability measures to track progress.",AB 2222,769,1659,False,substantive,1,"This bill would create a comprehensive straight ride strategy for homelessness prevention that would include coordinated action plans, identification of model best practices, and accountability measures to track progress.",civic_effects,accountability,1,True
279611,1213,6842118,Jesse Gabriel,Legislator,"Thank you very much, madam speaker. I'm applied to present AB 2354, which expands the California Serves grant program for students in grades six through 12, helping schools build stronger and more sustained civic engagement opportunities. This bill has no opposition as received unanimous bipartisan support. Respectfully request an aye vote.",AB 2222,769,1659,False,substantive,2,"I'm applied to present AB 2354, which expands the California Serves grant program for students in grades six through 12, helping schools build stronger and more sustained civic engagement opportunities.",civic_effects,civic engagement,1,True
279611,1222,6843536,Committee Secretary,Person,"Assembly bill 1729 by Assembly member Lee and others, an act relating to state employment and declaring the urgency there for to take effect immediately.",AB 2222,769,1659,False,non_legislator,1,"Assembly bill 1729 by Assembly member Lee and others, an act relating to state employment and declaring the urgency there for to take effect immediately.",employment_workforce,employment,1,True
279611,1224,6843538,Alex Lee,Legislator,"Thank you, madam speaker. I rise to resend AB 1729 to update the telework policy for state agencies. This policy has not been amended or updated in over thirty years and does not reflect the technological opportunities of workplace realities in 2026. According to the state auditor report last year, if state workers telework three or more days weekly, the state could reduce office space by roughly 30% and save upwards of $2,225,000,000 annually.",AB 2222,769,1659,False,substantive,4,"According to the state auditor report last year, if state workers telework three or more days weekly, the state could reduce office space by roughly 30% and save upwards of $2,225,000,000 annually.",employment_workforce,workers,1,True
279611,1226,6843540,Alex Lee,Legislator,"According to the state according to the Sacramento bees reporting, more than 70 state offices could not state offices could not accommodate state workers ahead of Newsom's RTO order for July 2025. The RTO order did not acknowledge realities about office space, office leases, office equipment, or parking. The RTO order did not acknowledge employees that have been hired as remote workers over the last six years and may not be able to reallocate. Approximately three fourths of local governments offer hybrid schedules.",AB 2222,769,1659,False,substantive,1,"According to the state according to the Sacramento bees reporting, more than 70 state offices could not state offices could not accommodate state workers ahead of Newsom's RTO order for July 2025.",employment_workforce,workers,1,True
279611,1226,6843540,Alex Lee,Legislator,"According to the state according to the Sacramento bees reporting, more than 70 state offices could not state offices could not accommodate state workers ahead of Newsom's RTO order for July 2025. The RTO order did not acknowledge realities about office space, office leases, office equipment, or parking. The RTO order did not acknowledge employees that have been hired as remote workers over the last six years and may not be able to reallocate. Approximately three fourths of local governments offer hybrid schedules.",AB 2222,769,1659,False,substantive,3,The RTO order did not acknowledge employees that have been hired as remote workers over the last six years and may not be able to reallocate.,employment_workforce,employees; workers,1,True
279611,1227,6843541,Alex Lee,Legislator,"Looking at Indeed website, the following companies offer remote jobs like Amazon, Cisco, CVS, Humana, Salesforce, and Wells Fargo.",AB 2222,769,1659,False,unclear,1,"Looking at Indeed website, the following companies offer remote jobs like Amazon, Cisco, CVS, Humana, Salesforce, and Wells Fargo.",employment_workforce,jobs,1,True
279611,1228,6843542,Alex Lee,Legislator,"Remote and hybrid workplace are becoming a standard for a wide range of jobs. And this is a bill that also benefits greatly the constituents of the members from Folsom and Rockland. And I would really highly encourage you all to vote for this because we are asking our city departments to do so much, and this is a great way to improve the quality of life and cost of living for our hardworking state employees. Respectfully ask your aye vote.",AB 2222,769,1659,False,substantive,1,Remote and hybrid workplace are becoming a standard for a wide range of jobs.,employment_workforce,jobs,1,True
279611,1228,6843542,Alex Lee,Legislator,"Remote and hybrid workplace are becoming a standard for a wide range of jobs. And this is a bill that also benefits greatly the constituents of the members from Folsom and Rockland. And I would really highly encourage you all to vote for this because we are asking our city departments to do so much, and this is a great way to improve the quality of life and cost of living for our hardworking state employees. Respectfully ask your aye vote.",AB 2222,769,1659,False,substantive,3,"And I would really highly encourage you all to vote for this because we are asking our city departments to do so much, and this is a great way to improve the quality of life and cost of living for our hardworking state employees.",employment_workforce,employees,1,True
279611,1230,6843544,Josh Hoover,Legislator,"Thank you, madam speaker. I rise as a coauthor and in strong support of AB 1729, on this bipartisan measure. This, bill has a lot of benefits across the board. In my district specifically, obviously helps our state employees out a lot. And what we did a few years ago is we actually passed an audit out of this very building that really dove into the productivity and the effectiveness of remote work in state government.",AB 2222,769,1659,False,substantive,4,"In my district specifically, obviously helps our state employees out a lot.",employment_workforce,employees,1,True
279611,1232,6843546,Josh Hoover,Legislator,"In fact, we want to invest in our downtown and revitalize and reimagine our downtown core, but the but it is really critical that we allow these employees where it makes sense to continue working remotely. This gives state agencies the flexibility to do that with strongly urge an aye vote. Thank you.",AB 2222,769,1659,False,substantive,1,"In fact, we want to invest in our downtown and revitalize and reimagine our downtown core, but the but it is really critical that we allow these employees where it makes sense to continue working remotely.",employment_workforce,employees,1,True
279611,1236,6843550,Blanca Rubio,Legislator,"And I, again, I believe that this will disadvantage women, young women especially, that are trying to advance in their careers. Again, I appreciate all the benefits that were articulated, but I think as a female and we all talk about the the difference between the pay between, men and women, the promotional opportunities between men and women. And, I believe that two resumes being equal, the man will get the job if the female is not working in the office or everybody else is not working in the office.",AB 2222,769,1659,False,substantive,3,"And, I believe that two resumes being equal, the man will get the job if the female is not working in the office or everybody else is not working in the office.",employment_workforce,job,1,True
279611,1237,6843551,Blanca Rubio,Legislator,"Again, I appreciate the conversation about remote work. The other issue that I have is when we are hired, you are hired to do a job.",AB 2222,769,1659,False,substantive,2,"The other issue that I have is when we are hired, you are hired to do a job.",employment_workforce,job,1,True
279611,1238,6843552,Blanca Rubio,Legislator,"You were not hired to, do remote work. And I know there's some flexibility already in some of the departments. But when I took this job, for example, I knew that part of the job was to fly, was to have twelve, fourteen hour days. And I did that consciously even though I have two children that I care for for a while. I was a single mom.",AB 2222,769,1659,False,substantive,3,"But when I took this job, for example, I knew that part of the job was to fly, was to have twelve, fourteen hour days.",employment_workforce,job,1,True
279611,1245,6843559,Alexandra Macedo,Legislator,"Thank you, madam speaker. I have to rest respectfully disagree with my colleague from Clovis. You hear stories that people are more productive from home, but then you also hear stories like I have heard of state workers talk about how they only work a couple hours a day, but then they do house chores, or they get distracted by their kids. And we've seen them on the Zooms before. Now I think there are exceptions to this rule, but I think that it's overly broad.",AB 2222,769,1659,False,substantive,3,"You hear stories that people are more productive from home, but then you also hear stories like I have heard of state workers talk about how they only work a couple hours a day, but then they do house chores, or they get distracted by their kids.",employment_workforce,workers,1,True
279611,1248,6843562,Maggy Krell,Legislator,"Thank you, madam speaker. Good evenings. I'll I'll keep this brief. I have the honor here in Assembly District 6 of representing thousands of thousands of state workers. I've heard from many of them about their support for this bill.",AB 2222,769,1659,False,procedural,4,I have the honor here in Assembly District 6 of representing thousands of thousands of state workers.,employment_workforce,workers,1,True
279611,1249,6843563,Maggy Krell,Legislator,"I'm supporting it too. I think that employees, can slack off at the office just like they can slack off at home, and they can work hard and be productive at home just like they can do so at the office. It depends on the individual. This is an important bill. It adds flexibility.",AB 2222,769,1659,False,substantive,2,"I think that employees, can slack off at the office just like they can slack off at home, and they can work hard and be productive at home just like they can do so at the office.",employment_workforce,employees,1,True
279611,1250,6843564,Maggy Krell,Legislator,"It allows workers to maintain current levels of productivity, and it gives our state a chance to continue to evaluate. So I'm supporting this bill, and I appreciate all the constituents who have, reached out to me and my team on it. Thank you.",AB 2222,769,1659,False,procedural,1,"It allows workers to maintain current levels of productivity, and it gives our state a chance to continue to evaluate.",employment_workforce,workers,1,True
279611,1256,6843570,Sharon Quirk-Silva,Legislator,"Thank you, madam speaker. This bill actually not the legislation, but the issue came up through our budget sub five hearing last year. As last year, the Governor proclaimed a return to work that was supposed to go into effect last July. We had hundreds of state workers come through and voice, their opinion. And one of the things that we ask through our budget committee is are we prepared particularly here in the Sacramento area for thousands of work workers to return to work?",AB 2222,769,1659,False,substantive,4,"We had hundreds of state workers come through and voice, their opinion.",employment_workforce,workers,1,True
279611,1256,6843570,Sharon Quirk-Silva,Legislator,"Thank you, madam speaker. This bill actually not the legislation, but the issue came up through our budget sub five hearing last year. As last year, the Governor proclaimed a return to work that was supposed to go into effect last July. We had hundreds of state workers come through and voice, their opinion. And one of the things that we ask through our budget committee is are we prepared particularly here in the Sacramento area for thousands of work workers to return to work?",AB 2222,769,1659,False,substantive,5,And one of the things that we ask through our budget committee is are we prepared particularly here in the Sacramento area for thousands of work workers to return to work?,employment_workforce,workers,1,True
279611,1258,6843572,Sharon Quirk-Silva,Legislator,"But if you know many of the state workers, they are not taking, hour lunches to leave the building. They bring their lunches with them. So this economic activity, was overstated. But the biggest issue is had they vetted where these workers were returning to. The other issue is that California state workers aren't only in Sacramento.",AB 2222,769,1659,False,substantive,1,"But if you know many of the state workers, they are not taking, hour lunches to leave the building.",employment_workforce,workers,1,True
279611,1258,6843572,Sharon Quirk-Silva,Legislator,"But if you know many of the state workers, they are not taking, hour lunches to leave the building. They bring their lunches with them. So this economic activity, was overstated. But the biggest issue is had they vetted where these workers were returning to. The other issue is that California state workers aren't only in Sacramento.",AB 2222,769,1659,False,substantive,4,But the biggest issue is had they vetted where these workers were returning to.,employment_workforce,workers,1,True
279611,1258,6843572,Sharon Quirk-Silva,Legislator,"But if you know many of the state workers, they are not taking, hour lunches to leave the building. They bring their lunches with them. So this economic activity, was overstated. But the biggest issue is had they vetted where these workers were returning to. The other issue is that California state workers aren't only in Sacramento.",AB 2222,769,1659,False,substantive,5,The other issue is that California state workers aren't only in Sacramento.,employment_workforce,workers,1,True
279611,1259,6843573,Sharon Quirk-Silva,Legislator,"They're really across the state. Some are fish fish and wildlife. And are we really asking people to come back, for an urgency that maybe we all feel is necessary, and yet the data shows that we've had very productive workers. So I do support this bill for many reasons, but one of those include my four adult, children who are now between the ages of 30 to 37. And this is exactly what they are looking for.",AB 2222,769,1659,False,substantive,3,"And are we really asking people to come back, for an urgency that maybe we all feel is necessary, and yet the data shows that we've had very productive workers.",employment_workforce,workers,1,True
279611,1260,6843574,Sharon Quirk-Silva,Legislator,"My daughter actually works as a fund developer for Stanford Children's Hospital. She works remote in Fullerton and comes goes up to Palo Alto about once every six week, and she has a two year old. So people can be very effective in the office or out of the office. But certainly, this bill allows for workers to be in the office as well.",AB 2222,769,1659,False,substantive,4,"But certainly, this bill allows for workers to be in the office as well.",employment_workforce,workers,1,True
279611,1263,6843577,Liz Ortega,Legislator,"I thank you, mister speaker. I also rise in support of AB 1729. As labor and employment chair, one of the first hearings I held was related to, workers with disability. And for the first time, I heard from many of our state workers with disabilities who felt like they belonged in the workforce, who felt like they were seen with the ability to work from home. And that is a part of this conversation that hasn't been discussed.",AB 2222,769,1659,False,substantive,3,"As labor and employment chair, one of the first hearings I held was related to, workers with disability.",employment_workforce,employment; workers,1,True
279611,1263,6843577,Liz Ortega,Legislator,"I thank you, mister speaker. I also rise in support of AB 1729. As labor and employment chair, one of the first hearings I held was related to, workers with disability. And for the first time, I heard from many of our state workers with disabilities who felt like they belonged in the workforce, who felt like they were seen with the ability to work from home. And that is a part of this conversation that hasn't been discussed.",AB 2222,769,1659,False,substantive,4,"And for the first time, I heard from many of our state workers with disabilities who felt like they belonged in the workforce, who felt like they were seen with the ability to work from home.",employment_workforce,workers; workforce,1,True
279611,1264,6843578,Liz Ortega,Legislator,"We need to continue to provide accessibility for everyone, and that includes the ability to serve our state for workers with disability. Thank you. And that's why I'm supporting AB 1729.",AB 2222,769,1659,False,procedural,1,"We need to continue to provide accessibility for everyone, and that includes the ability to serve our state for workers with disability.",employment_workforce,workers,1,True
279611,1266,6843580,Alex Lee,Legislator,"Yes. Thank you, mister speaker. And I really appreciate the bipartisan robust debate we had. I understand some of the concerns that were expressed today, but this is a bill that has no formal opposition. This is a bill that folks who are state workers up or down the state of all genders have expressed to me how important it is for them.",AB 2222,769,1659,False,substantive,5,This is a bill that folks who are state workers up or down the state of all genders have expressed to me how important it is for them.,employment_workforce,workers,1,True
279611,1267,6843581,Alex Lee,Legislator,"Because since 2020, for the last six years, we have hired so many desk jobs who now work and live in more remote oh, sorry, more affordable places where they work remotely. Many folks cannot afford to come back to the big cities because they value obviously having more, more in their savings and also that work life balance. This is the modern reality that our Governor was very ingenious to create the work the telework policies, and this bill is about enshrining that.",AB 2222,769,1659,False,substantive,1,"Because since 2020, for the last six years, we have hired so many desk jobs who now work and live in more remote oh, sorry, more affordable places where they work remotely.",employment_workforce,jobs,1,True
279611,1268,6843582,Alex Lee,Legislator,"And also from 2020 to 2024, the state proudly displayed a dashboard of the savings and benefits of telework. This bill would bring that dashboard back so the public can see whether or not telework is working for the state. I respectfully ask for your aye vote so that we continue to support our state workers who support our goals. Thank you.",AB 2222,769,1659,False,substantive,3,I respectfully ask for your aye vote so that we continue to support our state workers who support our goals.,employment_workforce,workers,1,True
279611,1277,6843811,Carl DeMaio,Legislator,"Thank you, Mr. Speaker. I rise in strong opposition to AB 2152. While I absolutely support, our ongoing efforts to streamline CEQA, what we're doing is we're providing, a weapon for special interests with this bill. This bill says that if you get the relief that's common sense, you must do a a deal with a powerful special interest using a project labor agreement, mandatory union, hiring and contracting. What that means is that these projects will not be built in a fair and open manner.",AB 2222,769,1659,False,substantive,4,"This bill says that if you get the relief that's common sense, you must do a a deal with a powerful special interest using a project labor agreement, mandatory union, hiring and contracting.",employment_workforce,hiring,1,True
279611,1278,6843812,Carl DeMaio,Legislator,"You're telling 86% of construction workers that they don't deserve an opportunity to work on these projects. 86% of our construction workers are nonunion. This is not this is not a fair, equitable use of government authority. And what is particularly galling is that we know CEQA relief is needed, but you're trading that common sense relief in exchange to provide a special interest that has a lot of political support, that gives a lot of political support. Let me just correct myself there.",AB 2222,769,1659,False,substantive,1,You're telling 86% of construction workers that they don't deserve an opportunity to work on these projects.,employment_workforce,workers,1,True
279611,1278,6843812,Carl DeMaio,Legislator,"You're telling 86% of construction workers that they don't deserve an opportunity to work on these projects. 86% of our construction workers are nonunion. This is not this is not a fair, equitable use of government authority. And what is particularly galling is that we know CEQA relief is needed, but you're trading that common sense relief in exchange to provide a special interest that has a lot of political support, that gives a lot of political support. Let me just correct myself there.",AB 2222,769,1659,False,substantive,2,86% of our construction workers are nonunion.,employment_workforce,workers,1,True
279611,1283,6843817,Isaac Bryan,Legislator,"And then when they need support, building infrastructure that is desperately needed, it's our job to step up and do it.",AB 2222,769,1659,False,unclear,1,"And then when they need support, building infrastructure that is desperately needed, it's our job to step up and do it.",employment_workforce,job,1,True
279611,1286,6843820,Mark Gonzalez,Legislator,"Thank you, Mr. Speaker. Thank you to my colleague from San Diego, and thank you to my colleague from Culver City for this robust discussion. At the end of the day, this bill is about something pretty simple, making sure firefighters can do their job safely and effectively. Right now the demand is growing. The infrastructure is aging and the gap between the two is getting harder to ignore.",AB 2222,769,1659,False,substantive,3,"At the end of the day, this bill is about something pretty simple, making sure firefighters can do their job safely and effectively.",employment_workforce,job,1,True
279611,1305,6843380,Damon Connolly,Legislator,"Thank you, Mr. Speaker. Members, AB 2227 will provide comprehensive protections for domestic farm workers against wage theft. Domestic farm workers are the backbone of California's agricultural industry, yet they often are the victims of labor violations such as wage theft at the hands of their employers and farm labor contractors or FLCs. Because of the prevalence of labor violations, the state requires FLCs to purchase a surety bond.",AB 2222,769,1659,False,substantive,2,"Members, AB 2227 will provide comprehensive protections for domestic farm workers against wage theft.",employment_workforce,workers; wage,1,True
279611,1305,6843380,Damon Connolly,Legislator,"Thank you, Mr. Speaker. Members, AB 2227 will provide comprehensive protections for domestic farm workers against wage theft. Domestic farm workers are the backbone of California's agricultural industry, yet they often are the victims of labor violations such as wage theft at the hands of their employers and farm labor contractors or FLCs. Because of the prevalence of labor violations, the state requires FLCs to purchase a surety bond.",AB 2222,769,1659,False,substantive,3,"Domestic farm workers are the backbone of California's agricultural industry, yet they often are the victims of labor violations such as wage theft at the hands of their employers and farm labor contractors or FLCs.",employment_workforce,workers; wage,1,True
279611,1306,6843381,Damon Connolly,Legislator,"This bond functions as an added protection from exploitation and harmful work conditions, allowing workers to access bond funds to compensate for stolen wages or fines.",AB 2222,769,1659,False,substantive,1,"This bond functions as an added protection from exploitation and harmful work conditions, allowing workers to access bond funds to compensate for stolen wages or fines.",employment_workforce,workers; wages,1,True
279611,1307,6843382,Damon Connolly,Legislator,"AB 2227 simply will strengthen the farm labor contractor license renewal process, increase the surity bond amount, and create a default judgment to expedite wage recovery for workers. These changes will ensure that FLCs are held accountable and cannot leave workers high and dry. I respectfully ask for an aye vote.",AB 2222,769,1659,False,substantive,1,"AB 2227 simply will strengthen the farm labor contractor license renewal process, increase the surity bond amount, and create a default judgment to expedite wage recovery for workers.",employment_workforce,workers; wage,1,True
279611,1307,6843382,Damon Connolly,Legislator,"AB 2227 simply will strengthen the farm labor contractor license renewal process, increase the surity bond amount, and create a default judgment to expedite wage recovery for workers. These changes will ensure that FLCs are held accountable and cannot leave workers high and dry. I respectfully ask for an aye vote.",AB 2222,769,1659,False,substantive,2,These changes will ensure that FLCs are held accountable and cannot leave workers high and dry.,employment_workforce,workers,1,True
279611,1338,6845722,Avelino Valencia,Legislator,"Once again, thank you, Mr. Speaker. AB 2352 will clarify that nonprofit public benefit corporations that provide nonspecific mental health services may enroll into the Medi-Cal system through a PAVE process. This bill was recently amended in Assembly Appropriations to lower the cost to the state. With that, I respectfully ask for a yes vote.",AB 2222,769,1659,False,substantive,2,AB 2352 will clarify that nonprofit public benefit corporations that provide nonspecific mental health services may enroll into the Medi-Cal system through a PAVE process.,nonprofit_small_outlets,nonprofit,1,True
279611,1353,6847414,Josh Lowenthal,Legislator,"All members vote who desire to vote. Clerk will close the roll, tally the vote size 57 to zero. The measure passes. Pass and retain on file item one seventy four. File item one seventy five is AB 2475 by the Committee on Emergency Management, presented by Assembly Member Ransom.",AB 2222,769,1659,False,substantive,4,Pass and retain on file item one seventy four.,employment_workforce,retain,1,True
279611,1358,6846826,Rhodesia Ransom,Legislator,"This bill brings clarity, accountability, and timeliness to the after action reporting process by separating the response and recovery components into two distinct after action reports with clear deadlines.",AB 2222,769,1659,False,substantive,1,"This bill brings clarity, accountability, and timeliness to the after action reporting process by separating the response and recovery components into two distinct after action reports with clear deadlines.",civic_effects,accountability,1,True
279611,1361,6848036,Josh Lowenthal,Legislator,"Clerk will close the roll, tally the votes. Ayes 52, noes 5. The measure passes. Pass and retain on file items 176, 177. File item 178 is AB 2510 by Dr. Arambula. The Clerk will read.",AB 2222,769,1659,False,substantive,4,"Pass and retain on file items 176, 177.",employment_workforce,retain,1,True
279611,1387,6840253,Josh Lowenthal,Legislator,"Clerk will close the roll, tally votes size 57, no zero. The measure passes. We're gonna pass and retain on one eighty two, one eighty three. Violating on one eighty four is AB 2684 by Assemblymember Wynne. The clerk will read.",AB 2222,769,1659,False,substantive,3,"We're gonna pass and retain on one eighty two, one eighty three.",employment_workforce,retain,1,True
279611,1398,6840275,Alex Lee,Legislator,"This is a very straightforward bill, and I respectfully ask for I oh, before I say that, I'll also say that go if this bill should move to the Senate, I will be addressing concerns from affordable housing folks to make sure that nonprofit houses are able to receive the LIHTC credits. And I will also be taking amendments to ensure that it is very specific that this bill is about ICE, CPB, and the management directorate, not any other aspect of DHS, and also about procurement specifically.",AB 2222,769,1659,False,substantive,1,"This is a very straightforward bill, and I respectfully ask for I oh, before I say that, I'll also say that go if this bill should move to the Senate, I will be addressing concerns from affordable housing folks to make sure that nonprofit houses are able to receive the LIHTC credits.",nonprofit_small_outlets,nonprofit,1,True
279611,1407,6840321,Rick Chavez Zbur,Legislator,"While seeking a diagnosis, families are draining savings, taking second jobs, and choosing between a rent payment and a child's test or travel to a distant specialty center. Denying or delaying an FDA approved treatment could drive patients into hospital beds, operating rooms, and intensive care units. This doesn't reduce costs.",AB 2222,769,1659,False,substantive,1,"While seeking a diagnosis, families are draining savings, taking second jobs, and choosing between a rent payment and a child's test or travel to a distant specialty center.",employment_workforce,jobs,1,True
279611,1422,6840410,Committee Secretary,Person,"Assembly Bill 2304 by Assembly Member Lackey and others, an act relating to social workers.",AB 2222,769,1659,False,non_legislator,1,"Assembly Bill 2304 by Assembly Member Lackey and others, an act relating to social workers.",employment_workforce,workers,1,True
279611,1472,6841638,Committee Secretary,Person,Assembly Bill 1883 by Assemblymember Bryan an act relating to employment.,AB 2222,769,1659,False,non_legislator,1,Assembly Bill 1883 by Assemblymember Bryan an act relating to employment.,employment_workforce,employment,1,True
279611,1480,6848471,Jesse Gabriel,Legislator,"Thank you, Mr. Speaker. I'm proud to present AB 1836, which expands the eligible uses for the California Nonprofit Security Grant Program to include off-site events. Currently, the program allows funding to be used for physical security improvements at a nonprofit facility, but not for events hosted in the community, including celebrations, religious festivals, and cultural gatherings. AB 1836 provides a simple and practical fix by allowing nonprofits to use grant funding to help secure those events as well.",AB 2222,769,1659,False,substantive,2,"I'm proud to present AB 1836, which expands the eligible uses for the California Nonprofit Security Grant Program to include off-site events.",nonprofit_small_outlets,Nonprofit,1,True
279611,1480,6848471,Jesse Gabriel,Legislator,"Thank you, Mr. Speaker. I'm proud to present AB 1836, which expands the eligible uses for the California Nonprofit Security Grant Program to include off-site events. Currently, the program allows funding to be used for physical security improvements at a nonprofit facility, but not for events hosted in the community, including celebrations, religious festivals, and cultural gatherings. AB 1836 provides a simple and practical fix by allowing nonprofits to use grant funding to help secure those events as well.",AB 2222,769,1659,False,substantive,3,"Currently, the program allows funding to be used for physical security improvements at a nonprofit facility, but not for events hosted in the community, including celebrations, religious festivals, and cultural gatherings.",nonprofit_small_outlets,nonprofit,1,True
279611,1500,6849488,Jesse Gabriel,Legislator,This bill would establish the Office of Community Violence Intervention to be led by a full time director enabling more effective administration of the CalVIP program.,AB 2222,769,1659,False,substantive,1,This bill would establish the Office of Community Violence Intervention to be led by a full time director enabling more effective administration of the CalVIP program.,employment_workforce,full time,1,True
279611,1571,6974567,Lashae Sharp-Collins,Legislator,"Thank you, mister speaker and members. I rise to present assembly Bill 2108, which creates a statewide diversion option for low level nonviolent retail theft so offenders are held accountable without being pushed deeper into the justice system. Prop 36 promised voters, obviously, they promised for for for folks to be rehabilitated and to give them the opportunities, but also maintain the accountability. That is what diversion is.",AB 2222,769,1659,False,substantive,3,"Prop 36 promised voters, obviously, they promised for for for folks to be rehabilitated and to give them the opportunities, but also maintain the accountability.",civic_effects,accountability,1,True
279611,1573,6974569,Lashae Sharp-Collins,Legislator,"Assembly bill 2108 creates pathways into work, whether vocational and or apprenticeship programs to help lift individuals out of poverty and curve retail theft. The bill explains well, it actually excludes any theft that involves violence or threatened violence, organized retail theft offenses, and habitual repeat theft offenders. Furthermore, the bill ensures that judges retain suitability for diversion based on the actual case. This bill is not an anti prop 36 bill, but instead, it actually builds on the proposition's promise of consequences and also treatment.",AB 2222,769,1659,False,substantive,3,"Furthermore, the bill ensures that judges retain suitability for diversion based on the actual case.",employment_workforce,retain,1,True
279611,1596,6974592,Rhodesia Ransom,Legislator,"This is a rare case where we actually have the victims, which are the retailers, standing up and saying that we agree as the victims of organized theft that there has to be an opportunity to provide people with job training and skills. I come from a county that has a program that stands against retail theft.",AB 2222,769,1659,False,substantive,1,"This is a rare case where we actually have the victims, which are the retailers, standing up and saying that we agree as the victims of organized theft that there has to be an opportunity to provide people with job training and skills.",employment_workforce,job,1,True
279611,1599,6974595,Rhodesia Ransom,Legislator,"But what does happen alignment with prop 36, which already says that it refers to three offenses. Diversion can be eligible if the judge says so. If they has less than three offenses, if they are nonviolent offenses, and if they don't have any additional pending theft. So the fact that the retailer said, look, we wanna support giving these people an opportunity if the judge sees fit, because not every person's gonna be the same to actually give them a job, get job skills training.",AB 2222,769,1659,False,substantive,4,"So the fact that the retailer said, look, we wanna support giving these people an opportunity if the judge sees fit, because not every person's gonna be the same to actually give them a job, get job skills training.",employment_workforce,job,1,True
279611,1604,6974600,Rhodesia Ransom,Legislator,"And so what better service than to provide people who've had a first offense, a nonviolent offense, an offense that does not include any other crimes, an opportunity to get job training. Now when they come back, if you wanna come and say, hey, they went through that diversion program. They did it again.",AB 2222,769,1659,False,substantive,1,"And so what better service than to provide people who've had a first offense, a nonviolent offense, an offense that does not include any other crimes, an opportunity to get job training.",employment_workforce,job,1,True
279611,1612,6974608,Isaac Bryan,Legislator,"I wanna thank the author for her courage to step up and remind us that people are struggling, and judges should have the discretion to decide that struggling people who make mistakes, what that accountability can and should look like, and also be conscious of the impact of broader society at a time when we don't have the resources to lock everybody up who's struggling.",AB 2222,769,1659,False,substantive,1,"I wanna thank the author for her courage to step up and remind us that people are struggling, and judges should have the discretion to decide that struggling people who make mistakes, what that accountability can and should look like, and also be conscious of the impact of broader society at a time when we don't have the resources to lock everybody up who's struggling.",civic_effects,accountability,1,True
279611,1613,6974609,Isaac Bryan,Legislator,I also wanna be very clear. We talk about accountability for theft. None of this compares to the hundreds of millions of dollars of insider trading by the president of The United States right now. He didn't even have to ask for diversion. But the struggling mother who stole diapers from a Target?,AB 2222,769,1659,False,substantive,2,We talk about accountability for theft.,civic_effects,accountability,1,True
279611,1621,6974617,Tina McKinnor,Legislator,"Mister speaker, I rise today in support of AB 2108. This bill is about smart accountability. It's about making sure our justice system has the tools to address retail theft in a way that actually reduces repeat offenses and approves public safety. AB 2108 creates a structured diversion process for certain nonviolent theft offenses while still requiring prosecutors to carefully review eligibility, criminal history, and whether violence or threats were involved.",AB 2222,769,1659,False,substantive,2,This bill is about smart accountability.,civic_effects,accountability,1,True
279611,1623,6974619,Tina McKinnor,Legislator,"Members, we cannot arrest and incarcerate our way out of every challenge. If someone is struggling with substance abuse, mental health issue issues, poverty, or instability, and they're willing to participate in restitution, counseling, education, or rehabilitation, we should want the cycle to stop before it escalates any further. This bill says accountability matters, rehabilitation matters, victims matter, public safety matters. AB 2108 requires court to dismiss charges only only after individuals successfully complete the diversion requirements imposed by the court. And let's be honest, my friends.",AB 2222,769,1659,False,substantive,3,"This bill says accountability matters, rehabilitation matters, victims matter, public safety matters.",civic_effects,accountability,1,True
279611,1625,6974621,Tina McKinnor,Legislator,"Members, smart justice is not soft justice. Smart justice is effective justice. AB 2108 creates pathways to responsibility, restoration, and rehabilitation while preserving accountability and public safety. My district, A D 61, did not vote for prop 36. So I'm I'm I'm legislating as per my district.",AB 2222,769,1659,False,substantive,3,"AB 2108 creates pathways to responsibility, restoration, and rehabilitation while preserving accountability and public safety.",civic_effects,accountability,1,True
279611,1649,6974645,James Gallagher,Legislator,So that that's what Prop 36 did. And the gentleman from San Jose is completely disingenuous because he knows that he conspired with the governor to try and keep people from even voting on Prop 36. They didn't even want the people to vote. Yes. Mister democracy over there was trying to deprive people of the ability to vote on Prop 36.,AB 2222,769,1659,False,substantive,5,Mister democracy over there was trying to deprive people of the ability to vote on Prop 36.,civic_effects,democracy,1,True
279611,1650,6974646,James Gallagher,Legislator,"Good thing for us, they did actually get to vote. Democracy had its way and it passes over 70% of the vote. But I do think it's interesting some of these arguments being made on the floor, and I think I'm gonna make them myself. You know, my my constituents didn't vote for prop 50. So I guess we don't have to follow it.",AB 2222,769,1659,False,substantive,2,Democracy had its way and it passes over 70% of the vote.,civic_effects,Democracy,1,True
279661,291,10331729,Chris Ward,Legislator,"It's the most important thing of the morning. I'd like to begin with AB 2222, if that's okay?",AB 2222,288,691,True,unclear,2,"I'd like to begin with AB 2222, if that's okay?",bill_reference,AB 2222,1,True
279661,293,10331732,Chris Ward,Legislator,"So today, local journalism is under attack from every direction. Newsrooms across California are shrinking, reporters are being laid off, community newspapers are closing, and trusted local voices are disappearing. At the same time, we are witnessing increasing political attacks on a free and independent press with efforts to undermine journalists, discredit credible reporting, and weaken the institutions that hold power accountable. When a newsroom closes, communities lose more than just headlines. They lose watchdogs, transparency, and access to reliable local information.",AB 2222,288,691,False,substantive,1,"So today, local journalism is under attack from every direction.",local_news; journalists_reporters,local journalism; journalism,2,True
279661,293,10331732,Chris Ward,Legislator,"So today, local journalism is under attack from every direction. Newsrooms across California are shrinking, reporters are being laid off, community newspapers are closing, and trusted local voices are disappearing. At the same time, we are witnessing increasing political attacks on a free and independent press with efforts to undermine journalists, discredit credible reporting, and weaken the institutions that hold power accountable. When a newsroom closes, communities lose more than just headlines. They lose watchdogs, transparency, and access to reliable local information.",AB 2222,288,691,False,substantive,2,"Newsrooms across California are shrinking, reporters are being laid off, community newspapers are closing, and trusted local voices are disappearing.",journalists_reporters; news_organizations,reporters; Newsrooms; newspapers,2,True
279661,293,10331732,Chris Ward,Legislator,"So today, local journalism is under attack from every direction. Newsrooms across California are shrinking, reporters are being laid off, community newspapers are closing, and trusted local voices are disappearing. At the same time, we are witnessing increasing political attacks on a free and independent press with efforts to undermine journalists, discredit credible reporting, and weaken the institutions that hold power accountable. When a newsroom closes, communities lose more than just headlines. They lose watchdogs, transparency, and access to reliable local information.",AB 2222,288,691,False,substantive,3,"At the same time, we are witnessing increasing political attacks on a free and independent press with efforts to undermine journalists, discredit credible reporting, and weaken the institutions that hold power accountable.",journalists_reporters; news_organizations,journalists; press,2,True
279661,293,10331732,Chris Ward,Legislator,"So today, local journalism is under attack from every direction. Newsrooms across California are shrinking, reporters are being laid off, community newspapers are closing, and trusted local voices are disappearing. At the same time, we are witnessing increasing political attacks on a free and independent press with efforts to undermine journalists, discredit credible reporting, and weaken the institutions that hold power accountable. When a newsroom closes, communities lose more than just headlines. They lose watchdogs, transparency, and access to reliable local information.",AB 2222,288,691,False,substantive,4,"When a newsroom closes, communities lose more than just headlines.",news_organizations,newsroom,1,True
279661,293,10331732,Chris Ward,Legislator,"So today, local journalism is under attack from every direction. Newsrooms across California are shrinking, reporters are being laid off, community newspapers are closing, and trusted local voices are disappearing. At the same time, we are witnessing increasing political attacks on a free and independent press with efforts to undermine journalists, discredit credible reporting, and weaken the institutions that hold power accountable. When a newsroom closes, communities lose more than just headlines. They lose watchdogs, transparency, and access to reliable local information.",AB 2222,288,691,False,substantive,5,"They lose watchdogs, transparency, and access to reliable local information.",information_effects,local information,1,True
279661,294,10331733,Chris Ward,Legislator,"Local journal - excuse me, local journalists are often the only people attending city council meetings, school board meetings, and covering the issue, issues that directly affect Californians. So, AB 2222 is about investing in that public good. The bill establishes a targeted temporary tax credit to help local news organizations retain existing journalists, hire new reporters, and expand local coverage across California.",AB 2222,288,691,True,substantive,1,"Local journal - excuse me, local journalists are often the only people attending city council meetings, school board meetings, and covering the issue, issues that directly affect Californians.",local_news; journalists_reporters,local journalists; journalists,2,True
279661,294,10331733,Chris Ward,Legislator,"Local journal - excuse me, local journalists are often the only people attending city council meetings, school board meetings, and covering the issue, issues that directly affect Californians. So, AB 2222 is about investing in that public good. The bill establishes a targeted temporary tax credit to help local news organizations retain existing journalists, hire new reporters, and expand local coverage across California.",AB 2222,288,691,True,substantive,2,"So, AB 2222 is about investing in that public good.",bill_reference,AB 2222,1,True
279661,294,10331733,Chris Ward,Legislator,"Local journal - excuse me, local journalists are often the only people attending city council meetings, school board meetings, and covering the issue, issues that directly affect Californians. So, AB 2222 is about investing in that public good. The bill establishes a targeted temporary tax credit to help local news organizations retain existing journalists, hire new reporters, and expand local coverage across California.",AB 2222,288,691,True,substantive,3,"The bill establishes a targeted temporary tax credit to help local news organizations retain existing journalists, hire new reporters, and expand local coverage across California.",local_news; journalists_reporters; news_organizations; employment_workforce; tax_credit,local news; journalists; reporters; news organizations; hire; retain; tax credit,5,True
279661,295,10331734,Chris Ward,Legislator,"The latest amendments further strengthen the measure by expanding support to part time journalists, recognizing sole proprietors who operate local news outlets, and ensure that the credit reaches a broad range of local print, digital broadcast, and non profit news organizations that serve California communities.",AB 2222,288,691,False,substantive,1,"The latest amendments further strengthen the measure by expanding support to part time journalists, recognizing sole proprietors who operate local news outlets, and ensure that the credit reaches a broad range of local print, digital broadcast, and non profit news organizations that serve California communities.",local_news; journalists_reporters; news_organizations; employment_workforce,local news; journalists; news organizations; news outlets; part time,4,True
279661,296,10331735,Chris Ward,Legislator,"The bill also includes a strong accountability measure. Eligible organizations must publicly disclose ownership of governance, maintain correct... maintain corrections policies, carry media liability insurance, and cannot be controlled by political organizations or 501 c4 advocacy groups. These safeguards ensure that taxpayer dollars support independent community focused journalism, not political propaganda. At a time when misinformation is spreading and trusted local news is disappearing, California has an opportunity to invest in one of the cornerstones of our democracy.",AB 2222,288,691,False,substantive,1,The bill also includes a strong accountability measure.,civic_effects,accountability,1,True
279661,296,10331735,Chris Ward,Legislator,"The bill also includes a strong accountability measure. Eligible organizations must publicly disclose ownership of governance, maintain correct... maintain corrections policies, carry media liability insurance, and cannot be controlled by political organizations or 501 c4 advocacy groups. These safeguards ensure that taxpayer dollars support independent community focused journalism, not political propaganda. At a time when misinformation is spreading and trusted local news is disappearing, California has an opportunity to invest in one of the cornerstones of our democracy.",AB 2222,288,691,False,substantive,4,"These safeguards ensure that taxpayer dollars support independent community focused journalism, not political propaganda.",journalists_reporters,journalism,1,True
279661,296,10331735,Chris Ward,Legislator,"The bill also includes a strong accountability measure. Eligible organizations must publicly disclose ownership of governance, maintain correct... maintain corrections policies, carry media liability insurance, and cannot be controlled by political organizations or 501 c4 advocacy groups. These safeguards ensure that taxpayer dollars support independent community focused journalism, not political propaganda. At a time when misinformation is spreading and trusted local news is disappearing, California has an opportunity to invest in one of the cornerstones of our democracy.",AB 2222,288,691,False,substantive,5,"At a time when misinformation is spreading and trusted local news is disappearing, California has an opportunity to invest in one of the cornerstones of our democracy.",local_news; civic_effects; information_effects,local news; democracy; misinformation,3,True
279661,297,10331736,Chris Ward,Legislator,"With me to speak in support of the Community News Act, we have Jeff Knox, from, TTWN in San Francisco representing SAG-AFTRA and former Senator Steve Glazer.",AB 2222,288,691,True,substantive,1,"With me to speak in support of the Community News Act, we have Jeff Knox, from, TTWN in San Francisco representing SAG-AFTRA and former Senator Steve Glazer.",bill_reference; local_news,Community News Act; Community News,2,True
279661,298,10331737,Jeffery Knox,Person,"Thank you, Mister Chair and members, for the opportunity to speak today. My name is Jeff Knox. I'm a member of SAG-AFTRA's NorCal Local Board. I'm here on behalf of my union's a 160,000 members, many of whom are broadcasters like myself and who know firsthand the importance of quality journalism to a healthy society. Right now, situation is dire.",AB 2222,288,691,False,non_legislator,4,"I'm here on behalf of my union's a 160,000 members, many of whom are broadcasters like myself and who know firsthand the importance of quality journalism to a healthy society.",journalists_reporters,journalism,1,True
279661,299,10331738,Jeffery Knox,Person,"Last year, Congress eliminated over a billion dollars in funding for the corporation for public broadcasting, decimating available grants for local PBS and NPR affiliates. These cuts have prompted severe job losses at stations across the country, leaving many outlets, including those in California, scrambling for alternative funding. Broadcasters chose this business because we want to serve our community. We understand the importance of unbiased access to information.",AB 2222,288,691,False,non_legislator,2,"These cuts have prompted severe job losses at stations across the country, leaving many outlets, including those in California, scrambling for alternative funding.",employment_workforce,job,1,True
279661,300,10331739,Jeffery Knox,Person,"And sadly, the corporate dominated media space is becoming increasingly hostile to local journalists and our ability to keep our communities informed and our livelihood sustained.",AB 2222,288,691,False,non_legislator,1,"And sadly, the corporate dominated media space is becoming increasingly hostile to local journalists and our ability to keep our communities informed and our livelihood sustained.",local_news; journalists_reporters,local journalists; journalists,2,True
279661,301,10331740,Jeffery Knox,Person,Complicating things further is the harm wrought by AI technology and its ability to churn out unreliable and polarizing slop that diverts traffic away from the work of real journalists. Lawmakers need to step in and make the policy changes necessary to ensure continued access to the journalism that keeps our democracy thriving. Assemblymember Ward's AB 2222 is urgently needed. It makes funding available to incentivize the hiring of professional journalists.,AB 2222,288,691,True,non_legislator,1,Complicating things further is the harm wrought by AI technology and its ability to churn out unreliable and polarizing slop that diverts traffic away from the work of real journalists.,journalists_reporters,journalists,1,True
279661,301,10331740,Jeffery Knox,Person,Complicating things further is the harm wrought by AI technology and its ability to churn out unreliable and polarizing slop that diverts traffic away from the work of real journalists. Lawmakers need to step in and make the policy changes necessary to ensure continued access to the journalism that keeps our democracy thriving. Assemblymember Ward's AB 2222 is urgently needed. It makes funding available to incentivize the hiring of professional journalists.,AB 2222,288,691,True,non_legislator,2,Lawmakers need to step in and make the policy changes necessary to ensure continued access to the journalism that keeps our democracy thriving.,journalists_reporters; civic_effects,journalism; democracy,2,True
279661,301,10331740,Jeffery Knox,Person,Complicating things further is the harm wrought by AI technology and its ability to churn out unreliable and polarizing slop that diverts traffic away from the work of real journalists. Lawmakers need to step in and make the policy changes necessary to ensure continued access to the journalism that keeps our democracy thriving. Assemblymember Ward's AB 2222 is urgently needed. It makes funding available to incentivize the hiring of professional journalists.,AB 2222,288,691,True,non_legislator,3,Assemblymember Ward's AB 2222 is urgently needed.,bill_reference,AB 2222,1,True
279661,301,10331740,Jeffery Knox,Person,Complicating things further is the harm wrought by AI technology and its ability to churn out unreliable and polarizing slop that diverts traffic away from the work of real journalists. Lawmakers need to step in and make the policy changes necessary to ensure continued access to the journalism that keeps our democracy thriving. Assemblymember Ward's AB 2222 is urgently needed. It makes funding available to incentivize the hiring of professional journalists.,AB 2222,288,691,True,non_legislator,4,It makes funding available to incentivize the hiring of professional journalists.,journalists_reporters; employment_workforce,journalists; hiring,2,True
279661,303,10331742,Jeffery Knox,Person,"A $20,000 job retention credit to those who hire journalists is about keeping Californians armed with access to human-made news coverage. This is about preserving the economic viability for outlets of all sizes and preserving Californians' intellectual viability. This is about our freedom and our future. Thank you very much.",AB 2222,288,691,False,non_legislator,1,"A $20,000 job retention credit to those who hire journalists is about keeping Californians armed with access to human-made news coverage.",journalists_reporters; employment_workforce,journalists; job; hire; retention,2,True
279661,304,10331743,Steven Glazer,Person,"Thank you, Chair McNerney. What a treat to be back here in the capital. A different seat, but a joy and a pleasure to be here. I'm here on behalf of Rebuild Local News. It's a national, nonpartisan, nonprofit coalition developing and advancing effective public policies designed to strengthen community news and information.",AB 2222,288,691,False,non_legislator,4,I'm here on behalf of Rebuild Local News.,local_news,Local News,1,True
279661,304,10331743,Steven Glazer,Person,"Thank you, Chair McNerney. What a treat to be back here in the capital. A different seat, but a joy and a pleasure to be here. I'm here on behalf of Rebuild Local News. It's a national, nonpartisan, nonprofit coalition developing and advancing effective public policies designed to strengthen community news and information.",AB 2222,288,691,False,non_legislator,5,"It's a national, nonpartisan, nonprofit coalition developing and advancing effective public policies designed to strengthen community news and information.",local_news; nonprofit_small_outlets,community news; nonprofit,2,True
279661,305,10331744,Steven Glazer,Person,"You know, because I sat in the seats that you're in today, I know that part of really trying to do your job well is to have access to information, to know what's happening in your community, and you do that with your own outreach, with your own staff. But a key part of that is the storytelling that you hear from local news about what's happening, whether it's about health care issues or safety or schools or the environment or immigration.",AB 2222,288,691,False,non_legislator,1,"You know, because I sat in the seats that you're in today, I know that part of really trying to do your job well is to have access to information, to know what's happening in your community, and you do that with your own outreach, with your own staff.",employment_workforce,job,1,True
279661,305,10331744,Steven Glazer,Person,"You know, because I sat in the seats that you're in today, I know that part of really trying to do your job well is to have access to information, to know what's happening in your community, and you do that with your own outreach, with your own staff. But a key part of that is the storytelling that you hear from local news about what's happening, whether it's about health care issues or safety or schools or the environment or immigration.",AB 2222,288,691,False,non_legislator,2,"But a key part of that is the storytelling that you hear from local news about what's happening, whether it's about health care issues or safety or schools or the environment or immigration.",local_news,local news,1,True
279661,306,10331745,Steven Glazer,Person,"It's the storytelling that gives you the information that allows you to try to solve problems, try to make your communities a better place. And it has been said, independent news is in crisis. More than a third of outlets have closed in the last two decades.",AB 2222,288,691,False,non_legislator,2,"And it has been said, independent news is in crisis.",editorial_independence,independent news,1,True
279661,307,10331746,Steven Glazer,Person,"More than two-thirds of journalists have lost their jobs. And a key question that this bill tries to address is that what's the role of government in a place in which news wants to have a separation, a distance because they over they they they report on what what you and we do. But but this bill, Assembly bill 2222, does exactly the does it in exactly the right way through a tax credit.",AB 2222,288,691,False,non_legislator,1,More than two-thirds of journalists have lost their jobs.,journalists_reporters; employment_workforce,journalists; jobs,2,True
279661,307,10331746,Steven Glazer,Person,"More than two-thirds of journalists have lost their jobs. And a key question that this bill tries to address is that what's the role of government in a place in which news wants to have a separation, a distance because they over they they they report on what what you and we do. But but this bill, Assembly bill 2222, does exactly the does it in exactly the right way through a tax credit.",AB 2222,288,691,False,non_legislator,3,"But but this bill, Assembly bill 2222, does exactly the does it in exactly the right way through a tax credit.",tax_credit,tax credit,1,True
279661,308,10331747,Steven Glazer,Person,"Just as you provided a tax credit for Hollywood, you don't decide what movies get made or shows get made. This bill is done in a way that's that's, ownership neutral, platform neutral, content neutral.",AB 2222,288,691,False,non_legislator,1,"Just as you provided a tax credit for Hollywood, you don't decide what movies get made or shows get made.",tax_credit,tax credit,1,True
279661,309,10331748,Steven Glazer,Person,"Some of you have heard me say that, you know, there is more than 2,000 registered lobbyists here in Sacramento, but few of them have democracy on their client list. Measures like this don't have the power players that typically occupy a room like this. But we know that independent news gathering and reporting is the infrastructure of a democracy. Community news equips you, the people's representative, to do your best work.",AB 2222,288,691,False,non_legislator,1,"Some of you have heard me say that, you know, there is more than 2,000 registered lobbyists here in Sacramento, but few of them have democracy on their client list.",civic_effects,democracy,1,True
279661,309,10331748,Steven Glazer,Person,"Some of you have heard me say that, you know, there is more than 2,000 registered lobbyists here in Sacramento, but few of them have democracy on their client list. Measures like this don't have the power players that typically occupy a room like this. But we know that independent news gathering and reporting is the infrastructure of a democracy. Community news equips you, the people's representative, to do your best work.",AB 2222,288,691,False,non_legislator,3,But we know that independent news gathering and reporting is the infrastructure of a democracy.,civic_effects; editorial_independence,democracy; independent news,2,True
279661,309,10331748,Steven Glazer,Person,"Some of you have heard me say that, you know, there is more than 2,000 registered lobbyists here in Sacramento, but few of them have democracy on their client list. Measures like this don't have the power players that typically occupy a room like this. But we know that independent news gathering and reporting is the infrastructure of a democracy. Community news equips you, the people's representative, to do your best work.",AB 2222,288,691,False,non_legislator,4,"Community news equips you, the people's representative, to do your best work.",local_news,Community news,1,True
279661,313,10331754,Timothy Grayson,Legislator,"Mister Chair, thank you very much. And to Assemblymember Ward, one of the greatest compliments I ever had in this building was when I was called Assemblymember Ward. Yes. So, having said that, just a clarification on a qualified journalist.",AB 2222,288,691,False,procedural,4,"So, having said that, just a clarification on a qualified journalist.",journalists_reporters,journalist,1,True
279661,314,10331755,Timothy Grayson,Legislator,"If I understand it correctly, according to the bill analysis, the qualified journalist would be one that is working for a - that is a network or a news agency?",AB 2222,288,691,False,substantive,1,"If I understand it correctly, according to the bill analysis, the qualified journalist would be one that is working for a - that is a network or a news agency?",journalists_reporters,journalist,1,True
279661,315,10331756,Chris Ward,Legislator,"I believe so too. I know that we're taking a clarifying amendment, of course, to point out that a qualified journalist would reside in the state, would be a resident of the state.",AB 2222,288,691,False,substantive,2,"I know that we're taking a clarifying amendment, of course, to point out that a qualified journalist would reside in the state, would be a resident of the state.",journalists_reporters,journalist,1,True
279661,319,10331760,Chris Ward,Legislator,We'll double check on that and if that that is confusing. That's a part-time journalist for qualifying part time. Does it have a minimum number of hours?,AB 2222,288,691,False,substantive,2,That's a part-time journalist for qualifying part time.,journalists_reporters; employment_workforce,journalist; part-time; part time,2,True
279661,322,10331763,Timothy Grayson,Legislator,"It's important for me because you just I think you used the, one of the witnesses here, used the word multiple times: quality. And that's what I know you aspire for, and that's quality journalism. And so that's important to me to make sure that we're getting the right information, and exactly what you're trying to accomplish, and making sure that the biases are not in there. They're literally laying out the truth, and accurate information. I also wanna just thank my predecessor, for his great work on this.",AB 2222,288,691,False,substantive,2,"And that's what I know you aspire for, and that's quality journalism.",journalists_reporters,journalism,1,True
279661,327,10331768,Jerry McNerney,Legislator,"And I wanna thank my predecessor here as Chair, past Chair of the Revenue and Tax Committee, for your dedication to this issue. This is important. In my district, there's a big desert of journalistic independence and it's it's had an effect. There's sort of sloppy issues coming forward and not altogether truthful or verifiable and it's it's been harmful to our to our community. So, I appreciate this.",AB 2222,288,691,False,substantive,3,"In my district, there's a big desert of journalistic independence and it's it's had an effect.",editorial_independence,journalistic independence,1,True
279661,328,10331769,Jerry McNerney,Legislator,"And it's clear that, journalism isn't in decline. A lot of reasons beside behind this, I think, automation and, artificial intelligence are are gonna be making it even more difficult. So, we need to take whatever steps we can. And I wanna just put for the record, Assemblymember, are you accepting the committee amendments? Yes.",AB 2222,288,691,False,substantive,1,"And it's clear that, journalism isn't in decline.",journalists_reporters,journalism,1,True
279661,330,10331771,Chris Ward,Legislator,"I would just say, again, thank you for your time and consideration and all the hard work on this bill. Ultimately, this is both a jobs bill and a democracy bill. We are witnessing in real time the closure of stations that serve broad regions of our state with that trusted local news.",AB 2222,288,691,False,substantive,2,"Ultimately, this is both a jobs bill and a democracy bill.",civic_effects; employment_workforce,democracy; jobs,2,True
279661,330,10331771,Chris Ward,Legislator,"I would just say, again, thank you for your time and consideration and all the hard work on this bill. Ultimately, this is both a jobs bill and a democracy bill. We are witnessing in real time the closure of stations that serve broad regions of our state with that trusted local news.",AB 2222,288,691,False,substantive,3,We are witnessing in real time the closure of stations that serve broad regions of our state with that trusted local news.,local_news,local news,1,True
279661,333,10331774,Chris Ward,Legislator,"There's just a multitude of benefit that's here that I think, makes it worthy of this public investment of this tax credit. When the time is appropriate, I respectfully request your high vote. Thank you.",AB 2222,288,691,False,procedural,1,"There's just a multitude of benefit that's here that I think, makes it worthy of this public investment of this tax credit.",tax_credit,tax credit,1,True
279661,369,10331819,Tiyesha Watts,Person,"Good morning, Chair and Members. My name is Tiyesha Watts with the California Housing Partnership. The partnership is a private nonprofit created by the legislature and the governor in 1988 with the mission of increasing the supply of affordable and sustainable homes through technical assistance and policy leadership. We are proud to co-sponsor AB 2089 alongside our partners at Enterprise and the California Coalition for Affordable Housing.",AB 2222,288,691,False,non_legislator,3,The partnership is a private nonprofit created by the legislature and the governor in 1988 with the mission of increasing the supply of affordable and sustainable homes through technical assistance and policy leadership.,nonprofit_small_outlets,nonprofit,1,True
279661,370,10331821,Tiyesha Watts,Person,"This bill makes three targeted common sense fixes to the welfare exemption that together protect affordable housing, reduce administrative burden, and preserve housing stability for working families across California. First, the bill extends a critical but expiring protection for non profit affordable housing developments that receive low income housing tax credits.",AB 2222,288,691,False,non_legislator,2,"First, the bill extends a critical but expiring protection for non profit affordable housing developments that receive low income housing tax credits.",tax_credit,tax credits,1,True
279661,374,10331826,Tiyesha Watts,Person,"Today, many counties still require physical ink signatures, creating unnecessary delays and administrative costs for nonprofit housing developers managing hundreds of units. This is a simple overdue fix. Third, the bill requires counties to release annual tenant income recertification forms by November 15 each year.",AB 2222,288,691,False,non_legislator,1,"Today, many counties still require physical ink signatures, creating unnecessary delays and administrative costs for nonprofit housing developers managing hundreds of units.",nonprofit_small_outlets,nonprofit,1,True
279661,389,10331846,Matt Haney,Legislator,"They require skilled labor and custom materials, which can discourage development and leave buildings vacant and neighborhoods blighted. California has already recognized the value of preservation and conversion work through the California Historic Tax Credit, which provides a retroactive credit to completed projects that keep historic buildings alive and usable. However, that credit is set to expire at the end of the this year. Additionally, the credits were awarded on a first come first served basis, meaning tax credits were given to qualified applicants that simply submitted their applications first.",AB 2222,288,691,False,substantive,2,"California has already recognized the value of preservation and conversion work through the California Historic Tax Credit, which provides a retroactive credit to completed projects that keep historic buildings alive and usable.",tax_credit,Tax Credit,1,True
279661,389,10331846,Matt Haney,Legislator,"They require skilled labor and custom materials, which can discourage development and leave buildings vacant and neighborhoods blighted. California has already recognized the value of preservation and conversion work through the California Historic Tax Credit, which provides a retroactive credit to completed projects that keep historic buildings alive and usable. However, that credit is set to expire at the end of the this year. Additionally, the credits were awarded on a first come first served basis, meaning tax credits were given to qualified applicants that simply submitted their applications first.",AB 2222,288,691,False,substantive,4,"Additionally, the credits were awarded on a first come first served basis, meaning tax credits were given to qualified applicants that simply submitted their applications first.",tax_credit,tax credits,1,True
279661,390,10331847,Matt Haney,Legislator,"AB 1265 extends the sunset date of the historic tax credit by five years, and also prioritizes projects that preserve existing affordable housing, or convert historic buildings into housing, which ensures that the communities most impacted by vacancy and disinvestments see the greatest benefit.",AB 2222,288,691,False,substantive,1,"AB 1265 extends the sunset date of the historic tax credit by five years, and also prioritizes projects that preserve existing affordable housing, or convert historic buildings into housing, which ensures that the communities most impacted by vacancy and disinvestments see the greatest benefit.",tax_credit,tax credit,1,True
279661,393,10331851,Cindy Heitzman,Person,"At its core, this bill is about preserving California's historic places, giving them new life as housing, businesses, and community assets, but it's also about economic development. Across this state, vacant and underutilized historic buildings can meet some of California's most pressing needs, but financing gaps often stand in the way. And that's where the historic tax credits come in. 38 states have historic tax credit programs. They stimulate economic",AB 2222,288,691,False,non_legislator,3,And that's where the historic tax credits come in.,tax_credit,tax credits,1,True
279661,393,10331851,Cindy Heitzman,Person,"At its core, this bill is about preserving California's historic places, giving them new life as housing, businesses, and community assets, but it's also about economic development. Across this state, vacant and underutilized historic buildings can meet some of California's most pressing needs, but financing gaps often stand in the way. And that's where the historic tax credits come in. 38 states have historic tax credit programs. They stimulate economic",AB 2222,288,691,False,non_legislator,4,38 states have historic tax credit programs.,tax_credit,tax credit,1,True
279661,394,10331852,Cindy Heitzman,Person,"development and are proven fiscal multipliers. According to the National Trust for Historic Preservation, state's historic tax credit programs typically generate a dollar and 20¢or more in tax revenue for every dollar of credit awarded. They leverage private investment, create jobs, produce housing, expand local tax revenues, and revitalize downtowns, all while preserving the historic buildings that tell California story and define its character.",AB 2222,288,691,False,non_legislator,2,"According to the National Trust for Historic Preservation, state's historic tax credit programs typically generate a dollar and 20¢or more in tax revenue for every dollar of credit awarded.",tax_credit,tax credit,1,True
279661,394,10331852,Cindy Heitzman,Person,"development and are proven fiscal multipliers. According to the National Trust for Historic Preservation, state's historic tax credit programs typically generate a dollar and 20¢or more in tax revenue for every dollar of credit awarded. They leverage private investment, create jobs, produce housing, expand local tax revenues, and revitalize downtowns, all while preserving the historic buildings that tell California story and define its character.",AB 2222,288,691,False,non_legislator,3,"They leverage private investment, create jobs, produce housing, expand local tax revenues, and revitalize downtowns, all while preserving the historic buildings that tell California story and define its character.",employment_workforce,jobs,1,True
279661,396,10331855,Jonah Henderson,Person,"Started with good morning, but I guess we can still do that. It's slow getting there. My name is Jonah Henderson, and I'm a real estate developer. I'm also one of the recipients of the California State Historic Historic Tax Credit, and I'm here to support the passage of AB 1265. Please have a look at your, presentation while you listen.",AB 2222,288,691,False,non_legislator,4,"I'm also one of the recipients of the California State Historic Historic Tax Credit, and I'm here to support the passage of AB 1265.",tax_credit,Tax Credit,1,True
279661,397,10331856,Jonah Henderson,Person,"Over the last decade, I've had the exciting opportunity to help redefine the future of Alameda Point. The former naval air station in Alameda closed in 1996 through the redevelopment of one building at the heart of it all. Building 8, now the Storehouse Lofts, at the center of the former Naval Air Station, is an exemplary historic adaptive reuse project, enabling economic revitalization of the former naval base and the preservation of California's history, and was financed in part by the federal and the California historic tax credit programs.",AB 2222,288,691,False,non_legislator,3,"Building 8, now the Storehouse Lofts, at the center of the former Naval Air Station, is an exemplary historic adaptive reuse project, enabling economic revitalization of the former naval base and the preservation of California's history, and was financed in part by the federal and the California historic tax credit programs.",tax_credit,tax credit,1,True
279661,398,10331857,Jonah Henderson,Person,"Over nearly a decade, our redevelopment transformed 270,000 square feet of abandoned naval office warehouse into 200 lofts rented as businesses and residences. The tax credits helped facilitate hundreds of jobs during the redevelopment phase, including during the pandemic.",AB 2222,288,691,False,non_legislator,2,"The tax credits helped facilitate hundreds of jobs during the redevelopment phase, including during the pandemic.",employment_workforce; tax_credit,jobs; tax credits,2,True
279661,400,10331859,Jonah Henderson,Person,"Today, business activity from all stripes of entrepreneurs, from artists to architects to attorneys, dining establishments, combined with ongoing city, property, sales, tax, provide an economic engine in a former economic desert, creating a precedent for future redevelopment and preservation in the surrounding historic neighborhoods, and proving the substantial and long lasting impact and the value of the California historic tax credit. Thank you.",AB 2222,288,691,False,non_legislator,1,"Today, business activity from all stripes of entrepreneurs, from artists to architects to attorneys, dining establishments, combined with ongoing city, property, sales, tax, provide an economic engine in a former economic desert, creating a precedent for future redevelopment and preservation in the surrounding historic neighborhoods, and proving the substantial and long lasting impact and the value of the California historic tax credit.",tax_credit,tax credit,1,True
279661,422,10331884,Matt Haney,Legislator,"Despite prior efforts to increase oversight and accountability, serious concerns continue. Following inspections of a newly opened private detention facility in Kern County, the attorney general reported dangerous living conditions and a lack of medical, adequate medical care including insufficient medical staff, hygiene products, and inadequate food and water. At the same time, these private companies operating in our state continue to generate billions of dollars through government contracts, while Californians and immigrant families bear the human and community cost of this private detention.",AB 2222,288,691,False,substantive,1,"Despite prior efforts to increase oversight and accountability, serious concerns continue.",civic_effects,accountability,1,True
279661,424,10331886,Matt Haney,Legislator,"We already apply industry specific taxes and fees where sectors create significant public costs, including in health care, tobacco, and oil extraction. AB 1633 follows that same principle of accountability and revenue generated by this bill where we reinvested into the due process for all fund to provide immigration related services and support communities impacted by detention enforcement actions. AB 1633 is about accountability, protecting California communities, and ensuring our laws do not reward private profiteering from detention.",AB 2222,288,691,False,substantive,2,AB 1633 follows that same principle of accountability and revenue generated by this bill where we reinvested into the due process for all fund to provide immigration related services and support communities impacted by detention enforcement actions.,civic_effects,accountability,1,True
279661,424,10331886,Matt Haney,Legislator,"We already apply industry specific taxes and fees where sectors create significant public costs, including in health care, tobacco, and oil extraction. AB 1633 follows that same principle of accountability and revenue generated by this bill where we reinvested into the due process for all fund to provide immigration related services and support communities impacted by detention enforcement actions. AB 1633 is about accountability, protecting California communities, and ensuring our laws do not reward private profiteering from detention.",AB 2222,288,691,False,substantive,3,"AB 1633 is about accountability, protecting California communities, and ensuring our laws do not reward private profiteering from detention.",civic_effects,accountability,1,True
279661,426,10331888,Bruno Huizar,Person,"Good morning, Chair, members, and staff. My name is Bruno Huizar with the California Immigrant Policy Center. We are a proud cosponsor of AB 1633 because it holds private detention companies accountable for profit custody. Private companies are generating hundreds of millions in annual revenue right here in California, from detaining Californians and separating California families. Each year, for profit private detention facilities detain tens of thousands of Californians in inhumane conditions with little to no accountability, threatening the health, safety, and constitutional rights of Californians.",AB 2222,288,691,False,non_legislator,5,"Each year, for profit private detention facilities detain tens of thousands of Californians in inhumane conditions with little to no accountability, threatening the health, safety, and constitutional rights of Californians.",civic_effects,accountability,1,True
279661,428,10331890,Bruno Huizar,Person,"The tax that AB 63 proposes is an accountability mechanism that the state of California has the authority to impose on private companies that subject Californians to inhumane conditions, medical neglect, and even death.",AB 2222,288,691,False,non_legislator,1,"The tax that AB 63 proposes is an accountability mechanism that the state of California has the authority to impose on private companies that subject Californians to inhumane conditions, medical neglect, and even death.",civic_effects,accountability,1,True
279661,437,10331899,Carlos Lopez,Person,Good morning. Carlos Lopez with the California School Employees Association in support.,AB 2222,288,691,False,non_legislator,2,Carlos Lopez with the California School Employees Association in support.,employment_workforce,Employees,1,True
279661,440,10331903,Camden Sai,Person,"Good morning, Mr. Chair, Senator Grayson, Camden Sai with the California Immigrant Policy Center, here in support, also Indivisible California State Strong, Indivisible East Bay Area, Indivisible Euclid, Indivisible Fair Oaks Carmichael, Indivisible Palo Alto Plus, Inland Coalition for Immigrant Justice, Interfaith Movement for Human Integrity, Jewish Family and Children's Services East Bay, Justice to Jobs Coalition, Kern Welcoming, Extending Solidarity to Immigrants, La Defensea, and LA Voice. Thank you.",AB 2222,288,691,False,non_legislator,1,"Good morning, Mr. Chair, Senator Grayson, Camden Sai with the California Immigrant Policy Center, here in support, also Indivisible California State Strong, Indivisible East Bay Area, Indivisible Euclid, Indivisible Fair Oaks Carmichael, Indivisible Palo Alto Plus, Inland Coalition for Immigrant Justice, Interfaith Movement for Human Integrity, Jewish Family and Children's Services East Bay, Justice to Jobs Coalition, Kern Welcoming, Extending Solidarity to Immigrants, La Defensea, and LA Voice.",employment_workforce,Jobs,1,True
279661,442,10331906,Anieli Martin,Person,"Anaelli Martin, registering support for California Immigration Project, California National Organization For Women, California Partnership to End Domestic Violence, California Work and Family Coalition, California United for a Responsible Budget, Canal Alliance, Central Valley Immigration Integration Collaborative, CHISPA, Communities United for Restorative Youth Justice, Courage California Direct Policy Alliance, Latino Health Access, Legal Aid At Work, Community Advocacy Network, Community Organizing Project, New Light Wellness, NorCal Resist, Orange County Equality Coalition, Orange County Rapid Response Network, Parent Voices California, Filipino Workers Center Southern California, and Public Council.",AB 2222,288,691,False,non_legislator,1,"Anaelli Martin, registering support for California Immigration Project, California National Organization For Women, California Partnership to End Domestic Violence, California Work and Family Coalition, California United for a Responsible Budget, Canal Alliance, Central Valley Immigration Integration Collaborative, CHISPA, Communities United for Restorative Youth Justice, Courage California Direct Policy Alliance, Latino Health Access, Legal Aid At Work, Community Advocacy Network, Community Organizing Project, New Light Wellness, NorCal Resist, Orange County Equality Coalition, Orange County Rapid Response Network, Parent Voices California, Filipino Workers Center Southern California, and Public Council.",employment_workforce,Workers,1,True
279661,460,10331927,Rebecca Bauer-Kahan,Legislator,"I'm proud to present AB 2084, which promotes continuity of services and prevents disruptions to California's nonprofit organizations. Recently, we've experienced a notable increase in federal scrutiny and rhetoric directed at our nonprofit organizations regarding their tax exempt status, creating a level of uncertainty that extends beyond established legal eligibility standards and raises serious concerns about stability and predictability. This creates risk for California based organizations that are otherwise fully compliant with federal and state law, but are caught up in shifting federal actions or narratives.",AB 2222,288,691,False,substantive,1,"I'm proud to present AB 2084, which promotes continuity of services and prevents disruptions to California's nonprofit organizations.",nonprofit_small_outlets,nonprofit,1,True
279661,460,10331927,Rebecca Bauer-Kahan,Legislator,"I'm proud to present AB 2084, which promotes continuity of services and prevents disruptions to California's nonprofit organizations. Recently, we've experienced a notable increase in federal scrutiny and rhetoric directed at our nonprofit organizations regarding their tax exempt status, creating a level of uncertainty that extends beyond established legal eligibility standards and raises serious concerns about stability and predictability. This creates risk for California based organizations that are otherwise fully compliant with federal and state law, but are caught up in shifting federal actions or narratives.",AB 2222,288,691,False,substantive,2,"Recently, we've experienced a notable increase in federal scrutiny and rhetoric directed at our nonprofit organizations regarding their tax exempt status, creating a level of uncertainty that extends beyond established legal eligibility standards and raises serious concerns about stability and predictability.",nonprofit_small_outlets,nonprofit,1,True
279661,466,10331933,Jennifer Fearing,Person,"Thank you, Mister Chair. Jennifer Fearing, Sacramento advocate for California Association of Nonprofits. It's a 10,000 member organization, statewide policy alliance. Cal Nonprofits is pleased to sponsor AB 2084 and grateful to the author for helping protect the stability of California's nonprofit sector. Since 2008, nonprofits can pursue state tax exempt status expeditiously by filing the FTB's 3,500 a form that relies on the Federal Government's 501c3 determination.",AB 2222,288,691,False,non_legislator,4,Cal Nonprofits is pleased to sponsor AB 2084 and grateful to the author for helping protect the stability of California's nonprofit sector.,nonprofit_small_outlets,nonprofit,1,True
279661,467,10331934,Jennifer Fearing,Person,"Almost a quarter of California's nonprofits have utilized this process. This reliance on the federal approval creates an efficiency, but also precarity. If the Federal Government revokes a nonprofit's, tax exempt status even for political reasons, the FTB is required to automatically revoke their state status as well. The FTB currently lacks that authority to delay or evaluate the merits of the actions for nonprofits that use the streamline process.",AB 2222,288,691,False,non_legislator,3,"If the Federal Government revokes a nonprofit's, tax exempt status even for political reasons, the FTB is required to automatically revoke their state status as well.",nonprofit_small_outlets,nonprofit,1,True
279661,470,10331937,Jennifer Fearing,Person,"With their take tax exempt status in jeopardy, a nonprofit can find its grants and payments frozen, face new tax liabilities, and possibly have to reduce essential services to vulnerable people. This is a common sense solution giving the FTB discretion to evaluate the appropriateness of state tax status and if a federal rotation was due, not to a non filing fraud or misconduct issue. It does not lower the bar for tax exemption.",AB 2222,288,691,False,non_legislator,1,"With their take tax exempt status in jeopardy, a nonprofit can find its grants and payments frozen, face new tax liabilities, and possibly have to reduce essential services to vulnerable people.",nonprofit_small_outlets,nonprofit,1,True
279661,483,10331953,Sade Elhawary,Legislator,"Thank you so much. Good morning, Mr. Chair and Members. I'm proud to present AB 2403, a bill focused on keeping commercial production jobs here in California for our workers, our businesses, and our local economies. California has long been a hub for commercial production. We have the crews, the infrastructure, and the talent that built this industry.",AB 2222,288,691,False,substantive,3,"I'm proud to present AB 2403, a bill focused on keeping commercial production jobs here in California for our workers, our businesses, and our local economies.",employment_workforce,workers; jobs,1,True
279661,484,10331954,Sade Elhawary,Legislator,"But we are losing that work. Over the past decade, California's share of nationally aired commercials has dropped from about 50% to 25%. In LA alone, production has declined by 35% in just five years. That decline has real consequences. It means fewer jobs for skilled workers, fewer opportunities for people trying to get their foot in the door, and less investment in our local communities. Commercial production is highly mobile.",AB 2222,288,691,False,substantive,5,"It means fewer jobs for skilled workers, fewer opportunities for people trying to get their foot in the door, and less investment in our local communities.",employment_workforce,workers; jobs,1,True
279661,485,10331955,Sade Elhawary,Legislator,"And right now, other states are actively competing for this work and winning because they are offered targeted incentives. At the same time, California remains one of the only major production states without a dedicated commercial production tax credit. This bill is supported by labor organizations representing the very workers who power this industry every day. It protects good paying, middle class jobs and the workers who depend on them.",AB 2222,288,691,False,substantive,2,"At the same time, California remains one of the only major production states without a dedicated commercial production tax credit.",tax_credit,tax credit,1,True
279661,485,10331955,Sade Elhawary,Legislator,"And right now, other states are actively competing for this work and winning because they are offered targeted incentives. At the same time, California remains one of the only major production states without a dedicated commercial production tax credit. This bill is supported by labor organizations representing the very workers who power this industry every day. It protects good paying, middle class jobs and the workers who depend on them.",AB 2222,288,691,False,substantive,3,This bill is supported by labor organizations representing the very workers who power this industry every day.,employment_workforce,workers,1,True
279661,485,10331955,Sade Elhawary,Legislator,"And right now, other states are actively competing for this work and winning because they are offered targeted incentives. At the same time, California remains one of the only major production states without a dedicated commercial production tax credit. This bill is supported by labor organizations representing the very workers who power this industry every day. It protects good paying, middle class jobs and the workers who depend on them.",AB 2222,288,691,False,substantive,4,"It protects good paying, middle class jobs and the workers who depend on them.",employment_workforce,workers; jobs,1,True
279661,486,10331956,Sade Elhawary,Legislator,"Our labor partners know that when productions leave, careers leave with it. AB 2403 is about closing that gap. It creates a target incentive to keep commercials and their production here so we can retain jobs, support our workforce, and ensure this industry continues to grow in the state that built it. These jobs also create real pathways, including for individuals looking to enter or reenter the workforce and build stable careers.",AB 2222,288,691,False,substantive,3,"It creates a target incentive to keep commercials and their production here so we can retain jobs, support our workforce, and ensure this industry continues to grow in the state that built it.",employment_workforce,workforce; jobs; retain,1,True
279661,486,10331956,Sade Elhawary,Legislator,"Our labor partners know that when productions leave, careers leave with it. AB 2403 is about closing that gap. It creates a target incentive to keep commercials and their production here so we can retain jobs, support our workforce, and ensure this industry continues to grow in the state that built it. These jobs also create real pathways, including for individuals looking to enter or reenter the workforce and build stable careers.",AB 2222,288,691,False,substantive,4,"These jobs also create real pathways, including for individuals looking to enter or reenter the workforce and build stable careers.",employment_workforce,workforce; jobs,1,True
279661,491,10331960,David González,Person,"When that happens, California loses jobs for crew members, opportunities for small businesses, customers for equipment vendors, post production facilities, transportation providers, and local communities that support production. AB 2403 addresses the gap in California's film incentive framework with a targeted and measured solution.",AB 2222,288,691,False,non_legislator,1,"When that happens, California loses jobs for crew members, opportunities for small businesses, customers for equipment vendors, post production facilities, transportation providers, and local communities that support production.",employment_workforce,jobs,1,True
279661,493,10344563,David González,Person,"As California implements expanded film and TV tax credit program, commercial work remains an important bridge between larger productions for the workforce, vendors, and other stakeholders that support our industry. California remains the best place in the world to make content.",AB 2222,288,691,False,non_legislator,1,"As California implements expanded film and TV tax credit program, commercial work remains an important bridge between larger productions for the workforce, vendors, and other stakeholders that support our industry.",employment_workforce; tax_credit,workforce; tax credit,2,True
279661,494,10331962,David González,Person,"But without a competitive framework, we're pricing ourselves out of an important segment of the film industry we once dominated. AB 2403 will help stabilize employment for skilled workers. It will support small businesses that depend on production activity, and it will ensure that California remains a leader across the full spectrum of production. We respectfully ask for your aye vote on AB 2403.",AB 2222,288,691,False,non_legislator,2,AB 2403 will help stabilize employment for skilled workers.,employment_workforce,employment; workers,1,True
279661,497,10331966,Rudy Reyes,Person,"Every day I work with young people who are fighting for a second chance, and I stand before you today to talk about an opportunity that connects economic policy with public safety, workforce development, and human potential. I'm here today representing the thousands of skilled workers who rely on commercial production to make a living.",AB 2222,288,691,False,non_legislator,1,"Every day I work with young people who are fighting for a second chance, and I stand before you today to talk about an opportunity that connects economic policy with public safety, workforce development, and human potential.",employment_workforce,workforce,1,True
279661,497,10331966,Rudy Reyes,Person,"Every day I work with young people who are fighting for a second chance, and I stand before you today to talk about an opportunity that connects economic policy with public safety, workforce development, and human potential. I'm here today representing the thousands of skilled workers who rely on commercial production to make a living.",AB 2222,288,691,False,non_legislator,2,I'm here today representing the thousands of skilled workers who rely on commercial production to make a living.,employment_workforce,workers,1,True
279661,498,10331967,Rudy Reyes,Person,"California has long been the global leader in film and television production. Through legislation like AB 1138, this body made a powerful statement that we are committed to keeping production and jobs that come with it here at home. But there is a gap in that vision. Commercial production, advertising, branded content, short form media is quietly leaving California at a rapid pace.",AB 2222,288,691,False,non_legislator,2,"Through legislation like AB 1138, this body made a powerful statement that we are committed to keeping production and jobs that come with it here at home.",employment_workforce,jobs,1,True
279661,499,10345325,Rudy Reyes,Person,"These are high frequency, fast moving productions that generate consistent jobs for crew members, electricians, grips, drivers, caterers, stylists, and countless entry level positions. Yet unlike film and television, they often do not qualify for meaningful tax incentives. I remember a time when I would do two to three Super Bowl commercials per year.",AB 2222,288,691,False,non_legislator,1,"These are high frequency, fast moving productions that generate consistent jobs for crew members, electricians, grips, drivers, caterers, stylists, and countless entry level positions.",employment_workforce,jobs,1,True
279661,501,10331970,Rudy Reyes,Person,"It is about thousands of jobs that could be filled by Californians, especially young people trying to enter their workforce, being exported out of state. Through RAMP, we work with justice impacted youth who are ready to work, ready to learn, and ready to contribute. What they need is access. Commercial production is uniquely positioned to provide that access. It offers shorter project cycles, more frequent hiring opportunities, and entry level positions. I respectfully ask for an aye vote on this.",AB 2222,288,691,False,non_legislator,1,"It is about thousands of jobs that could be filled by Californians, especially young people trying to enter their workforce, being exported out of state.",employment_workforce,workforce; jobs,1,True
279661,501,10331970,Rudy Reyes,Person,"It is about thousands of jobs that could be filled by Californians, especially young people trying to enter their workforce, being exported out of state. Through RAMP, we work with justice impacted youth who are ready to work, ready to learn, and ready to contribute. What they need is access. Commercial production is uniquely positioned to provide that access. It offers shorter project cycles, more frequent hiring opportunities, and entry level positions. I respectfully ask for an aye vote on this.",AB 2222,288,691,False,non_legislator,5,"It offers shorter project cycles, more frequent hiring opportunities, and entry level positions.",employment_workforce,hiring,1,True
279661,509,10331979,Timothy Grayson,Legislator,"So I also wanna apply the AI guardrails that are contained in this measure, and thank you for working with the committee to improve the bill. So that's very important. So really appreciate that. Thank you to the committee as well. With that, would you like to close?",AB 2222,288,691,False,substantive,1,"So I also wanna apply the AI guardrails that are contained in this measure, and thank you for working with the committee to improve the bill.",editorial_independence,guardrails,1,True
279661,541,10332012,Jennifer Tannehill,Person,"CalSavers was created by this body in 2016 to tackle California's retirement savings crisis. Since its launch in 2019, California has seen private employer plans grow by 15% with CalSavers, adding more than 630,000 accounts to supplement that coverage. However, multiple problems are facing the CalSavers program, which have affected implementation and require updating. AB 2650, the Save for All Workers Act, makes several technical updates to modernize the law, bringing the program closer to sustainability and maintaining employer compliance over time.",AB 2222,288,691,False,non_legislator,4,"AB 2650, the Save for All Workers Act, makes several technical updates to modernize the law, bringing the program closer to sustainability and maintaining employer compliance over time.",employment_workforce,Workers,1,True
279661,543,10332014,Gail Pellerin,Legislator,"The bill also clarifies that domestic employees are included in the program, ensuring that they have access to the same retirement as their boss. With me to testify in support is CalSavers' deputy director of policy, Tristan Woolacott.",AB 2222,288,691,False,unclear,1,"The bill also clarifies that domestic employees are included in the program, ensuring that they have access to the same retirement as their boss.",employment_workforce,employees,1,True
279661,545,10332016,Tristan Woolacott,Person,"Good afternoon, members of the committee. I'm Tristan Woolacott, deputy director for the CalSavers retirement savings board. CalSavers is a small agency within the State Treasurer's Office, headed by Treasurer Fiona Ma, and proud sponsor of AB 2650, the Save for All Workers Act. CalSavers is California's retirement savings program for employees who don't have one at work. To California employees, we function like most other workplace retirement programs, save for a few notable distinctions.",AB 2222,288,691,False,non_legislator,3,"CalSavers is a small agency within the State Treasurer's Office, headed by Treasurer Fiona Ma, and proud sponsor of AB 2650, the Save for All Workers Act.",employment_workforce,Workers,1,True
279661,545,10332016,Tristan Woolacott,Person,"Good afternoon, members of the committee. I'm Tristan Woolacott, deputy director for the CalSavers retirement savings board. CalSavers is a small agency within the State Treasurer's Office, headed by Treasurer Fiona Ma, and proud sponsor of AB 2650, the Save for All Workers Act. CalSavers is California's retirement savings program for employees who don't have one at work. To California employees, we function like most other workplace retirement programs, save for a few notable distinctions.",AB 2222,288,691,False,non_legislator,4,CalSavers is California's retirement savings program for employees who don't have one at work.,employment_workforce,employees,1,True
279661,545,10332016,Tristan Woolacott,Person,"Good afternoon, members of the committee. I'm Tristan Woolacott, deputy director for the CalSavers retirement savings board. CalSavers is a small agency within the State Treasurer's Office, headed by Treasurer Fiona Ma, and proud sponsor of AB 2650, the Save for All Workers Act. CalSavers is California's retirement savings program for employees who don't have one at work. To California employees, we function like most other workplace retirement programs, save for a few notable distinctions.",AB 2222,288,691,False,non_legislator,5,"To California employees, we function like most other workplace retirement programs, save for a few notable distinctions.",employment_workforce,employees,1,True
279661,546,10332017,Tristan Woolacott,Person,"For employees, their accounts are completely portable. They follow them wherever they go for work. And employers, they pay no fees, and they are not fiduciaries. The Save for All Workers Act, while mostly technical at first glance, solves some real problems for our constituents and sets up our future ones for success. The bill cuts red tape, as the Assemblymember mentioned, were most practical, allowing Cal Savers to open specified retirement accounts for participants who are eligible to receive retirement benefits.",AB 2222,288,691,False,non_legislator,1,"For employees, their accounts are completely portable.",employment_workforce,employees,1,True
279661,546,10332017,Tristan Woolacott,Person,"For employees, their accounts are completely portable. They follow them wherever they go for work. And employers, they pay no fees, and they are not fiduciaries. The Save for All Workers Act, while mostly technical at first glance, solves some real problems for our constituents and sets up our future ones for success. The bill cuts red tape, as the Assemblymember mentioned, were most practical, allowing Cal Savers to open specified retirement accounts for participants who are eligible to receive retirement benefits.",AB 2222,288,691,False,non_legislator,4,"The Save for All Workers Act, while mostly technical at first glance, solves some real problems for our constituents and sets up our future ones for success.",employment_workforce,Workers,1,True
279661,548,10332019,Tristan Woolacott,Person,"Additionally, the bill expands CalSAvers to household employees, ensuring they can save for retirement while at work, just like any other employee in California. Lastly, among other things, the bill ensures our participants can contribute meaningful retirement savings and at a time that is appropriate for them.",AB 2222,288,691,False,non_legislator,1,"Additionally, the bill expands CalSAvers to household employees, ensuring they can save for retirement while at work, just like any other employee in California.",employment_workforce,employees,1,True
279661,549,10332020,Tristan Woolacott,Person,Thank you for the opportunity to speak today and support the safe for all workers act. I'm happy to answer any questions.,AB 2222,288,691,False,non_legislator,1,Thank you for the opportunity to speak today and support the safe for all workers act.,employment_workforce,workers,1,True
279661,553,10332025,Timothy Grayson,Legislator,"I just wanna state that, the bill, first of all, thank you for your presentation. And the bill builds on the success of CalSavers by ensuring that California workers can save for retirement. And this measure helps workers who don't really have access to employer sponsored retirement programs especially. So thank you so very much for the great work, and would you like to close?",AB 2222,288,691,False,substantive,2,And the bill builds on the success of CalSavers by ensuring that California workers can save for retirement.,employment_workforce,workers,1,True
279661,553,10332025,Timothy Grayson,Legislator,"I just wanna state that, the bill, first of all, thank you for your presentation. And the bill builds on the success of CalSavers by ensuring that California workers can save for retirement. And this measure helps workers who don't really have access to employer sponsored retirement programs especially. So thank you so very much for the great work, and would you like to close?",AB 2222,288,691,False,substantive,3,And this measure helps workers who don't really have access to employer sponsored retirement programs especially.,employment_workforce,workers,1,True
279661,595,10332067,Liz Ortega,Legislator,"The rate of death in ICE custody is now one person every four days. Geo group and core civic, two of the largest private prison contractors that work with ICE, posted a record revenue of nearly $5,000,000,000 last year. Here in California, we're giving these businesses grants, loans, and tax credits, credits paid by us, while at the same time, we're making deep cuts to health care, education, and even food assistance.",AB 2222,288,691,False,substantive,3,"Here in California, we're giving these businesses grants, loans, and tax credits, credits paid by us, while at the same time, we're making deep cuts to health care, education, and even food assistance.",tax_credit,tax credits,1,True
279661,598,10332070,Shu Chir,Person,"Hi. Good morning. My name is Shu Ming Chir, and I'm a deputy director with the California Immigrant Policy Center. We're a proud cosponsor of AB 2465 because it ensures that our state's fiscal policies are consistent with other state laws that protect California's resources from being used to support unlawful and immoral immigration enforcement. AB 2465 uses the state's decision making power on grants, loans, and tax credits to hold businesses accountable for profiteering off mass detentions and deportations.",AB 2222,288,691,False,non_legislator,5,"AB 2465 uses the state's decision making power on grants, loans, and tax credits to hold businesses accountable for profiteering off mass detentions and deportations.",tax_credit,tax credits,1,True
279661,604,10332076,Jessica Marquez,Person,"Good afternoon, Chair and members. My name is Jessica Marquez, and I'm a legislative representative at the California Department of Education speaking on behalf of state superintendent of public instruction, Tony Thurman, who is a sponsor on behalf of students and families. As we all know, over the past year, immigration enforcement has intensified in our communities. Across California and the nation, entire families are living in fear. Workers are staying home from work.",AB 2222,288,691,False,non_legislator,5,Workers are staying home from work.,employment_workforce,Workers,1,True
279661,619,10332091,Unidentified Speaker 015,,"Good afternoon, Mister Chair and members. With the California immigrant policy center. We're issuing support for San Bernardino community service center, Inc, services, immigrant rights and education Siren, Southeast Asia, Resource Action Center, CRAC, Uncommon Law, Nonprofit Housing Association of Northern California, the Kennedy Commission, Housing Authority of the County of Santa Barbara, Immigrant Legal Defense, Canal Alliance, California Coverage and Health Initiative, CCHI, Immigrant Defenders Law Center, and Friends Committee on Legislation of California. Thank you.",AB 2222,288,691,False,non_legislator,3,"We're issuing support for San Bernardino community service center, Inc, services, immigrant rights and education Siren, Southeast Asia, Resource Action Center, CRAC, Uncommon Law, Nonprofit Housing Association of Northern California, the Kennedy Commission, Housing Authority of the County of Santa Barbara, Immigrant Legal Defense, Canal Alliance, California Coverage and Health Initiative, CCHI, Immigrant Defenders Law Center, and Friends Committee on Legislation of California.",nonprofit_small_outlets,Nonprofit,1,True
279661,632,10332104,Alexis Rodriguez,Person,"Instead, the bill applies broadly and penalizes companies, from con penalizes a company from contracting with DHS and its agencies. For companies who contract with any agency, the bill would then deny that company any state provided grant, loan, or tax credit from this any state provided grant, loan, and tax credit. Though we appreciate the recent exclusion of medical care providers because denying healthcare to such agencies and facilities would ultimately hurt detained individuals and punish non problematic contracts.",AB 2222,288,691,False,non_legislator,2,"For companies who contract with any agency, the bill would then deny that company any state provided grant, loan, or tax credit from this any state provided grant, loan, and tax credit.",tax_credit,tax credit,1,True
279661,644,10332116,Jerry McNerney,Legislator,"There were initially some very big problems that we identified in terms of how to implement this, how to make it a bill that could get signed into law and enforced properly, and the, the author has been, very cooperative in in in working with the committee to make sure that we have a product that that we can put forward to the Next Judiciary Committee, and feel like we've done our job and been responsible not to put something out there that would require them to take a failure position.",AB 2222,288,691,False,substantive,1,"There were initially some very big problems that we identified in terms of how to implement this, how to make it a bill that could get signed into law and enforced properly, and the, the author has been, very cooperative in in in working with the committee to make sure that we have a product that that we can put forward to the Next Judiciary Committee, and feel like we've done our job and been responsible not to put something out there that would require them to take a failure position.",employment_workforce,job,1,True
279661,682,10332181,Jerry McNerney,Legislator,"The vote is 4-0. The bill is out. Next, we have file item number 11, AB 2222 by Assembly Member Ward.",AB 2222,288,691,True,procedural,3,"Next, we have file item number 11, AB 2222 by Assembly Member Ward.",bill_reference,AB 2222,1,True
280019,1052,17066592,Steve Padilla,Legislator,"Also creates a clear prohibition. Ed tech companies cannot collect, use, retain, or disclose sensitive information about a student's immigration status, reproductive health, or LGBTQ identity. This bill will ensure California students do not have to put their data at risk in order to assist in their education. Respectfully ask for an aye vote.",AB 2222,1052,1066,False,substantive,2,"Ed tech companies cannot collect, use, retain, or disclose sensitive information about a student's immigration status, reproductive health, or LGBTQ identity.",employment_workforce,retain,1,True
280019,1055,16793281,Akilah Weber Pierson,Legislator,"Ayes, 32. No, zero. The measure passes. We'll move now to file item 139, AB 2222. Secretary, please read.",AB 2222,1052,1066,True,unclear,4,"We'll move now to file item 139, AB 2222.",bill_reference,AB 2222,1,True
280019,1057,16793284,Jerry McNerney,Legislator,"Thank you, Madam president, distinguished colleagues. AB 2222 from Assemblymember Ward provides a lifeline to California's struggling local news outlets by creating a refundable tax credit to help them retain existing journalists and to hire new reporters.",AB 2222,1052,1066,True,substantive,2,AB 2222 from Assemblymember Ward provides a lifeline to California's struggling local news outlets by creating a refundable tax credit to help them retain existing journalists and to hire new reporters.,bill_reference; local_news; journalists_reporters; news_organizations; employment_workforce; tax_credit,AB 2222; local news; journalists; reporters; news outlets; hire; retain; tax credit; refundable tax credit,6,True
280019,1058,17069052,Jerry McNerney,Legislator,"Importantly, this program is available to qualifying local news outlets regardless of their political perspectives. This bill does not tell journalists what to cover or allow the state to pick winners or losers. Period.",AB 2222,1052,1066,False,substantive,1,"Importantly, this program is available to qualifying local news outlets regardless of their political perspectives.",local_news; news_organizations,local news; news outlets,2,True
280019,1058,17069052,Jerry McNerney,Legislator,"Importantly, this program is available to qualifying local news outlets regardless of their political perspectives. This bill does not tell journalists what to cover or allow the state to pick winners or losers. Period.",AB 2222,1052,1066,False,substantive,2,This bill does not tell journalists what to cover or allow the state to pick winners or losers.,journalists_reporters,journalists,1,True
280019,1059,16793285,Jerry McNerney,Legislator,"Outlets qualify by meeting objective standards focused on legitimate local journalism. Recent amendments strengthen the bill by extending, by ensuring nonprofit newsrooms can fully benefit from the refundable credit at a time when local newspapers are closing.",AB 2222,1052,1066,False,substantive,1,Outlets qualify by meeting objective standards focused on legitimate local journalism.,local_news; journalists_reporters,local journalism; journalism,2,True
280019,1059,16793285,Jerry McNerney,Legislator,"Outlets qualify by meeting objective standards focused on legitimate local journalism. Recent amendments strengthen the bill by extending, by ensuring nonprofit newsrooms can fully benefit from the refundable credit at a time when local newspapers are closing.",AB 2222,1052,1066,False,substantive,2,"Recent amendments strengthen the bill by extending, by ensuring nonprofit newsrooms can fully benefit from the refundable credit at a time when local newspapers are closing.",local_news; news_organizations; tax_credit; nonprofit_small_outlets,local newspapers; newsrooms; newspapers; refundable credit; nonprofit,4,True
280019,1060,17070279,Jerry McNerney,Legislator,"And we've all seen these local newspapers closing in our districts. They're being forced to do so with few reporters. AB 2222 markets a targeted investment in the people who will cover our cities, schools, neighborhoods, and communities.",AB 2222,1052,1066,True,substantive,1,And we've all seen these local newspapers closing in our districts.,local_news; news_organizations,local newspapers; newspapers,2,True
280019,1060,17070279,Jerry McNerney,Legislator,"And we've all seen these local newspapers closing in our districts. They're being forced to do so with few reporters. AB 2222 markets a targeted investment in the people who will cover our cities, schools, neighborhoods, and communities.",AB 2222,1052,1066,True,substantive,2,They're being forced to do so with few reporters.,journalists_reporters,reporters,1,True
280019,1060,17070279,Jerry McNerney,Legislator,"And we've all seen these local newspapers closing in our districts. They're being forced to do so with few reporters. AB 2222 markets a targeted investment in the people who will cover our cities, schools, neighborhoods, and communities.",AB 2222,1052,1066,True,substantive,3,"AB 2222 markets a targeted investment in the people who will cover our cities, schools, neighborhoods, and communities.",bill_reference,AB 2222,1,True
280019,1061,16793286,Jerry McNerney,Legislator,"The bill will keep a local journalist on the job and ensure Californians continue to have access to reliable information about their communities. If you rely on your local journalists, you'll wanna support this one. On behalf of Assemblymember Ward, I respectfully ask for an aye vote.",AB 2222,1052,1066,False,substantive,1,The bill will keep a local journalist on the job and ensure Californians continue to have access to reliable information about their communities.,local_news; journalists_reporters; information_effects; employment_workforce,local journalist; journalist; reliable information; job,4,True
280019,1061,16793286,Jerry McNerney,Legislator,"The bill will keep a local journalist on the job and ensure Californians continue to have access to reliable information about their communities. If you rely on your local journalists, you'll wanna support this one. On behalf of Assemblymember Ward, I respectfully ask for an aye vote.",AB 2222,1052,1066,False,substantive,2,"If you rely on your local journalists, you'll wanna support this one.",local_news; journalists_reporters,local journalists; journalists,2,True
280028,89,17161050,Josh Lowenthal,Legislator,"Thank you, Assembly Member Irwin. All debate having ceased. Clerk will open the roll. All Members vote who desire to vote. All Members vote who desire to vote. All Members vote who desire to vote. Clerk will close the roll, tally the votes. Ayes 66, noes zero. Senate amendments are concurred in. File item 44 is AB 2222 by Assembly Member Ward. This is a 54 vote bill. The clerk will read.",AB 2222,86,94,True,substantive,10,File item 44 is AB 2222 by Assembly Member Ward.,bill_reference,AB 2222,1,True
280028,91,17161054,Chris Ward,Legislator,"Thank you, Mister speaker. Pleased that AB 2222, a community news act is back for concurrence and Senate amendments. These amendments strengthen and refine the bill while preserving its core purpose to support local journalism and the reporters who keep our communities informed. Most importantly, the amendments ensure that nonprofit news organizations, including qualified public broadcasters, can benefit from the refundable credit.",AB 2222,86,94,True,substantive,2,"Pleased that AB 2222, a community news act is back for concurrence and Senate amendments.",bill_reference; local_news,AB 2222; community news act; community news,2,True
280028,91,17161054,Chris Ward,Legislator,"Thank you, Mister speaker. Pleased that AB 2222, a community news act is back for concurrence and Senate amendments. These amendments strengthen and refine the bill while preserving its core purpose to support local journalism and the reporters who keep our communities informed. Most importantly, the amendments ensure that nonprofit news organizations, including qualified public broadcasters, can benefit from the refundable credit.",AB 2222,86,94,True,substantive,3,These amendments strengthen and refine the bill while preserving its core purpose to support local journalism and the reporters who keep our communities informed.,local_news; journalists_reporters,local journalism; reporters; journalism,2,True
280028,91,17161054,Chris Ward,Legislator,"Thank you, Mister speaker. Pleased that AB 2222, a community news act is back for concurrence and Senate amendments. These amendments strengthen and refine the bill while preserving its core purpose to support local journalism and the reporters who keep our communities informed. Most importantly, the amendments ensure that nonprofit news organizations, including qualified public broadcasters, can benefit from the refundable credit.",AB 2222,86,94,True,substantive,4,"Most importantly, the amendments ensure that nonprofit news organizations, including qualified public broadcasters, can benefit from the refundable credit.",news_organizations; tax_credit; nonprofit_small_outlets,news organizations; refundable credit; nonprofit,3,True
