hearing_id,statement_index,dom_id,speaker,speaker_type,statement,bill,bill_segment_start,bill_segment_end,ab2222_reference,statement_type,matched_groups,matched_terms,n_keyword_groups,keyword_match
279175,169,5216836,Dawn Sanders-Koepke,Person,"I wanna answer that. Mister chair, I am not familiar with that being the case, but we'd certainly be happy to go back to our membership and just inquire. That was I apologize. That wasn't a question I was prepared for today, but certainly, we can look into it and get back to the committee.",AB 2222,169,287,False,non_legislator,,,0,False
279175,170,5216837,Mike Gipson,Legislator,"Thank you. Thank you very much. Miss Quirk Silva, you may close if you wish.",AB 2222,169,287,False,procedural,,,0,False
279175,171,5216838,Sharon Quirk-Silva,Legislator,Just to encourage support for this tax credit that encourages businesses to hire full time employees in designated high need areas.,AB 2222,169,287,False,substantive,employment_workforce;tax_credit,hire; tax credit; credit,2,True
279175,172,5216839,Mike Gipson,Legislator,"Thank you very much. This bill will be referred to our suspense file. Thank you, witnesses, for appearing. Thank you. K. We have an author. We have mister Ward file item number two, a B2222. Thank you very much, mister Ward. And you have witnesses, mister Ward?",AB 2222,169,287,True,substantive,bill_reference,a B2222,1,True
279175,173,5216840,Unidentified Speaker,Person,I do.,AB 2222,169,287,False,non_legislator,,,0,False
279175,174,5216841,Mike Gipson,Legislator,Great. You may proceed when ready.,AB 2222,169,287,False,procedural,,,0,False
279175,175,5216843,Chris Ward,Legislator,"When local news disappears, we see declines in civic engagement, voter participation, and government accountability. And this bill addresses that by directly creating a refundable tax credit for local news organizations, which hire and retain journalists. The structure is straightforward. Up to 20,000 for each of the first five journalists, 15,000, for each additional journalist thereafter, an additional $15,000 for each new journalism position created. Importantly, this credit is refundable.",AB 2222,169,287,False,substantive,local_news;journalists_reporters;news_organizations;news_decline;civic_effects;employment_workforce;tax_credit,"local news; journalists; journalist; news organizations; declines in civic engagement, voter participation, and government accountability. And this bill addresses that by directly creating a refundable tax credit for local news; civic engagement; voter participation; voter participat; government accountability; accountability; hire; retain; journalism position; tax credit; refundable tax credit; credit",7,True
279175,176,5216844,Chris Ward,Legislator,"So it works for small independent and non profit outlets, not just large corporations. The bill is also carefully constructed with guardrails, transparency and ownership, limits on political influence, requirements for editorial standards and accountability. And this ensures that we are supporting local journalism without influencing content. With me to speak in support of the Community News Act are Matt Pierce, the legislative director of Rebuild Local News, and Bob Butler, the vice president of broadcast at SYK AFTRA.",AB 2222,169,287,True,substantive,bill_reference;local_news;civic_effects;editorial_independence;nonprofit_small_outlets,Community News Act; Local News; local journalism; Community News; accountability; editorial standards; editorial; political influence; content; guardrails; ownership; small independent; small independent and non profit outlets; independent and non profit outlets,5,True
279175,177,5216845,Chris Ward,Legislator,"AV twenty two twenty two is ultimately a jobs bill and a democracy bill, helping to keep reporters in communities and ensuring that Californians have access to trusted local information. When the time is appropriate, I respectfully request your aye vote.",AB 2222,169,287,True,substantive,journalists_reporters;civic_effects;information_effects;employment_workforce,reporters; democracy; trusted local information; local information; jobs,4,True
279175,178,5216846,Mike Gipson,Legislator,"Thank you very much. First witness, two minutes.",AB 2222,169,287,False,procedural,,,0,False
279175,179,5216847,Unidentified Speaker,Person,"Thank you, chair Gibson, vice chair Sanchez, and esteemed committee members. I am the director of policy for Rebuild Local News, Matt Pierce. And we're the leading nonpartisan, nonprofit coalition developing effective public policies to strengthen community news and information. We are proud to join assembly member Ward in sponsoring AB 2002/22. The Community News Act should create a refundable tax spreads to support local journalist jobs and all sorts of community news organizations across California.",AB 2222,169,287,True,non_legislator,bill_reference;local_news;journalists_reporters;news_organizations;employment_workforce;nonprofit_small_outlets,Community News Act; Local News; local journalist; community news; journalist; news organizations; jobs; nonprofit,6,True
279175,180,5216848,Unidentified Speaker,Person,"California has lost, 75 of its local journalists over the past two decades. We rank in the bottom 10 of US states in terms of journalists per a 100,000 people. Academic studies say that when communities lose their local journalists, bond prices increase for local taxpayers because there are fewer people watching local spending. Loneliness increases because fewer people feel connected to their neighbors. Fewer voters know who their elected officials are.",AB 2222,169,287,False,non_legislator,local_news;journalists_reporters;news_decline,"local journalists; journalists; lost, 75 of its local journalists over the past two decades. We rank in the bottom 10 of US states in terms of journalists per a 100,000 people. Academic studies say that when communities lose their local journalists",3,True
279175,181,5216849,Unidentified Speaker,Person,"Fewer voters are following committee hearings like this one. When a town loses a local reporter, it affects all of us. The Communities Act is based on similar laws recently enacted in Illinois, New York, and New Mexico with broad support from lawmakers and local news stakeholders. It's carefully designed first amendment friendly approach that doesn't require program administrators to pick winners and losers in a way that could risk the editorial independence of our local news outlets.",AB 2222,169,287,False,non_legislator,local_news;journalists_reporters;news_organizations;editorial_independence,local news; local reporter; reporter; news outlets; editorial independence; editorial; independence,4,True
279175,182,5216850,Unidentified Speaker,Person,"Community News Act has been endorsed by a coalition that includes local independent news outlets, unionized news workers, journalism educators, and ethnic media. We're We're also currently engaging other stakeholders on technical feedback to ensure this approach can be accessed equitably across the whole ecosystem. We respectfully encourage your aye vote.",AB 2222,169,287,True,non_legislator,bill_reference;local_news;journalists_reporters;news_organizations;nonprofit_small_outlets,Community News Act; Community News; news workers; news outlets; independent news; independent news outlets,5,True
279175,183,5216851,Mike Gipson,Legislator,Thank you very much. Next week.,AB 2222,169,287,False,procedural,,,0,False
279175,184,5216852,Bob Butler,Person,"Thank you. Minutes. Assembly member Gibson, assembly member Sanchez, thank you for the chance to speak. My name is Bob Butler. I'm the vice president for broadcasters for SAG AFTRA.",AB 2222,169,287,False,non_legislator,,,0,False
279175,185,5216853,Bob Butler,Person,"I bring you greetings from our president, Sean Astin. You may know better as Rudy or Sam from Lord of the Rings. I'm here, on behalf of my union's a 160,000 members, many of whom are broadcast journalists like me, who will see the value of doing what needs to be done to ensure a thriving future for the journalism profession. I became a journalist because I believe the public has the right to know what's going on in their communities, the nation, and the world. I also believe strongly in the importance of speaking truth to power.",AB 2222,169,287,False,non_legislator,journalists_reporters,journalists; journalist,1,True
279175,186,5216854,Bob Butler,Person,"The work we do sometimes angers those who don't like it. I've done that many times. It does not make me fake news. It's work that needs to be done to maintain a healthy democracy. With federal defending of public media in 2025, which may now be reversed, and now the shuttering of CBS News Radio after ninety nine years of service, our nation has lost a lot of access to essential informational source sources.",AB 2222,169,287,False,non_legislator,civic_effects,democracy,1,True
279175,187,5216855,Bob Butler,Person,"Not to mention the harm unchecked AI and social media platforms have done to divert Internet traffic toward polarizing and unreliable content. When you ask people who they trust more, the local journalists or the national journalists, local journalists went out every time. I've been in this business for nearly fifty years. I spent forty two years at KCBS radio in San Francisco. I've never seen professional journalists encountered so many colossal threats to their professions and their selves as they have beginning in 2015 and even more so since January.",AB 2222,169,287,False,non_legislator,local_news;journalists_reporters;editorial_independence,local journalists; journalists; content,3,True
279175,188,5216856,Bob Butler,Person,"A bill like Assemblymember Awards AB 2222 never been more urgent. Let's incentivize the hiring of professional journalists. If it were those employers who hire local journalists to their staffs, let's all be a part of this valuable investment into safeguarding democracy and the community level. A job attention credit is a small price to pay during a time when access to factual information is under threat. Let's arm our democracy and preserve our community's unfreetted access to information. I encourage you to put AB 2222 across the finish line, and don't keep us in suspense too long. Bob Butler, KCBS in Sacramento.",AB 2222,169,287,True,non_legislator,bill_reference;local_news;journalists_reporters;civic_effects;information_effects;employment_workforce;tax_credit,AB 2222; local journalists; journalists; democracy; factual information; hire; hiring; job; credit,7,True
279175,189,5216857,Mike Gipson,Legislator,"I love it. Thank you very much. Anyone in the room wishing to speak in support of AB 2222, please come to the microphone, your name, your organization, and this is support.",AB 2222,169,287,True,procedural,bill_reference,AB 2222,1,True
279175,190,5216858,Jano Torekine,Person,Yeah. Thank you. Jano Torekine on behalf of Latino Media Collaborative and Media Guild of the West in support.,AB 2222,169,287,False,non_legislator,,,0,False
279175,191,5216859,Mike Gipson,Legislator,"Thank you very much. Any primary opposition to this measure to please come forward? Seeing no one coming forward, anyone in a room wishing to speak in opposition of this measure, You have the same right. Seeing and hearing none, bring it back to the committee. Anyone wishing to speak?",AB 2222,169,287,False,substantive,,,0,False
279175,192,5216860,Mike Gipson,Legislator,Yes. Miss Quirk Silva.,AB 2222,169,287,False,unclear,,,0,False
279175,193,5216861,Sharon Quirk-Silva,Legislator,"Not only do I support this, but all of the efforts that I know that you are moving forward related to journalism. We are in a new frontier as we think about journalism, but journalism is one of the last communication efforts that's based on facts. And with streaming, with blogs and posts and social media, it's becoming harder and harder for the public to understand what's real and what's not real. And at every turn, we see the shrinking of our, as we said, news newspapers.",AB 2222,169,287,False,substantive,news_organizations;news_decline;information_effects,"newspapers; shrinking of our, as we said, news newspapers; facts",3,True
279175,194,5216862,Sharon Quirk-Silva,Legislator,"One of the things as a former teacher, we can look to literacy and understand that many of us grew up with newspapers coming to our homes, not just newspapers, but maybe magazines, this type of information. And as was stated in your remarks, slowly but surely, we have seen all of these communication pieces pretty much wiped out. And so we wonder why young kids and families who might have gone to the doctors and picked up a magazine and read it with their parents or a newspaper that those conversations aren't happening.",AB 2222,169,287,False,substantive,news_organizations,newspapers; newspaper,1,True
279175,195,5216863,Sharon Quirk-Silva,Legislator,"And so we are relying on these very quick posts that people are taking for fact. And it's it's really become destructive, very destructive, where we once used to have civil discourse and debate.",AB 2222,169,287,False,unclear,information_effects,fact,1,True
279175,196,5216864,Sharon Quirk-Silva,Legislator,"And now we see that it's us or them and facts that are only related to what media posts someone is is watching or listening to, and it's really fractured our society. And anything we can do to get back to common sense news based on facts is something that I will be happy to support.",AB 2222,169,287,False,substantive,information_effects,facts; common sense news,1,True
279175,197,5216865,Mike Gipson,Legislator,Great. Thank you. Miss McKinnor,AB 2222,169,287,False,procedural,,,0,False
279175,198,5216866,Tina McKinnor,Legislator,"And I'd like to thank the author for this bill, and I'd like to be a coauthor. Thank you.",AB 2222,169,287,False,procedural,,,0,False
279175,199,5216867,Tina McKinnor,Legislator,Give me a second.,AB 2222,169,287,False,unclear,,,0,False
279175,200,5216868,Mike Gipson,Legislator,"Great. With that, I just have one quick question for you, mister Ward. Why is the, the credit a fixed amount instead of a percentage amount for the wages for new hire journalists?",AB 2222,169,287,False,substantive,journalists_reporters;employment_workforce;tax_credit,journalists; hire; new hire; credit; wages; fixed amount; percentage,3,True
279175,201,5216869,Chris Ward,Legislator,I'll defer to our witness on the how they how they landed that number.,AB 2222,169,287,False,unclear,,,0,False
279175,202,5216870,Chris Ward,Legislator,"Yes. This is similar to the law that was first enacted in Illinois. We have in our ecosystem, the majority of local news outlets are very small local news outlets, and part of their spending is on freelance, which is not covered by this bill. So part of the part of the amounts are to reflect the reality for those organizations that when they hire an actual staffer, it it may not reflect the full extent of their spending.",AB 2222,169,287,False,substantive,local_news;news_organizations;employment_workforce;nonprofit_small_outlets,local news; news outlets; hire; staffer; small local news outlets; small local,4,True
279175,203,5216871,Mike Gipson,Legislator,"Got it. Okay. Thank you very much. Mister Ward, thank you very much. You may close if you wish.",AB 2222,169,287,False,procedural,,,0,False
279175,204,5216872,Chris Ward,Legislator,"Thank you, Mr. Chair, members. Thank you for the support of comments. I'm very happy to have another co author coming out of this committee, should this bill come out of this committee. You know, I think that we all very deeply appreciate the value of local news that we have, whether it's our kids growing up on the educational programming, family friendly content that we're able to produce, historical art of, exposes, are very specific to your local community.",AB 2222,169,287,False,substantive,local_news;editorial_independence,local news; content,2,True
279175,205,5216873,Chris Ward,Legislator,"I mean, this is content that you just can't get anywhere else, and keep your community enriched and really connected to itself, and the greater world around it. So we know that stations across the Golden State are shuttered. We know that employees are losing their jobs, and many of our outlets and affiliates budgets are deeply threatened and cannot rely on a backfill of philanthropy alone. So now is the time.",AB 2222,169,287,False,substantive,employment_workforce;editorial_independence,jobs; content,2,True
279175,206,5216874,Chris Ward,Legislator,"We don't have another year to step up and do what we can to help support these jobs, but importantly, to be able to help support these institutions that are so vital as our colleague had also really referenced.",AB 2222,169,287,False,unclear,employment_workforce,jobs,1,True
279175,207,5216875,Chris Ward,Legislator,"You know, if this goes away, we are relegated to a world that is very on unlimited and very suspect news. And we know the outcomes and and the dire future that would hold for many of our communities and democracy. I would respectfully request your aye vote.",AB 2222,169,287,False,substantive,civic_effects,democracy,1,True
279175,208,5216876,Mike Gipson,Legislator,"Thank you very much, and thank you, witnesses, for appearing.",AB 2222,169,287,False,procedural,,,0,False
279175,209,5216877,Bob Butler,Person,"Sure. Can I add one thing? As a journalist, you can go ahead and put more money in there, not just 20,000.",AB 2222,169,287,False,non_legislator,journalists_reporters,journalist,1,True
279175,210,5216878,Mike Gipson,Legislator,Thank you very much. This bill will refer to our suspense file. Thank you very much.,AB 2222,169,287,False,procedural,,,0,False
279175,211,5216879,Unidentified Speaker,Person,"Thank you, chair.",AB 2222,169,287,False,non_legislator,,,0,False
279175,212,5216880,Mike Gipson,Legislator,"Next, we will have file item number nine. Oh, yes. Let's do that. We're gonna ask the secretary to please open the role on file item number three AB 2270 for the absent members.",AB 2222,169,287,False,procedural,,,0,False
279175,213,5216881,Dawn Sanders-Koepke,Person,"Korea Demayo Mckinor. Aye. Mckinner, I that bill has passed.",AB 2222,169,287,False,non_legislator,,,0,False
279175,214,5216882,Sharon Quirk-Silva,Legislator,Vote change. I'm not voting to know.,AB 2222,169,287,False,unclear,,,0,False
279175,215,5216883,Dawn Sanders-Koepke,Person,Sanchez not voting to know. Okay. That bill has passed.,AB 2222,169,287,False,non_legislator,,,0,False
279175,216,5216884,Mike Gipson,Legislator,"Great. So file item number three, AB 22 Sorry. One. Eight okay. AB 2270.",AB 2222,169,287,False,procedural,,,0,False
279175,217,5216885,Mike Gipson,Legislator,"That bill is out. It's four to one. Thank you very much. Next, we'll move to file item number nine, AB 2186 by McKenna. Miss McKenna, you may begin when ready.",AB 2222,169,287,False,procedural,,,0,False
279175,218,5216886,Mike Gipson,Legislator,"Mister chair and members, AB 282186 ensures that future reparation payments are not undermined by state taxation. For generations, descendants of formerly enslaved people have been denied both justice and economic growth. Reparations are intended to repair that harm, not be partially taken back through taxes. Under current law, any future reparation payments could be treated as taxable income, reducing the impact of those benefits.",AB 2222,169,287,False,substantive,,,0,False
279175,219,5216887,Mike Gipson,Legislator,"That outcome runs counter to the purpose of reparations, which is to provide meaningful and complete redress for historic and system injustices.",AB 2222,169,287,False,unclear,,,0,False
279175,220,5216888,Mike Gipson,Legislator,"AB 2186 addresses this issue by excluding reparation benefits from California personal income tax for taxable years beginning on or after 01/01/2027 through 01/01/2032. This bill broadly defines reparation benefits to include monetary payments, grants, trust distributions, debt forgiveness, and other forms of financial compensation provided through state, local, or federal reparation programs. By establishing a clear exclusion in statute, this bill ensures that these benefits reach recipients in full and are not diminished before they can have their intended impact.",AB 2222,169,287,False,substantive,,,0,False
279175,221,5216889,Mike Gipson,Legislator,It also provides clarity and certainty for both recipient and tax administrators as California prepares for future reparation programs. This bill is about ensuring fairness and making sure that rep reparation functions as a true repair.,AB 2222,169,287,False,unclear,,,0,False
279175,222,5216890,Mike Gipson,Legislator,"Our my witness today is Tanisha Herring. Did I say Tanisha? Tanisha Herring, NAACP California, Hawaii State Conference. Thank you.",AB 2222,169,287,False,procedural,,,0,False
279175,223,5216891,Tanisha Herring,Person,"Good after good afternoon,",AB 2222,169,287,False,non_legislator,,,0,False
279175,224,5216892,Tanisha Herring,Person,mister Thank,AB 2222,169,287,False,non_legislator,,,0,False
279175,225,5216893,Mike Gipson,Legislator,you very much. You have two minutes.,AB 2222,169,287,False,unclear,,,0,False
279175,226,5216894,Tanisha Herring,Person,So sorry. No. It's okay.,AB 2222,169,287,False,non_legislator,,,0,False
279175,227,5216895,Tanisha Herring,Person,"Good afternoon, mister chair and members. As the great assembly member said, my name is Tanisha Herring, serving as government relations specialist for the NAACP capital Hawaii state conference. The author is right in that taxing reparations undermines their purpose. From our perspective on the ground, this is not abstract. Descendants of formerly enslaved people who receive these benefits are often the same communities navigating the widest wealth gaps in the state.",AB 2222,169,287,False,non_legislator,,,0,False
279175,228,5216896,Tanisha Herring,Person,"A tax liability on reparations payment is not a technicality, it's a reduction in justice. Californian has already done the work. The task force process produced a comprehensive record of documented harm. Eighty twenty one eighty six honors that record by ensuring the legislative infrastructure catches up. A reparations program without tax exclusion is an incomplete program.",AB 2222,169,287,False,non_legislator,,,0,False
279175,229,5216897,Tanisha Herring,Person,"We want to highlight the bill's inclusive definition of reparations benefit. By covering monetary payments, grants, trust distributions, debt forgiveness, and other financial compensation at the state, local, and federal level, AB 2186 future proofs this exclusion. Whatever form of reparations ultimately take, this bill ensures the protection follows. California has excluded other categories of compensation from gross income before disaster relief, certain legal settlements, federal COVID relief payments, excluding reparations benefits is consistent with that precedent. This is not novel, this is principle.",AB 2222,169,287,False,non_legislator,,,0,False
279175,230,5216898,Tanisha Herring,Person,"The five year window through 2032 is reasonable and gives the legislature time to evaluate and extend. We would encourage members to view this as a floor, not a ceiling as reparations programs develop. The state conference urges an I the I vote on AB 2186. Thank you.",AB 2222,169,287,False,non_legislator,,,0,False
279175,231,5216899,Mike Gipson,Legislator,"Thank you very much. Anyone in the room wishing to speak in support of AB 2186, please approach name organization and this is support.",AB 2222,169,287,False,procedural,,,0,False
279175,232,5216900,Jim Weinberg,Person,"Good afternoon. Jim Weinberg, Friends Committee on Legislation of California in support. Thank you.",AB 2222,169,287,False,non_legislator,,,0,False
279175,233,5216901,Mike Gipson,Legislator,"Thank you very much. Primary opposition to this measure, would you please come forward and have a seat at the table? Hearing and seeing none. Anyone in the room wishing to speak in opposition to this measure? You have the same right. Hearing and seeing none, bring it back to the committee for any committee members wishing to speak or ask the author any questions. Hearing and seeing none. You may close if you wish, miss McKinnor.",AB 2222,169,287,False,substantive,,,0,False
279175,234,5216902,Tina McKinnor,Legislator,"AB 2186 is about integrity. If since the state determines that reparations are warranted, then we should not diminish that relief through taxation. This bill ensures that what is promised will be delivered, and I respectfully ask for your eye vote.",AB 2222,169,287,False,unclear,,,0,False
279175,235,5219258,Mike Gipson,Legislator,"Thank you very much. This bill will be referred to our suspense file. Thank you, witness, for appearing. Thank the author for bringing this measure before this committee. Thank you.",AB 2222,169,287,False,procedural,,,0,False
279175,236,5216903,Mike Gipson,Legislator,"We have Messuria. File item number 6AB2377. We're getting close, miss Roger. I guess we're getting close. You may proceed when ready.",AB 2222,169,287,False,procedural,,,0,False
279175,237,5216904,Unidentified Speaker,Person,"Thank you, chair and members. AB 232377 accelerates California's schedule of tax deductions for the depreciation of new manufacturing equipment, allowing fifty percent first year depreciation statewide and one hundred percent first year depreciation for equipment cited in high need areas. When new manufacturing projects are undertaken, they very frequently require significant upfront investment in equipment and technology. To incentivize these costly but vital investments, local, state, and Federal Governments allow the depreciation value of this equipment to be deducted from a business's taxes.",AB 2222,169,287,False,non_legislator,,,0,False
279175,238,5216905,Unidentified Speaker,Person,"As California competes globally and across The United States to develop its manufacturing sector, the favorability of depreciation tax deductions plays a major role in encouraging continued economic development and innovative innovation in the state.",AB 2222,169,287,False,non_legislator,,,0,False
279175,239,5216906,Unidentified Speaker,Person,"However, while federal tax laws allows businesses to recover the cost of capital investments quickly through full first year bonus depreciation deductions, California generally requires businesses to depreciate equipment over many more years. For example, a piece of manufacturing equipment with a useful life of seven years may have 100% of its value deductible in its first year federally or in other states, But in California, only 14.92 percent may be deducted with the remainder spread out over seven years.",AB 2222,169,287,False,non_legislator,,,0,False
279175,240,5216907,Unidentified Speaker,Person,"This gap can discourage capital intensive manufacturing operations from locating or expanding in California, even as the state attempts to drive economic development in disadvantaged regions like the Central Valley. AB 2377 directly addresses this gap by allowing qualified businesses to deduct 50% of the cost of eligible equipment in the first year while allowing a a 100% deduction for investments in areas with a 150% or more of the state's poverty and unemployment rates.",AB 2222,169,287,False,non_legislator,,,0,False
279175,241,5216908,Unidentified Speaker,Person,"This approach increases the effectiveness of the California's tax deduction for manufacturing equipment without increasing the total value that is tax deductible for any piece of equipment. By by allowing full first year depreciation within high need areas, AB 2377 also drives investment and job creation within historically underserved and disadvantaged areas of the state like the San Joaquin Valley. When we have productive converse we we've had productive conversations with the franchise tax board around the implementation challenges with the bill that are outlined in the committee analysis, and we are committed to address these concerns.",AB 2222,169,287,False,non_legislator,employment_workforce,job,1,True
279175,242,5216909,Unidentified Speaker,Person,"By improving the financial outlook of projects in their critical years, AB 2377 will help attract new manufacturing projects, create high quality jobs, and strengthen economic development in disadvantaged regions just like the Central Valley where it's needed the most. I'm here with me today to testify in support of AB 2377 are Will Oliver, president and CEO of Fresno County Economic Development Corporation, and Sarah Bridges, policy director for the California Manufacturers and Technology Association.",AB 2222,169,287,False,non_legislator,employment_workforce,jobs,1,True
279175,243,5216910,Mike Gipson,Legislator,Thank you both. You have two minutes.,AB 2222,169,287,False,procedural,,,0,False
279175,244,5216911,Unidentified Speaker,Person,"Thank you. Good afternoon, chairman Gibson and members. Thank you for the opportunity to speak in support of AB 2377. I serve as the president and CEO of the Fresno County Economic Development Corporation. And as a EDC, we work every day to help California compete for private investment, job creation, and long term economic productivity.",AB 2222,169,287,False,non_legislator,employment_workforce,job,1,True
279175,245,5216912,Unidentified Speaker,Person,"We see firsthand that manufacturing projects are highly sensitive to upfront project economics. California manufacturing has been relatively flat in recent years and has not kept pace with the broader state economy, which is one of the more reasons that we should not take manufacturing investment for granted. AB 2377 is a targeted competitiveness measure to improve earlier cash flow for qualified property placed in service in California with stronger tax treatment for areas of high need, like the Central Valley.",AB 2222,169,287,False,non_legislator,,,0,False
279175,246,5216913,Unidentified Speaker,Person,"Under the proposed bill, qualified taxpayers would claim fifty percent first year accelerated depreciation and a 105 100% in qualified high need areas. Importantly, this does not represent a permanent reduction in the state tax base as much as a timing shift in cost recovery.",AB 2222,169,287,False,non_legislator,,,0,False
279175,247,5216914,Unidentified Speaker,Person,"That timing matters because it can influence when investment moves forward, where it lands, and how quickly capital can be deployed. At the federal level, tax treatment has become more favorable to production investment. So California should recognize those realities and thoughtfully position itself to remain competitive. And we should recognize that other states aren't standing still.",AB 2222,169,287,False,non_legislator,,,0,False
279175,248,5216915,Unidentified Speaker,Person,"17 states have provided partial or full conformity with Section one sixty eight, So California has an opportunity to lead with a thoughtful, modern approach to investment treatment, while also helping guide investment toward communities that need it the most. And for those reasons, we respectfully ask for your support on AB 2377.",AB 2222,169,287,False,non_legislator,,,0,False
279175,249,5216916,Mike Gipson,Legislator,Thank you very much. Next witness.,AB 2222,169,287,False,procedural,,,0,False
279175,250,5216917,Sarah Bridges,Person,"Good afternoon, Sherry Gibson and members. My name is Sarah Bridges with the California Manufacturers and Technology Association representing 45,000 companies and their 1,200,000 employees in strong support of AB 2377. California manufacturers are operating in one of the most challenging environments in the country. They're navigating high regulatory burdens, rising energy costs, and ongoing supply chain pressures, all while facing increasing global competition and tariffs that make it harder to produce competitively here at home.",AB 2222,169,287,False,non_legislator,,,0,False
279175,251,5216918,Sarah Bridges,Person,"These cumulative pressures strain operational decision making and make it more difficult for manufacturers to reinvest, expand, and keep jobs in California. AB 2377 provides a practical targeted tool to help manufacturers navigate these challenges by easing the burden of capital investments. By reducing the upfront cost of purchasing the equipment and technology that manufacturers need to operate efficiently and stay competitive, AB 2377 allows manufacturers to recover the cost of qualified equipment investments more quickly. This matters because it supports continuous reinvestment. Manufacturers are not locked into holding outdated equipment just to realize long term tax benefits.",AB 2222,169,287,False,non_legislator,employment_workforce,jobs,1,True
279175,252,5216919,Sarah Bridges,Person,"Instead, they can upgrade, modernize, and deploy more efficient technologies on operational timeliness. That flexibility is critical in today's rapidly evolving industrial landscape. The bill also supports California's climate goals by making it more affordable to invest in newer, cleaner, and more energy efficient equipment, including pollution control technologies. It accelerates the transition to lower emission manufacturing while keeping production in the state with some of the strongest environmental standards in the world. From a competitiveness standpoint, California continues to lag behind federal policy and other states in how it treats capital investment.",AB 2222,169,287,False,non_legislator,,,0,False
279175,253,5216920,Sarah Bridges,Person,"This gap puts our manufacturers in a disadvantage when they are deciding where to expand or to locate new operations. A B 2377 helps by making California a more viable operation for those investments. Finally, a v twenty three seventy seven helps address affordability pressures across the supply chain. When manufacturers can better manage capital costs and maintain in state production, it helps stabilize pricing, reduce cost volatility, and support the availability of goods for consumers. We thank you for your consideration. We respectfully ask your aye vote. Thank you.",AB 2222,169,287,False,non_legislator,,,0,False
279175,254,5216921,Mike Gipson,Legislator,"Thank you very much. Anyone in the room wishing to speak in support of Assembly Bill twenty two seventy seven, your name, your organization, and this support?",AB 2222,169,287,False,procedural,,,0,False
279175,255,5216922,Steve Hansen,Person,"Mister chair and members, Steve Hansen from Lighthouse Public Affairs on behalf of the city of Fresno and the West Ventura Business Alliance in support.",AB 2222,169,287,False,non_legislator,,,0,False
279175,256,5216923,Mike Gipson,Legislator,Thank you.,AB 2222,169,287,False,procedural,,,0,False
279175,257,5216924,Clifton Wilson,Person,Clifton Wilson on behalf of the Fresno County Board of Supervisors in support. Thank you.,AB 2222,169,287,False,non_legislator,,,0,False
279175,258,5216925,Mike Gipson,Legislator,Thank you.,AB 2222,169,287,False,procedural,,,0,False
279175,259,5216926,Chair Gibson,Person,"Chair Gibson, member of Steinger Field of Capital Advocacy here on behalf of the California Life Sciences in support of AB 2337.",AB 2222,169,287,False,non_legislator,,,0,False
279175,260,5216927,Mike Gipson,Legislator,"Thank you. Primary opposition to this measure, would you please step forward? Hearing and seeing none. Anyone in the room wishing to register your opposition to this measure? You have the same right.",AB 2222,169,287,False,procedural,,,0,False
279175,261,5216928,Mike Gipson,Legislator,"Hearing and seeing none, bring it back to the committee. Any members from the committee wishing to speak? Hearing and seeing none, you may close.",AB 2222,169,287,False,procedural,,,0,False
279175,262,5216929,Unidentified Speaker,Person,"Thank you, chair. I respectfully ask for an aye vote.",AB 2222,169,287,False,non_legislator,,,0,False
279175,263,5216930,Mike Gipson,Legislator,"Thank you very much. This, bill will be referred to our suspense file. I thank your witnesses and the author for coming for this committee. Thank you very much. File item number 10.",AB 2222,169,287,False,procedural,,,0,False
279175,264,5216931,Mike Gipson,Legislator,"A B2641, Rodriguez. You may proceed when ready.",AB 2222,169,287,False,procedural,,,0,False
279175,265,5216932,Michelle Rodriguez,Legislator,"Thank you, Mr. Chair and Members for allowing me to present AB 2641. I would like to begin by stating that I will gladly accept the committee amendments. AB 2641 extends the sales tax exemption for individuals who repurchase their own property from a pawnbroker. This is a simple fairness measure that prevents double taxation. When someone is reclaiming their own property, they have already paid sales tax at the time of the original purchase.",AB 2222,169,287,False,substantive,,,0,False
279175,266,5216933,Michelle Rodriguez,Legislator,"Without this bill, they could be taxed again on the same item. This is not a new policy. The legislature addressed this issue in 2021, and AB 2641 simply extends existing law. This bill will narrowly. This bill is narrowly tailored. It applies only to the original owner and requires proof from the proof that sales tax was already paid.",AB 2222,169,287,False,substantive,,,0,False
279175,267,5216934,Michelle Rodriguez,Legislator,"There is no opposition, and this policy has worked without issue under current law. AB 2641 maintains fairness in the tax systems and protects consumers. With me here to testify is Albert Turico with the California Pawnbrokers Association.",AB 2222,169,287,False,unclear,,,0,False
279175,268,5216935,Mike Gipson,Legislator,Thank you very much. First witness.,AB 2222,169,287,False,procedural,,,0,False
279175,269,5219259,Albert Turico,Person,"Good afternoon, Mr. Chairman, Members of the committee.",AB 2222,169,287,False,non_legislator,,,0,False
279175,270,5216936,Albert Turico,Person,"Let me first extend my thanks to the author for her leadership on this issue. I'm here to testify on behalf of the California Association of Pawnbrokers, the sponsors of the bill. I will note for the record that you, Mr. Chairman, you ran the first bill to try to address this issue in 2015. We didn't get it done then.",AB 2222,169,287,False,non_legislator,,,0,False
279175,271,5216937,Albert Turico,Person,"It got done in the in the subsequent budget. With the five year sunset, you introduced the bill to extend the sunset in 2021, referenced by Senator Rodriguez. So we're here once again to extend the sunset in the five years. Respectfully ask for your aye vote.",AB 2222,169,287,False,non_legislator,,,0,False
279175,272,5216938,Mike Gipson,Legislator,"Thank you very much. Any witnesses in the room wishing to speak in support of this measure, 2641? Just please come forward. Hearing and seeing none.",AB 2222,169,287,False,procedural,,,0,False
279175,273,5216939,Mike Gipson,Legislator,Primary opposition to this measure 2641. Hearing and seeing none. Anyone in the room wishing to speak in opposition? Hearing and seeing none. Bring it back to the committee.,AB 2222,169,287,False,procedural,,,0,False
279175,274,5216940,Mike Gipson,Legislator,"Hearing and seeing none, I would ask the, author if you wish to close.",AB 2222,169,287,False,unclear,,,0,False
279175,275,5216941,Michelle Rodriguez,Legislator,"Thank you, and I respectfully ask for an aye vote.",AB 2222,169,287,False,procedural,,,0,False
279175,276,5216942,Mike Gipson,Legislator,"Oh, just wanna confirm that you have agreed to adding a five year sunset to this bill.",AB 2222,169,287,False,unclear,,,0,False
279175,277,5216943,Michelle Rodriguez,Legislator,Yes.,AB 2222,169,287,False,unclear,,,0,False
279175,278,5216944,Mike Gipson,Legislator,Yes. Great. Thank you very much. This bill is a vote item. I need a motion.,AB 2222,169,287,False,procedural,,,0,False
279175,279,5216945,Kate Sanchez,Legislator,Motion.,AB 2222,169,287,False,unclear,,,0,False
279175,280,5216946,Mike Gipson,Legislator,Been moved by Vice Chair Sanchez.,AB 2222,169,287,False,unclear,,,0,False
279175,281,5216947,Sharon Quirk-Silva,Legislator,The second from Quirk-Silva.,AB 2222,169,287,False,unclear,,,0,False
279175,282,5216948,Mike Gipson,Legislator,"Second from Quirk-Silva. Madam Secretary, the amendment adds a five year sunset. The motion is do passed as amended to the Assembly Committee on Appropriation. Madam Secretary, please call the roll.",AB 2222,169,287,False,unclear,,,0,False
279175,283,5216949,Committee Secretary,Person,The motion is do passed as amended to appropriations. [Roll Call] That bill is out. 4-0.,AB 2222,169,287,False,non_legislator,,,0,False
279175,284,5216950,Mike Gipson,Legislator,"That bill is out, and we'll keep the role open for absent members to add on.",AB 2222,169,287,False,unclear,,,0,False
279175,285,5216951,Mike Gipson,Legislator,"So we will keep the role open for the next ten minutes for absent members. Okay. So any staff members that's watching the revenue taxation committee, please, ask your members to please report to Room 126, to have your members come and add on to bills that have been passed by this committee if they wanna be added on. We'll keep the role open for the next nine and a half minutes. Thank you.",AB 2222,169,287,False,substantive,employment_workforce,staff,1,True
279175,286,5216952,Committee Secretary,Person,[Roll Call],AB 2222,169,287,False,non_legislator,,,0,False
279175,287,5216953,Mike Gipson,Legislator,Great. The rev and tax committee stands at adjourn.,AB 2222,169,287,False,unclear,,,0,False
279611,769,6927599,Rebecca Bauer-Kahan,Legislator,All members vote who desire to vote.,AB 2222,769,1659,False,unclear,,,0,False
279611,770,6933614,Committee Secretary,Person,"Assembly Bill 2222 by Assembly Member Ward and others, an act relating to taxation and making an appropriation therefore.",AB 2222,769,1659,False,non_legislator,,,0,False
279611,771,6933615,Rebecca Bauer-Kahan,Legislator,"Mr. Ward, you are recognized on the matter.",AB 2222,769,1659,False,unclear,,,0,False
279611,772,6933616,Chris Ward,Legislator,"Thank you, Madam Speaker. Members, AB 2222 is the Community News Act, and it creates a targeted journalist employment tax credit to help local news organizations hire and retain reporters covering California communities. We all know that local journalism is in crisis. Thousands of newspapers have closed nationwide, newsroom staffing has collapsed, and too many communities are losing access to reliable local reporting.",AB 2222,769,1659,True,substantive,bill_reference;local_news;journalists_reporters;news_organizations;news_decline;employment_workforce;tax_credit,AB 2222; Community News Act; local news; local journalism; local reporting; Community News; journalist; reporters; newsroom; newspapers; news organizations; newspapers have closed; hire; retain; employment; tax credit; credit,7,True
279611,773,6933617,Chris Ward,Legislator,"This bill invests directly in local journalism jobs, supporting reporters who are covering schools, local government, public safety, and community issues that Californians rely on every day. This is a content neutral, bipartisan approach focused on preserving local civic infrastructure and strengthening access to trustworthy community news. I respectfully ask for your aye vote.",AB 2222,769,1659,False,substantive,local_news;journalists_reporters;employment_workforce;editorial_independence,local journalism; community news; reporters; jobs; content,4,True
279611,774,6933618,Rebecca Bauer-Kahan,Legislator,"Thank you, Mr. Ward. Seeing and hearing no further debate on the matter, the Clerk will open the roll. All Members vote who desire to vote. All Members vote who desire to vote. All Members vote who desire to vote. Clerk will close the roll and tally the... Oh, it's a 54. Don't close the roll.",AB 2222,769,1659,False,substantive,,,0,False
279611,775,6933619,Rebecca Bauer-Kahan,Legislator,"All Members vote who desire to vote. Too quick on the draw. All Members vote who desire to vote. This is a 54 vote bill. I think when we're saving people money, it should be less. All Members vote who desire to vote. This is a 54. All Members vote who desire to vote. This requires 54. All Members vote who desire to vote. This requires 54. Clerk will close the roll and tally the vote.",AB 2222,769,1659,False,substantive,,,0,False
279611,776,6928302,Rebecca Bauer-Kahan,Legislator,"Aye 56, no 10. That measure passes.",AB 2222,769,1659,False,unclear,,,0,False
279611,777,6929242,Rebecca Bauer-Kahan,Legislator,"We have dispensed with file item 84. Moving to file item 85, AB 2234. The clerk will read",AB 2222,769,1659,False,unclear,,,0,False
279611,778,6928303,Committee Secretary,Person,"Assembly bill 2234 by Assembly member Papan, an act relating to Geothermal Resources.",AB 2222,769,1659,False,non_legislator,,,0,False
279611,779,6928304,Rebecca Bauer-Kahan,Legislator,"Miss Papan, you are recognized on the matter.",AB 2222,769,1659,False,unclear,,,0,False
279611,780,6928305,Diane Papan,Legislator,"Thank you, Madam speaker. I rise today to proudly present another geothermal bill. I really believe that geothermal is one of the ways of the future as it relates to renewable energy. And so all this bill does is it changes the definition of geothermal exploratory projects so that it takes into account a more modern way of exploring for geothermal energy. It it's really good stuff.",AB 2222,769,1659,False,substantive,,,0,False
279611,781,6928306,Diane Papan,Legislator,"Thank you, Madam majority leader. So, in any event, this bill has unanimous bipartisan support, and I respect the request an aye vote.",AB 2222,769,1659,False,procedural,,,0,False
279611,782,6928307,Rebecca Bauer-Kahan,Legislator,"Thank you. Seeing and hearing no further debate on the matter, the clerk will open the roll.",AB 2222,769,1659,False,procedural,,,0,False
279611,783,6929243,Rebecca Bauer-Kahan,Legislator,All members vote who desire to vote.,AB 2222,769,1659,False,unclear,,,0,False
279611,784,6928308,Rebecca Bauer-Kahan,Legislator,"The clerk will close the roll and tally the vote. Aye 58, no 0. The measure passes. We will pass and retain and file item 86. We will pass temporarily on file item 87.",AB 2222,769,1659,False,substantive,employment_workforce,retain,1,True
279611,785,6931602,Rebecca Bauer-Kahan,Legislator,"Pass and retain on file item 88. Moving to file item 89, AB 2258. The clerk will read.",AB 2222,769,1659,False,substantive,employment_workforce,retain,1,True
279611,786,6931603,Committee Secretary,Person,"Assembly bill 2258 by Assembly member Avila Farias, an act relating to Public Social Services and making an appropriation therefore.",AB 2222,769,1659,False,non_legislator,,,0,False
279611,787,6931604,Rebecca Bauer-Kahan,Legislator,"Miss Avila Farias, you are recognized on the matter.",AB 2222,769,1659,False,unclear,,,0,False
279611,788,6931605,Anamarie Farias,Legislator,"Thank you, Madam speaker. AB 2258 addresses California's childcare affordability crisis by redirecting underused and underutilized funds to alternative payment program. Approximately 1,800,000 income eligible children across the state do not have subsidized child care. Too often, funds have already been appropriated to serve families and go unspent while eligible families remain ever growing on wait list.",AB 2222,769,1659,False,substantive,,,0,False
279611,789,6932192,Anamarie Farias,Legislator,Gaps in child care access result in workforce that cannot fully participate and businesses that cannot operate a full capacity and an economy that falls short of its potential.,AB 2222,769,1659,False,unclear,employment_workforce,workforce,1,True
279611,790,6931606,Anamarie Farias,Legislator,"When families cannot access care, parents are unable to work, employers face instability and broader economic impacts. By ensuring that every available dollar is used to serve families, AB 2258 moves California closer to more responsive, efficient, and equitable childcare systems. Thank thank you, and I respectfully ask for an aye vote.",AB 2222,769,1659,False,substantive,,,0,False
279611,791,6931607,Rebecca Bauer-Kahan,Legislator,"Thank you, Miss Avila Farias. Seeing and hearing no further debate on the matter, the clerk will open the roll.",AB 2222,769,1659,False,procedural,,,0,False
279611,792,6932193,Rebecca Bauer-Kahan,Legislator,All members vote who desire to vote.,AB 2222,769,1659,False,unclear,,,0,False
279611,793,6933633,Rebecca Bauer-Kahan,Legislator,Clerk will close the roll and tally the vote. Ayes: 61; no: zero. That measure passes. We'll pass and retain on File Item 90. Moving to File Item 91: AB 2270. The clerk will read.,AB 2222,769,1659,False,substantive,employment_workforce,retain,1,True
279611,794,6933634,Reading Clerk,Person,"Assembly Bill 2270 by Assembly Member Arambula, an act relating to taxation to take effect immediately. Tax levy.",AB 2222,769,1659,False,non_legislator,,,0,False
279611,795,6933635,Rebecca Bauer-Kahan,Legislator,"Mr. Arambula, you are recognized on the matter.",AB 2222,769,1659,False,unclear,,,0,False
279611,796,6933636,Joaquin Arambula,Legislator,"Thank you, Madam Speaker and members. California's farmworkers are essential to our state's economy and to its food supply, and yet they face some of the most severe housing instability in our state. Because farmworker housing must be located near agricultural fields, they oftentimes are lacking some of the amenities such as public transit, libraries, or pharmacies, and these projects have been routinely penalized in our current scoring process for affordable housing projects and are less competitive for funding.",AB 2222,769,1659,False,substantive,,,0,False
279611,797,6933637,Joaquin Arambula,Legislator,"To provide farmworker communities with better access to low-income housing credits, AB 2270 creates scoring parity in the C tax scoring criteria and recognizes the geographic realities of agricultural communities. With that, I respectfully ask for an aye vote.",AB 2222,769,1659,False,substantive,,,0,False
279611,798,6933638,Rebecca Bauer-Kahan,Legislator,"Thank you, Mr. Arambula. Seeing and hearing no further debate on the matter, the clerk will open the roll. All members vote who desire to vote. All members vote who desire to vote. All members vote who desire to vote. This requires 54. All members vote who desire to vote. All members vote who desire to vote. This requires 54. All members vote who desire to vote. This requires 54.",AB 2222,769,1659,False,substantive,,,0,False
279611,799,6936389,Rebecca Bauer-Kahan,Legislator,All members vote who desire to vote. This is a 54.,AB 2222,769,1659,False,unclear,,,0,False
279611,800,6937010,Rebecca Bauer-Kahan,Legislator,Mister Arambula moves the call.,AB 2222,769,1659,False,unclear,,,0,False
279611,801,6937011,Rebecca Bauer-Kahan,Legislator,"We are gonna move back up in file item order to file item 38, AB 1609. The clerk will read.",AB 2222,769,1659,False,unclear,,,0,False
279611,802,6936390,Committee Secretary,Person,"Assembly bill 1609 by Assembly member Zbur, an act relating to Artificial Intelligence.",AB 2222,769,1659,False,non_legislator,,,0,False
279611,803,6936391,Rebecca Bauer-Kahan,Legislator,"Mister Zbur, you are recognized on the matter.",AB 2222,769,1659,False,unclear,,,0,False
279611,804,6936392,Rick Chavez Zbur,Legislator,"Thank you, Madam speaker. Members, I rise today to present AB 1609 sponsored by the Communication Workers of America District Council 9. This bill restores a basic expectation. When Californians need help, especially with essential services, that they can reach a human being in a reasonable amount of time. Technology should make life easier, not block people from getting help.",AB 2222,769,1659,False,substantive,,,0,False
279611,805,6936393,Rick Chavez Zbur,Legislator,"During the COVID pandemic, I spent more than four hours on hold at one point trying to get medication for my 98 year old mother. And, of course, did not wanna drive into the store because doing that would expose me and potentially her to COVID. After going nowhere, I reluctantly ended up having to drive to the store to deal with the situation myself and actually showed them how long I'd been on hold that day as they were not doing anything to answer the phone.",AB 2222,769,1659,False,substantive,,,0,False
279611,806,6936394,Rick Chavez Zbur,Legislator,"Today, too many people are trapped in phone trees, AI chatbots, and endless hold times when dealing with providers of goods and services, health care, utilities, housing, and travel emergencies, and others. Being able to reach a human customer service agent can at times be critical or life threatening.",AB 2222,769,1659,False,substantive,,,0,False
279611,807,6936395,Rick Chavez Zbur,Legislator,Customers need to be able to promptly fill a medication to prevent their utilities from getting shut off and access sensitive information for scheduling purposes.,AB 2222,769,1659,False,unclear,,,0,False
279611,808,6936396,Rick Chavez Zbur,Legislator,"AB 1609 ensures meaningful access to live assistance by requiring that large businesses offer access to a live human representative during business hours, limiting hold times after a telephonic call or online customer service inquiry is answered, requiring transparency, including clear disclosure of AI use and prohibiting AI from being presented as human, and prominently displaying a phone number if one is made available for live assistance. AB 1609 does not ban automation. Under this bill, businesses may continue using AI and automated systems.",AB 2222,769,1659,False,substantive,,,0,False
279611,809,6936397,Rick Chavez Zbur,Legislator,"However, automation cannot replace real and vital workers or be used as a barrier to the prevents people from reaching prompt help when they need it.",AB 2222,769,1659,False,unclear,,,0,False
279611,810,6936398,Rick Chavez Zbur,Legislator,"This bill not only provides needed customer protections when customer service is needed, it also recognizes the critical importance of human workers. I amended AB 1609 significantly in policy committee to address the first round of concerns that were raised with the prior version of the bill and to show that I have been and am willing to continue to work in good faith with all of the stakeholders should this be this bill come off the floor today.",AB 2222,769,1659,False,substantive,,,0,False
279611,811,6936399,Rick Chavez Zbur,Legislator,"We have shared with numerous stakeholders additional numerous amendments to the bill that address, I think, almost every single issue that has been raised, and we'll continue working with those stakeholders as the bill moves forward. I wanna thank the California Chamber of Commerce, the various business entities who have worked cooperatively with my office.",AB 2222,769,1659,False,substantive,,,0,False
279611,812,6936400,Rick Chavez Zbur,Legislator,"I think they will tell you that we have been working diligently to try to make sure that the goal of this bill, which is to make sure that people can get the help that they need is fruitful.",AB 2222,769,1659,False,unclear,,,0,False
279611,813,6936401,Rick Chavez Zbur,Legislator,"This bill is simple. Given the accelerated deployment of AI and the increasing difficulty in trying to reach an actual person, this bill ensures that we can talk to a human being when we need customer service support help. That's what it's about. With that, I respectfully ask for your aye vote on AB 1609.",AB 2222,769,1659,False,substantive,,,0,False
279611,814,6936402,Rebecca Bauer-Kahan,Legislator,"Thank you, Mister Zbur. Seeing and hearing no further debate on the matter, the clerk will open the roll.",AB 2222,769,1659,False,procedural,,,0,False
279611,815,6937012,Rebecca Bauer-Kahan,Legislator,All members vote who desire to vote.,AB 2222,769,1659,False,unclear,,,0,False
279611,816,6934339,Rebecca Bauer-Kahan,Legislator,"The clerk will close the roll and tally the vote. Ayes, 42, no 16. That measure passes. Moving back up in file order, we will pass and retain on file items 92 and 93. Moving to file item 94, AB 2301, the clerk will read.",AB 2222,769,1659,False,substantive,employment_workforce,retain,1,True
279611,817,6934340,Committee Secretary,Person,"Assembly bill 2301 by Assemblymember Soria, enact relating to post secondary education.",AB 2222,769,1659,False,non_legislator,,,0,False
279611,818,6934341,Rebecca Bauer-Kahan,Legislator,"Miss Soria, you are recognized on the matter?",AB 2222,769,1659,False,unclear,,,0,False
279611,819,6934342,Esmeralda Soria,Legislator,"Thank you, madam speaker. AB 2301 will help address our health care workforce shortage and improve the access and affordability of a nursing degree by establishing a pilot program, allowing up to 10 community college districts to establish nursing bachelor's program. California is projected to be short over 44,000 registered nurses by 2030.",AB 2222,769,1659,False,substantive,employment_workforce,workforce,1,True
279611,820,6934343,Esmeralda Soria,Legislator,"This shortage is felt the hardest in rural areas like the Central Valley, where we've already seen the impacts it had on the Madera Community Hospital closure, in part due to its lack of available, medical, personnel. While our exceptional community college system has provided many students with a with an associate's degree in nursing, our health care system more frequently demands a bachelor's.",AB 2222,769,1659,False,substantive,,,0,False
279611,821,6934344,Esmeralda Soria,Legislator,"With our rural students, while our rural students would love to complete their education at a CSU campus, they don't always have the transportation to reach the schools. And when they do, there may not be any slots available. It is all to comment for our most promising students to uproot their lives to go to schools in other parts of the state or out of state and never coming back or attend a closer private university where they are burdened with huge amounts of debt.",AB 2222,769,1659,False,substantive,,,0,False
279611,822,6934345,Esmeralda Soria,Legislator,"Our community college are the most affordable and accessible higher education option for California students, and are already and they are ready to help us meet this challenge if we let them. AB 2301 does this by directing the Community College Chancellor's Office to select up to 10 community college districts to participate in the pilot project.",AB 2222,769,1659,False,substantive,,,0,False
279611,823,6934346,Esmeralda Soria,Legislator,I respectfully ask for an aye vote.,AB 2222,769,1659,False,unclear,,,0,False
279611,824,6934347,Rebecca Bauer-Kahan,Legislator,"Thank you so much. Mister Jeff Gonzales, you are recognized on the matter.",AB 2222,769,1659,False,procedural,,,0,False
279611,825,6934348,Jeff Gonzalez,Legislator,"I wanna thank the author on on this bill. Once again, we're thinking outside the box when it comes to higher education, especially in the most rural areas. Absolutely applaud the author. I've been saying this from day one that we need to rethink higher education. With that, I asked all my colleagues to vote in support of this.",AB 2222,769,1659,False,substantive,,,0,False
279611,826,6934349,Rebecca Bauer-Kahan,Legislator,"Thank you, mister Gonzales. Miss Bonta, you are recognized on the matter?",AB 2222,769,1659,False,procedural,,,0,False
279611,827,6934350,Mia Bonta,Legislator,"Thank you. I also rise in support of AB 2301 and wanna thank our colleague from, the Valley for bringing this forward. We had an opportunity to visit across the state of California during the interim.",AB 2222,769,1659,False,procedural,,,0,False
279611,828,6934351,Mia Bonta,Legislator,"And one of the things that was resoundingly clear was that people really wanted to be able to grow their own, be able to identify the places, particularly our community colleges, and make sure that they get leveraged and used to be able to make sure that we have the health care workers that we need to support our health care system. With that, I respectfully press your aye vote on this very important bill.",AB 2222,769,1659,False,substantive,,,0,False
279611,829,6934352,Rebecca Bauer-Kahan,Legislator,"Thank you, miss Bonta. Seeing and hearing no further debate on the matter, miss Soria, would you like to close?",AB 2222,769,1659,False,procedural,,,0,False
279611,830,6934353,Esmeralda Soria,Legislator,"I wanna thank, both my colleagues from Oakland and the Imperial Valley. Did I get it? Thank you for the support. I appreciate the bipartisan support on this issue, and I respectfully ask for an aye vote.",AB 2222,769,1659,False,procedural,,,0,False
279611,831,6934354,Rebecca Bauer-Kahan,Legislator,Clerk will open the roll. All members vote who desire to vote. All members vote who desire to vote. All members vote who desire to vote. The clerk will close the roll and tally vote.,AB 2222,769,1659,False,unclear,,,0,False
279611,832,6933639,Rebecca Bauer-Kahan,Legislator,"Ayes, 56; noes, zero. The measure passes. We'll pass and retain on file items 95 through 99. Moving to file item 100, AB 2343. The clerk will read.",AB 2222,769,1659,False,substantive,employment_workforce,retain,1,True
279611,833,6933640,Committee Secretary,Person,"Assembly Bill 2343 by Assemblymember Patel and others, an act relating to substance use disorder.",AB 2222,769,1659,False,non_legislator,,,0,False
279611,834,6933641,Rebecca Bauer-Kahan,Legislator,"Ms. Patel, you are recognized on the matter.",AB 2222,769,1659,False,unclear,,,0,False
279611,835,6933642,Darshana Patel,Legislator,"Thank you, madam speaker. Members, I rise today to present AB 2343, which requires private license alcohol and drug treatment facilities to participate in DHCS's designated treatment directory and consumer protection platform. This ensures that treatment is readily accessible for all Californians, even during their most difficult moments. This received unanimous support in Policy Committee, and I respectfully ask your aye vote. Thank you.",AB 2222,769,1659,False,substantive,,,0,False
279611,836,6933643,Rebecca Bauer-Kahan,Legislator,"Thank you, Ms. Patel. Seeing and hearing no further debate on the matter, the clerk will open the roll. All members vote who desire to vote. All members vote who desire to vote. All members vote who desire to vote.",AB 2222,769,1659,False,procedural,,,0,False
279611,837,6943435,Rebecca Bauer-Kahan,Legislator,"Clerk will close the roll and tally the vote. Ayes 62, noes 1. That measure passes. Moving to file item 101, AB 2346. The Clerk will read.",AB 2222,769,1659,False,unclear,,,0,False
279611,838,6943436,Committee Secretary,Person,"Assembly Bill 2346 by Assembly Member Wilson and others, an act relating to vehicles.",AB 2222,769,1659,False,non_legislator,,,0,False
279611,839,6943437,Rebecca Bauer-Kahan,Legislator,"Ms. Wilson, you are recognized to open on the matter.",AB 2222,769,1659,False,unclear,,,0,False
279611,840,6943438,Lori Wilson,Legislator,"Thank you, Madam Speaker. Good... I think it's still afternoon, not evening yet. Good afternoon, Members. So alongside joint author Assembly Member Berman, I'm proud to present AB 2346, a measure aimed at modernizing California's e bike safety laws and protect our communities while ensuring we preserve access to this growing mode of accessible and sustainable transportation.",AB 2222,769,1659,False,substantive,,,0,False
279611,841,6943439,Lori Wilson,Legislator,"As e bike technology continues to rapidly grow, our laws must keep up the pace to ensure that we have safety on our roads, bike paths, and sidewalks that are for communities that for our communities to utilize them. California is currently experiencing a sharp increase in serious e bike related injuries.",AB 2222,769,1659,False,substantive,,,0,False
279611,842,6943440,Lori Wilson,Legislator,"Physicians across California are also raising alarm about the growing number of preventable injuries tied to high speeds and lack of safeguards, particularly among children and teenagers. These devices are often marketed like toys but can operate at high speeds and are legally available for young children to use.",AB 2222,769,1659,False,substantive,,,0,False
279611,843,6943441,Lori Wilson,Legislator,"Utilizing the Internet and other social media apps, e bikes can also be easily modified to exceed legal speeds, putting riders and the public at risk, with some modifications ramping up to speeds higher speeds such as 30 or even 40 miles per hour. So AB 2346 implements targeted and practical solutions such as, but not limited to, requiring speedometers on class one and two e bikes and integrated lights on all e bikes.",AB 2222,769,1659,False,substantive,,,0,False
279611,844,6943442,Lori Wilson,Legislator,"Establishing clear speed limits, including 15 miles per hour for minors and limits on sidewalks. Providing local governments authority to set speed limits where needed, and requiring clear consumer education at the point of sale so riders understand the law.",AB 2222,769,1659,False,substantive,,,0,False
279611,845,6944050,Lori Wilson,Legislator,"These changes focus on behavior to reduce speeds and improve awareness, not to restrict user access. It's a balanced approach that improves public safety, empowers local communities, and supports the continued growth of sustainable transportation. With that, I respectfully ask for an aye vote.",AB 2222,769,1659,False,substantive,,,0,False
279611,846,6943443,Rebecca Bauer-Kahan,Legislator,"Thank you, Ms. Wilson. Ms. Boerner, you are recognized on the matter.",AB 2222,769,1659,False,procedural,,,0,False
279611,847,6943444,Tasha Boerner,Legislator,"Yes. I rise as a proud co-author of AB 2346. I wanna thank the author for bringing this bill forward. As a long time champion for e bike safety in the legislature, I appreciate the Chair's efforts to ensure that California is being thoughtful about safety for e bike riders across the state.",AB 2222,769,1659,False,substantive,,,0,False
279611,848,6943445,Tasha Boerner,Legislator,"8077 is home to any many e bike users, including myself and my family. It's important that we ensure that there are safeguards in place, especially when it comes to protecting our children operating e bikes. I respectfully ask for your aye vote.",AB 2222,769,1659,False,unclear,,,0,False
279611,849,6943446,Rebecca Bauer-Kahan,Legislator,"Thank you, Ms. Boerner. Seeing and hearing no further debate on the matter, the Clerk will open the roll. All Members vote who desire to vote. All Members vote who desire to vote. All Members vote who desire to vote.",AB 2222,769,1659,False,procedural,,,0,False
279611,850,6937801,Rebecca Bauer-Kahan,Legislator,"All members vote who desire to vote. Clerk will close the roll and tally the vote. Ayes, 59; noes, zero. That measure passes. We'll move back up in file order to AB 2329.",AB 2222,769,1659,False,unclear,,,0,False
279611,851,6937802,Rebecca Bauer-Kahan,Legislator,"The clerk will read, highlighted 98.",AB 2222,769,1659,False,unclear,,,0,False
279611,852,6937803,Committee Secretary,Person,"Assembly Bill 2329 by Assemblymember Fong and others, an act relating to surplus residential property.",AB 2222,769,1659,False,non_legislator,,,0,False
279611,853,6937804,Rebecca Bauer-Kahan,Legislator,"Mr. Fong, you are recognized on the matter.",AB 2222,769,1659,False,unclear,,,0,False
279611,854,6937805,Mike Fong,Legislator,"Thank you so much, madam speaker. Members, Assembly Bill 2329 is a district-related bill. In 2018, the decision was made to abandon the completion of the 710 Freeway in the Greater LA area. As a result, all the homes purchased by Caltrans to make way for the freeway became surplus property.",AB 2222,769,1659,False,substantive,,,0,False
279611,855,6937806,Mike Fong,Legislator,"Current law under Robertiack maps out the process process for Caltrans to sell their homes to former owners, current and past tenants, the cities where the homes are located, and private housing entities for affordable housing.",AB 2222,769,1659,False,unclear,,,0,False
279611,856,6937807,Mike Fong,Legislator,"However, the sales processes for tenants has taken a long time, not just months, but years. AB 2379 is attempt to expedite the sale of the homes to current and former tenants and require more transparency. If an agreement is not reached, the bill allows the city of South Pasadena to facilitate the sales. I respectfully ask for an aye vote.",AB 2222,769,1659,False,substantive,,,0,False
279611,857,6937808,Rebecca Bauer-Kahan,Legislator,"Thank you, Mr. Fong. Seeing and hearing no further debate on the matter, the clerk will open the roll. All members vote who desire to vote. All members vote who desire to vote. All members vote who desire to vote.",AB 2222,769,1659,False,procedural,,,0,False
279611,858,6946306,Rebecca Bauer-Kahan,Legislator,"The clerk will close the roll and tally the vote. Aye 63, no 0. That measure passes. We'll move back down in file order. We will move to file item 102, AB 2353. The clerk will read.",AB 2222,769,1659,False,unclear,,,0,False
279611,859,6946307,Committee Secretary,Person,"Assembly bill 2353 by Assembly member Pacheco and others, an act relating to Health Care.",AB 2222,769,1659,False,non_legislator,,,0,False
279611,860,6946308,Rebecca Bauer-Kahan,Legislator,"Miss Pacheco, you are recognized on the matter.",AB 2222,769,1659,False,unclear,,,0,False
279611,861,6946309,Blanca Pacheco,Legislator,"Thank you, Madam speaker and members. Today, I rise to present a very important bill, AB 2353, which provides independent data driven analysis on the cost and impact of health care legislation. This bill mirrors a framework you all supported last week. AB 2124, the rate payer protection act. That bill requires an independent body to evaluate the efficacy and cost impacts of proposed legislative mandates on electric and natural gas customers.",AB 2222,769,1659,False,substantive,,,0,False
279611,862,6946310,Blanca Pacheco,Legislator,"The bill passed this floor 71 to 0. The bill I'm presenting today does the same thing. But rather than evaluate fees to utilities, it requires an independent analysis of how proposed legislative mandates affect our struggling hospitals. Members, hospital care in California is under threat. Nearly 45% of our hospitals operate at a deficit.",AB 2222,769,1659,False,substantive,,,0,False
279611,863,6946311,Blanca Pacheco,Legislator,"In 2025 alone, financial strain forced hospitals and health systems to lay off 3,500 workers. Three hospitals closed in the last three years and dozens more have slashed services. Between federal health care cuts and the state's budget deficit. California's health care system cannot withstand additional strains without sacrificing patient care. Our constituents trust us to evaluate the many healthcare related legislative proposals.",AB 2222,769,1659,False,substantive,,,0,False
279611,864,6946312,Blanca Pacheco,Legislator,"But when we make decisions about these bills, we often vote on these proposals without comprehensive and independent analysis data about the downstream impact on patient care and costs.",AB 2222,769,1659,False,unclear,,,0,False
279611,865,6946313,Blanca Pacheco,Legislator,"Recently enacted hospital mandates have added billions of dollars in cost. Costs that are ultimately shouldered by patients, families, and employers. While we have an entity that evaluates proposed health care I'm sorry, health insurance mandates, no agency is tasked with reviewing the cost of mandates imposed on health care providers.",AB 2222,769,1659,False,substantive,,,0,False
279611,866,6946925,Blanca Pacheco,Legislator,AB 2353 fills that gap by directing the Department of Health Care Access in partnership with the University of California to establish the Center for Health Provider Policy Impact.,AB 2222,769,1659,False,unclear,,,0,False
279611,867,6946314,Blanca Pacheco,Legislator,"The center will provide independent analysis of proposed legislation, regulations, and other policy actions affecting hospitals, giving us the data we need to protect health care access and affordability.",AB 2222,769,1659,False,unclear,,,0,False
279611,868,6946315,Blanca Pacheco,Legislator,"This bill has come a long way from its first iteration and I am committed. I promise you, I am committed to continue to continue to address the remaining concerns as the bill moves forward. Members, we face complex policy decisions every day. AB 2353 provides a critical tool to assess the cost of health care legislation and safeguard the future of patient care. I respectfully ask for your aye vote.",AB 2222,769,1659,False,substantive,,,0,False
279611,869,6946316,Rebecca Bauer-Kahan,Legislator,"Thank you, Miss Pacheco. Seeing and hearing no further debate on the matter, the clerk will open the roll.",AB 2222,769,1659,False,procedural,,,0,False
279611,870,6946926,Rebecca Bauer-Kahan,Legislator,All members vote who desire to vote.,AB 2222,769,1659,False,unclear,,,0,False
279611,871,6946317,Rebecca Bauer-Kahan,Legislator,This is a 54 vote bill.,AB 2222,769,1659,False,unclear,,,0,False
279611,872,6946927,Rebecca Bauer-Kahan,Legislator,All members vote who desire to vote.,AB 2222,769,1659,False,unclear,,,0,False
279611,873,6946928,Rebecca Bauer-Kahan,Legislator,This requires 54.,AB 2222,769,1659,False,unclear,,,0,False
279611,874,6946929,Rebecca Bauer-Kahan,Legislator,"All members vote who deserve it, but this requires 54.",AB 2222,769,1659,False,unclear,,,0,False
279611,875,6946318,Rebecca Bauer-Kahan,Legislator,All members vote who desire to vote. This requires 54.,AB 2222,769,1659,False,unclear,,,0,False
279611,876,6946930,Rebecca Bauer-Kahan,Legislator,"Miss Pacheco moves the call. And members, we are going to open the call, lift the call, but let me get my board ready.",AB 2222,769,1659,False,unclear,,,0,False
279611,877,6940627,Lori Wilson,Legislator,"We're gonna lift the call on assembly member Rambula's bill, file item 91, AB 2270. The clerk will post. All members vote who desire to vote. All members vote who desire to vote. This requires 54.",AB 2222,769,1659,False,unclear,,,0,False
279611,878,6940628,Lori Wilson,Legislator,"All members clerk will close the roll until I vote. Ayes 56, no ayes 57, no six. That measure passes. Now we're gonna lift the call on file item 35, AB 1542. Mister Ward's bill, the clerk will post.",AB 2222,769,1659,False,unclear,,,0,False
279611,879,6940629,Lori Wilson,Legislator,"All members vote who desire to vote? All members vote who desire to vote? Members vote who desire to vote. The clerk will close the roll and tally votes. Ayes, 41, no 17.",AB 2222,769,1659,False,unclear,,,0,False
279611,880,6940630,Lori Wilson,Legislator,That measure passes.,AB 2222,769,1659,False,unclear,,,0,False
279611,881,6940631,Robert Rivas,Legislator,"Alright. We are going to pass temporarily. File item 103. We're gonna pass retain on 104, pass temporarily on 105. We've already dispensed with 106.",AB 2222,769,1659,False,substantive,employment_workforce,retain,1,True
279611,882,6940632,Robert Rivas,Legislator,"Members, we are ready to go. We're gonna skip back in the file order and take up file item number 53. That is AB 1776 by our majority leader. Clerk will read.",AB 2222,769,1659,False,procedural,,,0,False
279611,883,7068941,Committee Secretary,Person,"Assembly bill 1776 by Assembly member, Aguiar-Curry and others, and act relating to business regulations.",AB 2222,769,1659,False,non_legislator,,,0,False
279611,884,7068942,Robert Rivas,Legislator,"Just a moment, madam majority leader. Thank you, members. Madam majority leader, you may open on the measure.",AB 2222,769,1659,False,procedural,,,0,False
279611,885,7068943,Cecilia Aguiar-Curry,Legislator,"Thank you, mister speaker and members. First, I want to thank all of my colleagues who took the time to connect with me and discuss this bill. From the bottom of my heart, thank you. And you all know those of you that have spent the spend the time on this bill. You know, I know many of you have heard I have this small district bill.",AB 2222,769,1659,False,substantive,,,0,False
279611,886,7068944,Cecilia Aguiar-Curry,Legislator,"But in all seriousness, this is a complex but critically important issue. California Cartwright Act is our state's primary antitrust law. But it contains a major loophole. If two businesses conspire to undercut competition, that's illegal. That kind of anti competitive conduct hurts competitors, consumers, and workers.",AB 2222,769,1659,False,substantive,,,0,False
279611,887,7068945,Cecilia Aguiar-Curry,Legislator,"It hurts everyone except the companies who rig the system. But if one dominant company takes the same actions and causes the same harm, the Cartwright Act does not cover it. That does not make sense. And federal law and 45 states agree. Both federal law and the vast majority of other states recognize that one dominant company can be just as harmful as two companies acting together.",AB 2222,769,1659,False,substantive,,,0,False
279611,888,7068946,Cecilia Aguiar-Curry,Legislator,"This conversation is especially important now because consolidation has touched nearly every part of our economy. Since the 1990s, more than 75% of US industries have experienced increased market concentration. That means higher prices, fewer choices, fewer opportunities for job creators to start small businesses, and suppressed wages for working families. I took on this issue because one of my proudest accomplishments as the mayor of Winters was helping build a thriving main street full of successful and engaged small businesses.",AB 2222,769,1659,False,substantive,employment_workforce;tax_credit,job; wages,2,True
279611,889,7068947,Cecilia Aguiar-Curry,Legislator,"Today, many of those businesses are struggling to compete as suppliers disappear and markets become more concentrated.",AB 2222,769,1659,False,unclear,,,0,False
279611,890,7068948,Cecilia Aguiar-Curry,Legislator,"I hear from restaurant owners facing higher supply costs and fewer choices. I see it on my family farm when suppliers no longer exist. This issue is is economy wide, and the legislature recognized that when we passed a bipartisan resolution directing the California Law Revision Commission to study the Cartwright Act. The commission spent more than three years. They studied this issue with 8 working groups of legal experts, economists, and stakeholders.",AB 2222,769,1659,False,substantive,,,0,False
279611,891,7068949,Cecilia Aguiar-Curry,Legislator,"They held 18 public meetings, receiving thousands of public comments, and draft a proposal that works within California's existing antitrust framework. This bill does not punish success. It does not punish corporate growth. AB 1776 is about making sure that when a dominant company abuses its power to shut out competition and harm consumers, workers, and small businesses, California has the tools to respond. This bill protects free and fair competition and helps ensure the California marketplace works for everyone.",AB 2222,769,1659,False,substantive,,,0,False
279611,892,7068950,Cecilia Aguiar-Curry,Legislator,"I know I know we have much more to do. But without a single proposed amendment from the major opponents, we have already taken significant amendments to the bill based on your feedback, colleagues. Your feedback. I exempted small businesses and added strong guardrails. And I am committing to you today to remove section three from the bill and move a narrowed down version from statutory to intent language in Section one.",AB 2222,769,1659,False,substantive,editorial_independence,guardrails,1,True
279611,893,7068951,Cecilia Aguiar-Curry,Legislator,I ask that you let me continue that work. Thank you very much.,AB 2222,769,1659,False,procedural,,,0,False
279611,894,7068952,Robert Rivas,Legislator,"Thank you, madam majority leader. Assemblymember Macedo, you are recognized.",AB 2222,769,1659,False,procedural,,,0,False
279611,895,7068953,Alexandra Macedo,Legislator,"Thank you, mister speaker. I'm hearing from essential services in my district like waste haulers about the fact that they have exclusive franchises with cities and counties that are concerned about liability exposure as a result of this bill. If a city or county grants an exclusive agreement or franchise to a business, I don't believe these types of businesses should have liability here.",AB 2222,769,1659,False,substantive,information_effects,fact,1,True
279611,896,7068954,Alexandra Macedo,Legislator,"It's my understanding that it's not the author's intent to capture these types of businesses like waste haulers, but my question to the author is, are you planning on fixing this issue?",AB 2222,769,1659,False,unclear,,,0,False
279611,897,7068955,Cecilia Aguiar-Curry,Legislator,Whoops. We will be addressing that in,AB 2222,769,1659,False,unclear,,,0,False
279611,898,7068956,Robert Rivas,Legislator,"Without objection. Question. Madam majority leader, you may answer. You may respond.",AB 2222,769,1659,False,unclear,,,0,False
279611,899,7068957,Cecilia Aguiar-Curry,Legislator,I will be addressing that in the Senate. Absolutely.,AB 2222,769,1659,False,unclear,,,0,False
279611,900,7068958,Alexandra Macedo,Legislator,"Thank you, Madam majority leader.",AB 2222,769,1659,False,procedural,,,0,False
279611,901,7068959,Robert Rivas,Legislator,"Okay. Continuing on Assemblymember Papan, you are recognized.",AB 2222,769,1659,False,unclear,,,0,False
279611,902,7068960,Diane Papan,Legislator,"Well, thank you, mister speaker. First of all, I wanna thank our majority leader for taking this on. It is a monumental task to take this on, but not one that is not needed. There have been certain segments of our economy that have been so anti competitive that they have literally eviscerated small business. And I say that with a lot of passion because it has been painful to watch.",AB 2222,769,1659,False,substantive,,,0,False
279611,903,7068961,Diane Papan,Legislator,"Now what we've seen at the federal level is that there's been a lot of difficulty with enforcing antitrust laws, so that some of this anti competitive behavior is brought, or can be prevented. So I first want to start by saying there is tremendous need for the bill, and I don't think anybody can dispute that. The second thing I want to talk about is the actual content of the bill. In its current form, I think it's a start.",AB 2222,769,1659,False,substantive,editorial_independence,content,1,True
279611,904,7068962,Diane Papan,Legislator,And I wanna thank the majority leader for taking amendments and working with us to get to the point where we are so that we can get some help against what has been some very ruthless anti competitive conduct.,AB 2222,769,1659,False,unclear,,,0,False
279611,905,7068963,Diane Papan,Legislator,"And I look forward to working with the author in the Senate so that we can, create perhaps some additional parameters and some get some additional guidance as it relates to what the conduct will consist of and perhaps where where these laws should be applied. So I thank you, and I am happy to support the bill today and continue working.",AB 2222,769,1659,False,substantive,,,0,False
279611,906,7068964,Robert Rivas,Legislator,"Thank you, Assemblymember Pappen. Assemblymember Connolly, you are recognized.",AB 2222,769,1659,False,procedural,,,0,False
279611,907,7068965,Damon Connolly,Legislator,"Thank you, mister speaker and members. I rise today in strong support of AB 1776. AB 1776 is necessary to fix long overdue issues, and many of us who have practiced in antitrust have been well aware of these issues and inequities created by California antitrust law. This would help support our small businesses, consumers, and workers.",AB 2222,769,1659,False,substantive,,,0,False
279611,908,7068966,Damon Connolly,Legislator,"At a time, and my colleague mentioned this, when we are witnessing big corporations dominate markets and further strengthen their monopolies, this bill is critical towards increasing competitiveness and offering consumers, workers, and small businesses a chance to see the benefits they have produced.",AB 2222,769,1659,False,substantive,,,0,False
279611,909,7068967,Damon Connolly,Legislator,"As the affordability crisis grows, big corporations are increasing their profits, and the working class is being left behind, struggling to provide for their families. By holding big businesses accountable, we will instill free and fair competition in our markets and encourage fair and stable economic growth. Thank you again to the author for introducing this important measure, and I respectfully ask for your aye vote.",AB 2222,769,1659,False,substantive,,,0,False
279611,910,7068968,Robert Rivas,Legislator,"Thank you. Assemblymember Connolly. Assemblymember Kalra, you are recognized.",AB 2222,769,1659,False,procedural,,,0,False
279611,911,7068969,Ash Kalra,Legislator,"Thank you, mister speaker. I wanna thank our majority leader for bringing, this bill forward. More importantly, for all the work, that has been put into this over many, many months, to ensure that California updates, its laws to reflect the modern economy.",AB 2222,769,1659,False,substantive,,,0,False
279611,912,7068970,Ash Kalra,Legislator,"The law revision commission in January this year released the proposal to reform the Cartwright Act to addressing all firm conduct, And this bill would enact those recommendations and use somewhat of a hybrid approach, which will really honor many, many years of case law, recognizing that California's anti competition laws are and should continue to be even stronger than federal regulations.",AB 2222,769,1659,False,substantive,,,0,False
279611,913,7068971,Ash Kalra,Legislator,"But the reality is that even when you think about the the two party conduct rule, that was made during a time prior to e-commerce, prior to how we conduct our business these days, and prior to the ability that exists now for one company to have so much power over our market, that these revisions are so critical in order to ensure that California consumers and small businesses have an opportunity to have a fair shot of participating in the current modern economy.",AB 2222,769,1659,False,substantive,,,0,False
279611,914,7068972,Ash Kalra,Legislator,"And by ensuring that by allowing this bill to move forward, we're making it very clear that California, first of all, is not gonna fall behind so many other states that have already taken action, but that California honestly should be a leader on this. Much of that new economy is being created here, in California, and I think this puts some guardrails and some definition as to how we want that new economy to look like. And so I'm incredibly grateful, to the author, for bringing this forward.",AB 2222,769,1659,False,substantive,editorial_independence,guardrails,1,True
279611,915,7068973,Ash Kalra,Legislator,"I think it's really not that complicated of a piece of legislation, and and it's pretty straightforward in what it's trying to achieve in ensuring that we don't allow any actors to have such inordinate influence over our markets, that not only does it have an anti competitive impact on other businesses in the market, but it also doesn't shut out the opportunity for consumers to have a genuine real choice when they're making their decisions on quality of life issues.",AB 2222,769,1659,False,substantive,,,0,False
279611,916,7068974,Ash Kalra,Legislator,"So I respectfully ask for an aye vote, and, again, I commend the author for her stalwart work on this.",AB 2222,769,1659,False,unclear,,,0,False
279611,917,7068975,Robert Rivas,Legislator,"Thank you. Assemblymember Kalra. Assemblymember Bonta, you are recognized.",AB 2222,769,1659,False,procedural,,,0,False
279611,918,7068976,Mia Bonta,Legislator,"Thank you, speaker members. I rise in support of AB 1776, and I wanna thank our majority leader for taking on such a tough bill, such a tough issue, and making sure that we have an opportunity to really wrestle with the contents of this bill and also see it here on this floor. California's Cartwright Act has been our state's antitrust law for over a century, and this bill builds on that legacy, in fact.",AB 2222,769,1659,False,substantive,information_effects,fact,1,True
279611,919,7068977,Mia Bonta,Legislator,"This is a common sense update that most states and federal law already have on the books. Since 1990s, roughly 75% of US industries have been seen significant market consolidation.",AB 2222,769,1659,False,unclear,,,0,False
279611,920,7068978,Mia Bonta,Legislator,"Big companies and private equity have won, while workers have faced depressed wages, consumers faced higher prices, and small businesses get a foot, can't even get a foot in the door. We see this most in the area of health care. The level of consolidation that we see is directly impacting patient experience, the quality of care, and the cost of that care at rates that are doubling and tripling and are quite frankly out of control.",AB 2222,769,1659,False,substantive,tax_credit,wages,1,True
279611,921,7068979,Mia Bonta,Legislator,"Currently, a single dominant company can engage in anti competitive conduct with no clear accountability under California state law, and that needs to change. The opposition to this bill believes perhaps that big money could stifle the needs of our constituents.",AB 2222,769,1659,False,substantive,civic_effects,accountability,1,True
279611,922,7068980,Mia Bonta,Legislator,"Corporations, not people, benefit from the status quo, and the people are suffering with the wages and decreased and prices increased. AB 1776 supports lower costs and competition, which is healthy for our economy. I'm a proud coauthor of this legislation, and I urge an aye vote.",AB 2222,769,1659,False,substantive,tax_credit,wages,1,True
279611,923,7068981,Robert Rivas,Legislator,"Thank you, Assemblymember Bonta. Assemblymember's Zbur, you are recognized.",AB 2222,769,1659,False,procedural,,,0,False
279611,924,7068982,Rick Chavez Zbur,Legislator,"Speaker, members, I want to rise to thank the author for taking on such a difficult bill. I mean, this is something that is a sweeping, change to our antitrust laws, and I wanna acknowledge that this is needed. We have monopolistic and anti competitive behavior by some of the biggest companies in the world that that I acknowledge that the author is trying to address. It else it's also no secret that I've had significant, heartburn about this bill, because of unintended consequences, of such a sweeping change.",AB 2222,769,1659,False,substantive,,,0,False
279611,925,7068983,Rick Chavez Zbur,Legislator,"We need to make sure that our laws are make are protecting California consumers, making sure that prices are going down, that we're actually advancing competition and not thwarting it.",AB 2222,769,1659,False,unclear,,,0,False
279611,926,7068984,Rick Chavez Zbur,Legislator,"And this is a very difficult thing to do when you're doing something that is sweeping the entire economy. I know that the I've met obviously, I've read every single document I've met, and I wanna thank the author for meeting with me and her staff so many times and with folks from the various industry segments and from the various labor unions. And, you know, I continue to have concerns about how this will operate in the life sciences industry, in the motion picture and television industry with retailers.",AB 2222,769,1659,False,substantive,employment_workforce,staff,1,True
279611,927,7068985,Rick Chavez Zbur,Legislator,"I think just removing section three alone is not enough to make sure that we are actually advancing competition and not thwarting it. So there do, there does need to be guardrails that are developed, and they need to be sort of specific.",AB 2222,769,1659,False,unclear,editorial_independence,guardrails,1,True
279611,928,7068986,Rick Chavez Zbur,Legislator,"I acknowledge that one of the things I've always said about this bill is that by removing the federal guardrails, that is a lot of sort of the, the basis where people actually have safe harbors so that reducing prices alone is not gonna cause a lot of litigation. So when we would take out you know, there are some things we don't like about the federal jurisprudence, right, because they're not strong enough to protect what we want.",AB 2222,769,1659,False,substantive,editorial_independence,guardrails,1,True
279611,929,7068987,Rick Chavez Zbur,Legislator,"But there's also things that are in the federal jurisprudence that are really important to make sure that we're advancing competition. So I know we've had many, conversations about this. I am gonna vote for this today because I trust the author to do the hard work, to look at what's gonna happen in each of these segments, and really tailor it.",AB 2222,769,1659,False,substantive,,,0,False
279611,930,7068988,Rick Chavez Zbur,Legislator,"But I do, ask you that as we move forward, that you look at each of these segments and some of the, fact situations that are presented and look at the language carefully so that we make sure that we are advancing competition. But I also wanna say in closing, this is a needed bill. And so I really wanna thank you. This is so tough. It's such such a sweeping thing.",AB 2222,769,1659,False,substantive,information_effects,fact,1,True
279611,931,7068989,Rick Chavez Zbur,Legislator,"And wanna thank you for taking this on. And, and with that, we'll be voting for the bill today.",AB 2222,769,1659,False,procedural,,,0,False
279611,932,7068990,Robert Rivas,Legislator,"Thank you. Assembly members Zbur. Assembly member Boerner, you are recognized.",AB 2222,769,1659,False,procedural,,,0,False
279611,933,7068991,Tasha Boerner,Legislator,"Yes. I wanna rise today in support, and I wanna thank the majority leader for her hard work to protect consumers. Because at the end of the day, we all stand here on this floor to protect our constituents. And much like some of my other colleagues have said, this is a work in progress. It's a big bill.",AB 2222,769,1659,False,substantive,,,0,False
279611,934,7068992,Tasha Boerner,Legislator,"We've done big things here before, and I trust our majority leader to continue that work in the Senate. I think when I look at it for myself and my district, I worry about the industries that have deep long term investments and what does this mean for their uncertainty. And I know the majority leader and I have had lot of conversations, and we'll continue to have those conversations at Moose Moose in it.",AB 2222,769,1659,False,substantive,,,0,False
279611,935,7068993,Tasha Boerner,Legislator,"But when you have uncertainty in industries that are vertically integrated and that need that long term certainty, I know that's not your intention to undermine that certainty that is so important for the innovation in California. We had one company in my district in the biotech sector that moved out of California, and they moved out of San Diego.",AB 2222,769,1659,False,substantive,,,0,False
279611,936,7068994,Tasha Boerner,Legislator,"5,000 people had to get jobs. It took some of those people because they're highly trained and highly specialized over a year to get a new job in San Diego. We saw what happened when the biotech sector collapsed in the great recession. I know that's not your intention, and I know you're gonna continue to work with us to make sure that we protect the businesses that make 8077 and San Diego a thriving place.",AB 2222,769,1659,False,substantive,employment_workforce,jobs; job,1,True
279611,937,7068995,Tasha Boerner,Legislator,"So with that, I'll support the bill today and look forward to our continued work together.",AB 2222,769,1659,False,unclear,,,0,False
279611,938,7068996,Robert Rivas,Legislator,"Thank you, Assemblymember Berner. Assemblymember Bauer-Kahan, you are recognized.",AB 2222,769,1659,False,procedural,,,0,False
279611,939,7068997,Rebecca Bauer-Kahan,Legislator,"Thank you, mister speaker and members. I rise in support of AB 1776. And I do so because I don't know how many times we on this floor have said that our top priority as it should be at this moment in time is affordability. And so much of what we focus on on this floor is around the edges of affordability. It's not doing enough.",AB 2222,769,1659,False,substantive,,,0,False
279611,940,7068998,Rebecca Bauer-Kahan,Legislator,"But what is clear to me right now is the consolidation that is happening amongst businesses is driving cost up for Californians. That a strong enforcement of antitrust law here in California can honestly make more competition in the marketplace and drive costs down. I often use the example of my local independent gas station. For those of you that have an independent gas station in your community, and there are very few of them in California, the prices can be almost a dollar lower per gallon.",AB 2222,769,1659,False,substantive,,,0,False
279611,941,7068999,Rebecca Bauer-Kahan,Legislator,"And we have driven those small independent gas stations out of California for a whole host of reasons, but it has resulted in consumers paying more.",AB 2222,769,1659,False,unclear,nonprofit_small_outlets,small independent,1,True
279611,942,7069000,Rebecca Bauer-Kahan,Legislator,"Competition is critical and that is fundamentally what this bill is about. And I wanna thank the author because, as many of you know, she has accepted amendments that will strike section three of the bill. Aye, as a former litigator, was very concerned. I didn't understand how that would even apply, but she sat with us. She listened.",AB 2222,769,1659,False,substantive,,,0,False
279611,943,7069001,Rebecca Bauer-Kahan,Legislator,"She did the work. She removed section three with the concerns that many of us raised. And so I trust that she will continue to work on this bill until the end of the legislative cycle to get it right. But what I'm confident of is when we have the ability as Californians to make sure that companies can thrive in our economy, and when there is more competition, our constituents will be better off and California will be more livable.",AB 2222,769,1659,False,substantive,,,0,False
279611,944,7069002,Rebecca Bauer-Kahan,Legislator,"So with that, I respectfully ask for your aye vote.",AB 2222,769,1659,False,unclear,,,0,False
279611,945,7069003,Robert Rivas,Legislator,"Thank you. Assembly member Bauer-Kahan. Seeing and hearing no further debate, madam majority leader, do you wish to close?",AB 2222,769,1659,False,procedural,,,0,False
279611,946,7069004,Cecilia Aguiar-Curry,Legislator,"I was gonna make this fast, but I wanna thank you for all the thoughtful conversation that I've had with all of you. And at the end of the day, this bill is about protecting competition so that California's economy works for everyone. It's about making sure that the success comes from building the best product, offering the best service, and competing and competing on the merits. It's about making sure that no company, no matter how large, can use its power to shut others out and limit opportunity.",AB 2222,769,1659,False,substantive,,,0,False
279611,947,7069005,Cecilia Aguiar-Curry,Legislator,"This bill reflects years of careful study, extensive public input, and a unanimous recommendation from the California Law Revision Commission.",AB 2222,769,1659,False,unclear,,,0,False
279611,948,7069006,Cecilia Aguiar-Curry,Legislator,"But I know that even when after three and a half years, our work is not done. I've worked hard with antitrust experts to amend this bill to put in guardrails and exempt small businesses. No one wants to see more frivolous lawsuits, and our amendments make sure that won't happen. The bill has been amended to clearly exempt small businesses.",AB 2222,769,1659,False,substantive,editorial_independence,guardrails,1,True
279611,949,7069007,Cecilia Aguiar-Curry,Legislator,We added in guardrails to protect all businesses from frivolous litigation by requiring that plaintiffs prove that the accused business has enough market power to be able to harm their competitors.,AB 2222,769,1659,False,unclear,editorial_independence,guardrails,1,True
279611,950,7069008,Cecilia Aguiar-Curry,Legislator,"We gave courts affirmative guidance by telling them to follow the rule of reason analysis laid out in existing case law. And I am committing to you today to remove Section three from the bill and move a narrowed down version from statutory to intent language in Section one. This bill reflects work by a broad co coalition of organizations, including small business organizations, including sponsorship by the small business majority with over 85,000 small business members.",AB 2222,769,1659,False,substantive,,,0,False
279611,951,7069009,Cecilia Aguiar-Curry,Legislator,"We have over 100 small business organizations and small business owners in support of this bill in addition to to patient advocates, consumer advocates, and labor. I promise I will continue to work with the opposition to reduce uncertainty and make sure that our businesses do not suffer unintended consequences.",AB 2222,769,1659,False,substantive,,,0,False
279611,952,7069010,Cecilia Aguiar-Curry,Legislator,"But I will say that I need their proposals on how to make this bill better. Today, I can say our major opponents had offered none. The bill before you today takes a measured approach. It closes the loophole, but it works with California's existing antitrust framework. And ultimately, it is about preserving the opportunity for small business, workers, and communities across California to thrive.",AB 2222,769,1659,False,substantive,,,0,False
279611,953,7069011,Cecilia Aguiar-Curry,Legislator,"With that, I respectfully ask for your aye vote.",AB 2222,769,1659,False,unclear,,,0,False
279611,954,7069012,Robert Rivas,Legislator,"Thank you, madam majority leader. All debate having ceased, Clerk will open the roll. All members vote who desire to vote. All members vote who desire to vote. All members vote who desire to vote.",AB 2222,769,1659,False,procedural,,,0,False
279611,955,7069013,Robert Rivas,Legislator,"Clerk will close the roll, tally the votes, ayes 44, no 16, the measure passes. Okay. We are going to lift the call on Assemblymember Pacheco's bill that is file item 102 AB 2353. Clerk will post. All members vote who desire to vote.",AB 2222,769,1659,False,unclear,,,0,False
279611,956,7069015,Robert Rivas,Legislator,This is a 54 vote bill. All members vote who desire to vote.,AB 2222,769,1659,False,unclear,,,0,False
279611,957,7069014,Robert Rivas,Legislator,This is a 54 vote bill. All members vote who desire to vote.,AB 2222,769,1659,False,unclear,,,0,False
279611,958,6942041,Josh Lowenthal,Legislator,"Clerk will close the roll, tally the votes. Ayes, 50—Clerk will close the roll, tally the votes. Ayes 57; noes, zero. The measure passes.",AB 2222,769,1659,False,unclear,,,0,False
279611,959,6954791,Josh Lowenthal,Legislator,Mr. Zbur. Mr. Zbur. Okay. So we are gonna go back into our file at file item number 107. That's AB2383.,AB 2222,769,1659,False,procedural,,,0,False
279611,960,6954792,Josh Lowenthal,Legislator,2383 by Assembly Member Zbur. Clerk will read.,AB 2222,769,1659,False,unclear,,,0,False
279611,961,6956895,Committee Secretary,Person,Assembly Member Zbur and others in active lead into electricity.,AB 2222,769,1659,False,non_legislator,,,0,False
279611,962,6954793,Josh Lowenthal,Legislator,"Assembly Member Zbur, you are recognized. Take your time, sir.",AB 2222,769,1659,False,unclear,,,0,False
279611,963,6954794,Rick Chavez Zbur,Legislator,"Oh, here it is.",AB 2222,769,1659,False,unclear,,,0,False
279611,964,6954795,Josh Lowenthal,Legislator,Great.,AB 2222,769,1659,False,unclear,,,0,False
279611,965,6954796,Rick Chavez Zbur,Legislator,"Apologies, Mr. Speaker and Members. I was so excited after the last couple items that I misplaced my floor presentation sheet. So today, I am proud to present AB 2383, which at its core is a step to advance affordability and reliability for Californians. This bill will ensure large energy use facilities, such as data centers pay their fair share for electricity, preventing costs from being shifted to everyday rate payers.",AB 2222,769,1659,False,substantive,,,0,False
279611,966,6954797,Rick Chavez Zbur,Legislator,"Over the next few years, the state expects a significant amount of load growth with projected peak demand of California independent system operator to increase by over 20 gigawatts through 2040.",AB 2222,769,1659,False,unclear,,,0,False
279611,967,6954798,Rick Chavez Zbur,Legislator,"A portion of this growth will be attributable to a substantial increase in energy usage by data centers demanding approximately 6.7 gigawatts of new twenty twenty gigawatt forecasted through the grid, a power amount of power that's equivalent to 4,000,000 households. While the state has begun some planning for this new load growth, there remains a need to develop statewide long term planning to ensure protections for rate payers as new large load customers interconnect with the electric grid.",AB 2222,769,1659,False,substantive,,,0,False
279611,968,6954799,Rick Chavez Zbur,Legislator,"Without proper guardrails, the cost to service new large energy facilities can create significant risks and burdens for existing residential and commercial customers. Furthermore, California has committed to ambitious climate and energy goals. In order for us to successfully meet our targets, we must ensure that electricity is affordable and that it will be fundamental to the state's transition.",AB 2222,769,1659,False,substantive,editorial_independence,guardrails,1,True
279611,969,6954800,Rick Chavez Zbur,Legislator,"This bill aims to address this by directing the CPUC to create a new electricity rate structure for large energy use facilities that will properly align costs. Additionally, the bill provides guidelines to further mitigate against cost shifts and stranded assets by requiring service contracts between large energy use facilities and the load serving entities.",AB 2222,769,1659,False,substantive,,,0,False
279611,970,6954801,Rick Chavez Zbur,Legislator,"AB 2383 will ensure timely and efficient planning as the state prepares for the emergence of unprecedented demand on the electric grid and will be critical in protecting rate payers and advancing system wide reliability. This is about affordability. It's about making sure that rate payers do not pay for the cost of these data centers, but it also what makes it recognizes the value of data centers keeping, staying in California, and providing those jobs.",AB 2222,769,1659,False,substantive,employment_workforce,jobs,1,True
279611,971,6954802,Rick Chavez Zbur,Legislator,"Lastly, we are continuing to have positive conversations with the opposition. Our latest amendments help to address the initial jurisdictional issues raised by the CCAs and also clarify that we're trying to prevent needed electrification and we're not trying to prevent needed electrification and decarbonization of existing facilities. Look forward to continue working with the CCAs and some of the other existing facilities. We took some amendments in particular to make sure that existing refineries are not subject to the, to the new rate structure.",AB 2222,769,1659,False,substantive,,,0,False
279611,972,6954803,Rick Chavez Zbur,Legislator,"And with that, I wanna res thank, my co author, for the bill and, respectfully ask for your Aye vote.",AB 2222,769,1659,False,unclear,,,0,False
279611,973,6954804,Josh Lowenthal,Legislator,"Thank you, Assemblymember Zbur. Assembly Member Jeff Gonzalez, you are recognized.",AB 2222,769,1659,False,procedural,,,0,False
279611,974,6954805,Jeff Gonzalez,Legislator,"Thank you, Mr. Speaker. I rise today in support of AB 2383. Data centers have become an increasingly important issue across our nation. But most importantly, in my communities from Coachella to Imperial, and frankly, my office has heard from many residents who are in support. Some are furious.",AB 2222,769,1659,False,substantive,,,0,False
279611,975,6954806,Jeff Gonzalez,Legislator,"Some say they just don't know enough and are demanding answers. My constituents are asking valid questions about their health and safety, about water usage, rate payer impacts, energy consumption, environmental impacts, and what these projects could mean for the future of our communities. And the truth is there are still a lot of questions we simply don't have answers to you yet. But no piece of legislation is perfect.",AB 2222,769,1659,False,substantive,,,0,False
279611,976,6954807,Jeff Gonzalez,Legislator,"And every single day, as we learn more about AI and the rapid expansion of data centers, more valid concerns continue to be raised.",AB 2222,769,1659,False,unclear,,,0,False
279611,977,6954808,Jeff Gonzalez,Legislator,"Artificial intelligence is already reshaping our workforce. Just last month, more than 21,000 jobs were tied to AI related layoffs. So while we talk about innovation and economic growth, we also have to talk honestly about the real impacts these technologies may have on workers, families, and others, and other communities. I support responsible economic development. And in counties like Imperial where unemployment remains above 20%, families are looking for opportunity.",AB 2222,769,1659,False,substantive,employment_workforce,jobs; workforce,1,True
279611,978,6954809,Jeff Gonzalez,Legislator,"They want work. They want careers that can help their communities thrive and grow. But I also believe we have a responsibility to ensure our constituents are safe, informed, and protected. We can't ignore the environmental concerns, the strain on infrastructure, or the unanswered questions surrounding these projects. At the end of the day, my job is to balance both realities by supporting jobs and opportunity while making sure we're not putting our communities at risk.",AB 2222,769,1659,False,substantive,employment_workforce,job; jobs,1,True
279611,979,6954810,Jeff Gonzalez,Legislator,"That's what the great people of the 36th Assembly District elected me to do. So today, I'll be voting yes on this bill, but I do so with the expectation that this legislature continues asking hard questions, demanding transparency, and ensuring that public safety and community well-being remain at the center of this conversation moving forward. Thank you, Mr. Speaker.",AB 2222,769,1659,False,substantive,,,0,False
279611,980,6954811,Josh Lowenthal,Legislator,"Thank you, Assembly Member Gonzalez. Assembly Member Petrie-Norris, you are recognized.",AB 2222,769,1659,False,procedural,,,0,False
279611,981,6954812,Cottie Petrie-Norris,Legislator,"Thank you, Mr. Speaker. Members, I too rise today in support of AB 2383, and I wanna thank my colleague from Santa Monica for bringing this measure forward. This bill takes a thoughtful and strategic approach to the explosive load growth that we are seeing from data centers here in California and all across the country. We wanna ensure that California is open for business.",AB 2222,769,1659,False,substantive,,,0,False
279611,982,6954813,Cottie Petrie-Norris,Legislator,"And even more importantly, we want to ensure that as we bring this load growth onto the grid, we are protecting rate payers from the risk of stranded assets and from unintended cost shifts.",AB 2222,769,1659,False,unclear,,,0,False
279611,983,6954814,Cottie Petrie-Norris,Legislator,"This bill does just that, and I respectfully ask for your Aye vote.",AB 2222,769,1659,False,unclear,,,0,False
279611,984,6954815,Josh Lowenthal,Legislator,"Thank you. Assemblymember Petrie-Norris. Seeing and hearing no further debate, Assembly Member Zbur, do you wish to close?",AB 2222,769,1659,False,procedural,,,0,False
279611,985,6954816,Rick Chavez Zbur,Legislator,"Yes. I'd like to thank my colleagues from Indio and Orange County for their support of the bill today. Again, this is about affordability. It's making sure that as these these data centers come online, that we actually make sure that the cost of the investments for energization and buying the electricity are not stranded and then paid for by everyday rate payers. So with that, I respectfully ask for your Aye vote.",AB 2222,769,1659,False,substantive,,,0,False
279611,986,6954817,Josh Lowenthal,Legislator,"Thank you, Assemblymember Zbur. All debate having ceased. Clerk will open the roll. All Members vote who desire to vote. All Members vote who desire to vote.",AB 2222,769,1659,False,procedural,,,0,False
279611,987,6944883,Robert Rivas,Legislator,"Clerk will close the roll, tally the vote ayes 52, nose three, the measure passes. Okay, members, we are going to skip back to file item number 12. File item 12, that's AB 1919 by Assemblymember Pellerin. Clerk will read.",AB 2222,769,1659,False,procedural,,,0,False
279611,988,6944884,Committee Secretary,Person,"Assembly bill 1919 by Assemblymember Pellerin and others, inequity relating to transportation and declaring the urgency thereof to take effect immediately.",AB 2222,769,1659,False,non_legislator,,,0,False
279611,989,6944885,Robert Rivas,Legislator,"Assemblymember Pellerin, you are recognized.",AB 2222,769,1659,False,unclear,,,0,False
279611,990,6944886,Gail Pellerin,Legislator,"Thank you, mister speaker and members. In 2022, the Santa Cruz Metropolitan Transit District Metro initiated Reimagine Metro, a plan for faster, more frequent, and reliable service in areas of high demand. Reimagine Metro expanded Wow. Expanded bus routes and increased ridership by 43%. Unfortunately, that funding is due to run out in 2026.",AB 2222,769,1659,False,substantive,,,0,False
279611,991,6944887,Gail Pellerin,Legislator,"Failure to secure additional funds will impact service to residents of Santa Cruz and Watsonville and will lead to significant metro employee layoffs and route cancellations. This Central Coast Caucus legislative priority bill simply gives voters in my district the power to decide the future of their transit system while protecting union jobs through a citizen's initiative. Please, members, let my district vote for the transit system they want for their county, one that will benefit you when you come visit Santa Cruz County.",AB 2222,769,1659,False,substantive,employment_workforce,jobs,1,True
279611,992,6944888,Gail Pellerin,Legislator,"I respectfully ask for your aye vote on this district bill, and I ask for immediate transmittal to the Senate.",AB 2222,769,1659,False,unclear,,,0,False
279611,993,6944889,Robert Rivas,Legislator,"Thank you. Assemblymember Pellerin. All debate haven't ceased, clerk will open the roll. Say 54 vote Bill Members, all members vote who desire to vote. All members vote who desire to vote.",AB 2222,769,1659,False,procedural,,,0,False
279611,994,6944890,Robert Rivas,Legislator,"All members vote who desire to vote. Somebody member Pellerin asks has asked to move the call. Okay. Continuing back into our file order, we are gonna move on to file item number one zero eight. That is AB 2410 by our good friend, Assemblymember Ellis.",AB 2222,769,1659,False,substantive,,,0,False
279611,995,6944891,Robert Rivas,Legislator,Clerk will read.,AB 2222,769,1659,False,unclear,,,0,False
279611,996,6947785,Committee Secretary,Person,"Assembly Bill 2410 by Assemblymember Ellis and others, an act relating to wildfire safety.",AB 2222,769,1659,False,non_legislator,,,0,False
279611,997,6947786,Josh Lowenthal,Legislator,"Assemblymember Ellis, you are recognized.",AB 2222,769,1659,False,unclear,,,0,False
279611,998,6947787,Stan Ellis,Legislator,"Thank you, Mr. Speaker and members. Have a support-support. Request an aye vote.",AB 2222,769,1659,False,procedural,,,0,False
279611,999,6947788,Josh Lowenthal,Legislator,"Thank you, Assemblymember Ellis. All debate having ceased, clerk will open the roll. All members vote who desire to vote. All members vote who desire to vote. All members vote who desire to vote.",AB 2222,769,1659,False,procedural,,,0,False
279611,1000,6947789,Josh Lowenthal,Legislator,"Clerk will close the roll, tally the votes. Ayes 43, noes zero. The measure passes. File item 109 is AB 2425 by Assembly Member Chen. The Clerk will read.",AB 2222,769,1659,False,unclear,,,0,False
279611,1001,6947790,Committee Secretary,Person,"Assembly Bill 2425 by Assembly Member Chen, an act relating to financial institutions.",AB 2222,769,1659,False,non_legislator,,,0,False
279611,1002,6947791,Josh Lowenthal,Legislator,"Assembly Member Chen, you are recognized.",AB 2222,769,1659,False,unclear,,,0,False
279611,1003,6947792,Phillip Chen,Legislator,"Thank you, Mr. Speaker. This is a support support. I respectfully ask for your aye vote.",AB 2222,769,1659,False,procedural,,,0,False
279611,1004,6947793,Josh Lowenthal,Legislator,"Thank you, Assembly Member Chen. All debate having ceased. Clerk will open the roll. All Members vote who desire to vote. All Members vote who desire to vote. All Members vote who desire to vote. Clerk will close the roll, tally to votes. Ayes 42, noes zero. The measure passes. We're gonna pass temporarily... Excuse me. Okay.",AB 2222,769,1659,False,substantive,,,0,False
279611,1005,6947794,Josh Lowenthal,Legislator,We're gonna pass temporarily on file item one ten. We're gonna pass and retain on file item one eleven. We're gonna pass temporarily on file item one twelve. File item one thirteen is AB 2469 by Assemblymember Pappin. The clerk will read.,AB 2222,769,1659,False,substantive,employment_workforce,retain,1,True
279611,1006,6947795,Committee Secretary,Person,"Assembly bill 2469 by Assemblymember Pappin, an act relatin to water.",AB 2222,769,1659,False,non_legislator,,,0,False
279611,1007,6947796,Josh Lowenthal,Legislator,"Assemblymember Pappen, you are recognized.",AB 2222,769,1659,False,unclear,,,0,False
279611,1008,6947797,Diane Papan,Legislator,"Well, this is about water and data centers. Did you expect nothing less than that combination from me? Alright. So I've got two coming up. This is the first of two, and both bills kind of come out of the principle of help us help you.",AB 2222,769,1659,False,unclear,,,0,False
279611,1009,6947798,Diane Papan,Legislator,"So this first bill is let's get the data before we break ground. This bill was crafted around a simple idea. Good decisions start with good data. And nowhere is that more important than when we're deciding where to locate large facilities that depend on one of California's most limited resources, water. AB 2469 focuses on the pre entitlement process before project is cited, before permits are issued, and before new demand is locked into the system.",AB 2222,769,1659,False,substantive,,,0,False
279611,1010,6947799,Diane Papan,Legislator,"The bill has two major components that requires a water supply assessment before approval. And I'm agnostic about, you know, how much water you can use or anything else. I just want the water agencies to be prepared. To give you an example, in California, we have 3,500 different water agencies, and some are very, very small. So this bill allows them to do an assessment to say, guess what?",AB 2222,769,1659,False,substantive,,,0,False
279611,1011,6947800,Diane Papan,Legislator,"We got enough and we'll be able to accommodate this data center. The second thing the bill does is it helps us, before we approve, new water demands, it helps localities understand the risks, protect vulnerable supplies, and plan responsibly because it allows large developments to pay for the extra infrastructure that might be needed. This is about protection for rate payers and for California's long term water future. I respectfully request an aye vote. And stay tuned for the second data bill.",AB 2222,769,1659,False,substantive,,,0,False
279611,1012,6947801,Josh Lowenthal,Legislator,"Thank you, Assemblymember Pappen. I'll debate having seized clerk co op in the role. All members vote who desire to vote. All members vote who desire to vote. All members vote who desire to vote.",AB 2222,769,1659,False,procedural,,,0,False
279611,1013,6947802,Josh Lowenthal,Legislator,"Clerk will close the roll. Excuse me. Excuse me, madam clerk. Clerk will close the roll tally vote size 43, nose 12. The measure passes.",AB 2222,769,1659,False,unclear,,,0,False
279611,1014,6947803,Josh Lowenthal,Legislator,File item 114 is AB 2471 by the Committee on Emergency Management presented by Assemblymember Ransom. Clerk will read.,AB 2222,769,1659,False,unclear,,,0,False
279611,1015,6947804,Committee Secretary,Person,Assembly bill 2471 by the Committee on Emergency Management an act relating to Emergency Eervices.,AB 2222,769,1659,False,non_legislator,,,0,False
279611,1016,6947805,Josh Lowenthal,Legislator,"Assemblymember Ransom, you are recognized.",AB 2222,769,1659,False,unclear,,,0,False
279611,1017,6947806,Rhodesia Ransom,Legislator,"Thank you, Mister speaker and members, I rise to present AB 2471, a bill that reaffirms California's commitment to seismic safety. This bill adds representatives from the State Fire Marshal, Department of Insurance, Strategic Growth Council to the Seismic Safety Commission, and it authorizes the commission to provide policy recommendations to the legislature. Increasing expertise and representation on the commission will contribute to producing more robust seismic policy recommendations that will ensure statewide standards and preparedness efforts to protect all Californians.",AB 2222,769,1659,False,substantive,,,0,False
279611,1018,6947807,Rhodesia Ransom,Legislator,I respectfully ask for your aye vote.,AB 2222,769,1659,False,unclear,,,0,False
279611,1019,6947808,Josh Lowenthal,Legislator,"Thank you, Assemblymember Ransom. All debate have cease, clerk will open the roll.",AB 2222,769,1659,False,procedural,,,0,False
279611,1020,6949115,Josh Lowenthal,Legislator,All members vote who desire to vote.,AB 2222,769,1659,False,unclear,,,0,False
279611,1021,6949642,Josh Lowenthal,Legislator,"Clerk will close the roll, tally vote ayes 57, no zero. The measure passes. File item one fifteen is AB 2473, also by the Committee on Emergency Management, also presented by Assemblymember Ransom. Clerk will read.",AB 2222,769,1659,False,unclear,,,0,False
279611,1022,6949643,Committee Secretary,Person,"Assembly vote 2,473 by the Committee on Emergency Management, inaccurating to wildfires.",AB 2222,769,1659,False,non_legislator,,,0,False
279611,1023,6949644,Josh Lowenthal,Legislator,"Assemblymember Ransom, you are recognized.",AB 2222,769,1659,False,unclear,,,0,False
279611,1024,6949645,Tasha Boerner,Legislator,"Thank you, mister speaker and members.",AB 2222,769,1659,False,procedural,,,0,False
279611,1025,6949646,Rhodesia Ransom,Legislator,"As California continues to face catastrophic wildfires, the state must fully leverage its existing forecasting capabilities to ensure local and state emergency managers receive timely, actionable intelligence ahead of extreme fire weather. This bill requires the wildfire forecast and threat intelligence integration center to proactively coordinate with the National Weather Service and California State Warning Center to share forecast extreme life threatening fire weather conditions with all potentially impacted agencies. Written reports will be widely disseminated to potentially impacted agencies.",AB 2222,769,1659,False,substantive,,,0,False
279611,1026,6949647,Rhodesia Ransom,Legislator,"By ensuring this information is consistently shared in advance, the bill equips state and local officials with situational awareness needed to take early action. This bill has passed unanimous unanimously through committees, and I respectfully ask for your aye vote.",AB 2222,769,1659,False,substantive,,,0,False
279611,1027,6949648,Josh Lowenthal,Legislator,"Thank you. Assembly member Ransom. All debate having ceased, clerk will open the roll. All members vote who desire to vote. All members vote who desire to vote.",AB 2222,769,1659,False,procedural,,,0,False
279611,1028,6949649,Josh Lowenthal,Legislator,"All members vote who desire to vote. Clerk will close the roll tally votes ayes 66, no zero, the measure passes. File item 116 is AB 2495. Thank you, madam clerk. File item one sixteen has been dispensed with.",AB 2222,769,1659,False,procedural,,,0,False
279611,1029,6953328,Josh Lowenthal,Legislator,File item 117 is AB 2521 by Assembly Member Papan. The Clerk will read.,AB 2222,769,1659,False,unclear,,,0,False
279611,1030,6953329,Committee Secretary,Person,"Assembly Bill 2521 by Assembly Member Papan, an act relating to water.",AB 2222,769,1659,False,non_legislator,,,0,False
279611,1031,6953330,Josh Lowenthal,Legislator,"Assembly Member Papan, you are recognized.",AB 2222,769,1659,False,unclear,,,0,False
279611,1032,6953331,Diane Papan,Legislator,"Thank you, Mr. Chair. So this is a bill relating to groundwater recharge. As many of you might know, many, many of our water basins are in need of groundwater recharge. So this bill will accomplish expediting groundwater recharge by requesting that the California Council of Science and Technology, CCST, complete a watershed wide water availability analysis that water right applicants can use to streamline their application process.",AB 2222,769,1659,False,substantive,,,0,False
279611,1033,6953332,Diane Papan,Legislator,This information will save permit applicants time and money while helping the state achieve its ambitious groundwater recharge goals. We're requesting that CCST take on this analysis because their network includes the state's best and brightest minds at the state's major research universities and institutions. And who better to measure water than those folks? Respectfully request an aye vote.,AB 2222,769,1659,False,substantive,,,0,False
279611,1034,6953333,Josh Lowenthal,Legislator,"Thank you, Assembly Member Papan. All debate having ceased, Clerk will open the roll. All Members vote who desire to vote. All Members vote who desire to vote. All Members vote who desire to vote.",AB 2222,769,1659,False,procedural,,,0,False
279611,1035,6975785,Josh Lowenthal,Legislator,"Clerk will close the roll, tally the votes. Aye 43, no 6. The measure passes.",AB 2222,769,1659,False,unclear,,,0,False
279611,1036,6976615,Josh Lowenthal,Legislator,File item 118 is AB 2526 by Assemblymember Muratsuchi. The clerk will read.,AB 2222,769,1659,False,unclear,,,0,False
279611,1037,6975786,Committee Secretary,Person,"Assembly bill 2526 by Assemblymember Muratsuchi, an act relating to Education Finance.",AB 2222,769,1659,False,non_legislator,,,0,False
279611,1038,6975787,Josh Lowenthal,Legislator,"Assemblymember Muratsuchi, you are recognized.",AB 2222,769,1659,False,unclear,,,0,False
279611,1039,6975788,Al Muratsuchi,Legislator,"Thank you very much. I am presenting AB 2526. School districts across the state are facing increasing special education costs. This bill seeks to reform our special education funding by providing additional funding to schools serving the highest number of students with high needs. This, bill has received unanimous bipartisan support and respectfully ask for aye vote.",AB 2222,769,1659,False,substantive,,,0,False
279611,1040,6975789,Josh Lowenthal,Legislator,"Thank you, Assemblymember Muratsuchi. All debate haven't ceased. Clerk will open the roll.",AB 2222,769,1659,False,procedural,,,0,False
279611,1041,6976616,Josh Lowenthal,Legislator,All members vote who desire to vote.,AB 2222,769,1659,False,unclear,,,0,False
279611,1042,6976617,Josh Lowenthal,Legislator,"Clerk will close the roll, tally of votes. Aye 62 no 0. The measure passes. We're gonna pass and retain on file items 119, 120, 121, 122.",AB 2222,769,1659,False,substantive,employment_workforce,retain,1,True
279611,1043,6968463,Josh Lowenthal,Legislator,"File item 123, AB 2580, also by Assemblymember Muratsuchi. The clerk will read.",AB 2222,769,1659,False,unclear,,,0,False
279611,1044,6968464,Committee Secretary,Person,"Assembly Bill 2580 by Assemblymember Muratsuchi, an act relating to teacher credentialing.",AB 2222,769,1659,False,non_legislator,,,0,False
279611,1045,6968465,Josh Lowenthal,Legislator,"Assemblymember Muratsuchi, you are recognized.",AB 2222,769,1659,False,unclear,,,0,False
279611,1046,6968466,Al Muratsuchi,Legislator,"Thank you. AB 2580 seeks to address California's teacher shortage, especially in our rural communities—as I'm looking across the room, yes. AB 2580 would strengthen California's teacher pipeline by creating more online teacher preparation programs, strengthening partnerships between our California State Universities, the workhorse of our teacher training programs, and our community colleges, especially in rural areas of the state of California. Has received unanimous bipartisan support, no opposition, and we have bipartisan support for this bill.",AB 2222,769,1659,False,substantive,,,0,False
279611,1047,6968467,Josh Lowenthal,Legislator,"Thank you, Assemblymember Muratsuchi. All debate having—excuse me. Assemblymember Hadwick, you are recognized.",AB 2222,769,1659,False,procedural,,,0,False
279611,1048,6968468,Heather Hadwick,Legislator,"Thank you, Mr. Speaker. I rise today as a proud joint author for this bill. This will tremendously help my rural Northern California counties. As a teacher that went through a second credential program online, I'm very appreciative, because I was able to teach full-time while I was doing that at Fresno State. My school district had—my town has 3,000 people and 30% of our teachers quit this year.",AB 2222,769,1659,False,substantive,,,0,False
279611,1049,6968469,Heather Hadwick,Legislator,"So, we are down almost 20 teachers in one school district. It's a huge problem right now. So, I'm very appreciative for his leadership on this and, and respectfully ask for an aye vote.",AB 2222,769,1659,False,unclear,,,0,False
279611,1050,6968470,Josh Lowenthal,Legislator,"Thank you, Assemblymember Hadwick. All debate having ceased, Clerk will open the roll. All members vote who desire to vote. All members vote who desire to vote. All members vote who desire to vote.",AB 2222,769,1659,False,procedural,,,0,False
279611,1051,6950782,Josh Lowenthal,Legislator,"Clerk will close the roll, tally the vote. ayeS 55, no zero. The measure passes. File item 124 is AB 2598 by Assemblymember Krell. Clerk will read.",AB 2222,769,1659,False,unclear,,,0,False
279611,1052,6950783,Committee Secretary,Person,"Assembly bill 2598 by Assemblymember Krell and others, and act relating to health care facilities.",AB 2222,769,1659,False,non_legislator,,,0,False
279611,1053,6950784,Josh Lowenthal,Legislator,"Assemblymember Krell, you are recognized.",AB 2222,769,1659,False,unclear,,,0,False
279611,1054,6950785,Maggy Krell,Legislator,"Thank you, mister speaker, and good afternoon members. I rise to urge your support of this important bill. This bill arises from tragic circumstances that happened right here in the Sacramento region where family members had loved ones die at hospitals and they weren't notified and they didn't receive timely death certificates. And they went on searching for family members only to later learn that they had been deceased and warehoused. In one case, the death certificate delay was over three years.",AB 2222,769,1659,False,substantive,,,0,False
279611,1055,6950786,Maggy Krell,Legislator,"This didn't just happen once or twice. This actually happened a 179 times at least. So this bill requires notification of next of Kin, and it puts on fines and penalties in situations where note of note where notifying Kin does not happen in a timely manner. And it gives the California Department of Public Health the authority, to enforce this important law.",AB 2222,769,1659,False,substantive,,,0,False
279611,1056,6950787,Maggy Krell,Legislator,"I respectfully ask your aye vote, and I greatly appreciate the families that shared with me their deeply personal and difficult experiences in asking for this change in law.",AB 2222,769,1659,False,unclear,,,0,False
279611,1057,6950788,Josh Lowenthal,Legislator,"Thank you, Assemblymember Krell. I'll debate having to cease. Clerk will open the roll. All members vote who desire to vote. All members vote who desire to vote.",AB 2222,769,1659,False,procedural,,,0,False
279611,1058,6953341,Josh Lowenthal,Legislator,"All members vote who desire to vote. Clerk will close the roll tally the votes ayes 64, no zero. The measure passes. File item 125 is AB 2619 by Assemblymember Pappen. The Clerk will read.",AB 2222,769,1659,False,unclear,,,0,False
279611,1059,6953342,Committee Secretary,Person,Assembly bill 2619 by Assemblymember Pappen and act relating to water.,AB 2222,769,1659,False,non_legislator,,,0,False
279611,1060,6953343,Josh Lowenthal,Legislator,"Assemblymember Pappen, you are recognized.",AB 2222,769,1659,False,unclear,,,0,False
279611,1061,6953344,Diane Papan,Legislator,"Alright. As promised, I'm back with data center bill number two as it relates to water. And, as California continues to see growth with data centers, consistent and reliable information about their ongoing water demand is increasingly important. So this bill, what it does is when you apply for your business license, you have to estimate to the local agency delivering the license how much water you think you're gonna use.",AB 2222,769,1659,False,substantive,information_effects,reliable information,1,True
279611,1062,6953345,Diane Papan,Legislator,"And then when you renew the business license, you will report on the actual water use that you used in your data center the year before.",AB 2222,769,1659,False,unclear,,,0,False
279611,1063,6953346,Diane Papan,Legislator,"It's a transparency bill and allows us to monitor and keep, ongoing, understanding of what water data centers are using and what are the best practices that we can use for local planning. Respectfully question, I vote.",AB 2222,769,1659,False,unclear,,,0,False
279611,1064,6953347,Josh Lowenthal,Legislator,"Thank you, Assemblymember Papin. I'll debate having cease clerk will open the roll. All members vote who desire to vote. All members vote who desire to vote. All members vote who desire to vote.",AB 2222,769,1659,False,procedural,,,0,False
279611,1065,6954879,Josh Lowenthal,Legislator,"Clerk will close the roll, tally the votes. Ayes 44, noes 12. The measure passes. Gonna pass temporarily on file item 126. We've already dispensed with file item 127. We're gonna pass and retain on 128, 129. We've already dispensed with 130. Pass and retain on 131, 32, 33, 34, 35, 36. We've already dispensed with file item 37. Pass and retain on file item 138, 139.",AB 2222,769,1659,False,substantive,employment_workforce,retain,1,True
279611,1066,6954880,Robert Rivas,Legislator,File item one forty is AB 1612 by Assembly member Alanis.,AB 2222,769,1659,False,unclear,,,0,False
279611,1067,6954881,Committee Secretary,Person,"Assembly bill 1612 by Assembly member Alanis, an act relating to controlled substances.",AB 2222,769,1659,False,non_legislator,,,0,False
279611,1068,6954882,Robert Rivas,Legislator,"Assembly member Alaniz, you are recognized.",AB 2222,769,1659,False,unclear,,,0,False
279611,1069,6954883,Juan Alanis,Legislator,"Thank you, mister speaker. AB 1612 addresses the increasing volume of dangerous narcotic like narcotics like fentanyl, methamphetamines, and heroin being seized across the state. This bill will create solutions for proper and safe disposal of these illegal substances. Respectfylly ask for your aye vote.",AB 2222,769,1659,False,substantive,,,0,False
279611,1070,6954884,Robert Rivas,Legislator,"Thank you, Assemblymember Alaniz. All debate haven't ceased. Click will open the roll. All members vote who desire to vote. All members vote who desire to vote.",AB 2222,769,1659,False,procedural,,,0,False
279611,1071,6954885,Robert Rivas,Legislator,"All members vote who desire to vote. Merkel will close the roll, tally the votes. Aye, 60, no zero. The measure passes. file item 141 is AB 1615 by Assemblymember Wynne.",AB 2222,769,1659,False,unclear,,,0,False
279611,1072,6954886,Robert Rivas,Legislator,Clerk will read.,AB 2222,769,1659,False,unclear,,,0,False
279611,1073,6956288,Committee Secretary,Person,"Assembly Bill 1615 by Assembly Member Nguyen, an act relating to firearms.",AB 2222,769,1659,False,non_legislator,,,0,False
279611,1074,6956289,Josh Lowenthal,Legislator,"Assembly Member Nguyen, you are recognized.",AB 2222,769,1659,False,unclear,,,0,False
279611,1075,6956290,Stephanie Nguyen,Legislator,"Thank you, Mr. Speaker. AB 1615 is a support support bill. I respectfully ask for your aye vote.",AB 2222,769,1659,False,procedural,,,0,False
279611,1076,6956291,Josh Lowenthal,Legislator,"Thank you, Assembly Member Nguyen. All debate having ceased. Clerk will open the roll. All Members vote who desire to vote. All Members vote who desire to vote. All Members vote who desire to vote. Clerk will close the roll, tally votes. Ayes 58, noes zero. The measure passes. File item 142 is AB 1642 by Assembly Member Harabedian. Clerk will read.",AB 2222,769,1659,False,substantive,,,0,False
279611,1077,6956292,Committee Secretary,Person,"Assembly verse Assembly bill 1642 by Assemblymember Harbidian and others, and act relating to wildfires.",AB 2222,769,1659,False,non_legislator,,,0,False
279611,1078,6956293,Josh Lowenthal,Legislator,"Assemblymember Harbidian, you are recognized.",AB 2222,769,1659,False,unclear,,,0,False
279611,1079,6956294,John Harabedian,Legislator,"Thank you, mister speaker. Members that rise to present AB 1642, which will establish testing standards for soil and smoke damage post urban wildfire so that residents can return home safely. We are here because the Eaton and Palisades fires ravaged our communities over a year ago. However, many of our neighbors are still struggling to return to their home. And when they do return home, many are living amongst toxic chemicals like lead and asbestos.",AB 2222,769,1659,False,substantive,,,0,False
279611,1080,6956295,John Harabedian,Legislator,"It has become painfully clear that the state lacks scientific standards for when it is safe to return to a home, school, or workplace after a wildfire. AB 1642 will create those standards and make sure that science determines when it is safe to return home, and no wildfire survivor will face the uncertainty that our neighbors in Altadena and Palisades have. Respectfully ask for an aye vote.",AB 2222,769,1659,False,substantive,,,0,False
279611,1081,6956296,Josh Lowenthal,Legislator,"Thank you, Assemblymember Harabedian. I'll debate having ceased clerk who opened the roll. All members vote who desire to vote. All members vote who desire to vote? All members vote who desire to vote?",AB 2222,769,1659,False,procedural,,,0,False
279611,1082,6965294,Josh Lowenthal,Legislator,"Clerk will close the roll tally to vote. Ayes 41, Noes 2. The measure passes. File item 143 is AB 1666 by Assembly Member Rogers. Clerk will read.",AB 2222,769,1659,False,unclear,,,0,False
279611,1083,6965295,Committee Secretary,Person,Assembly Bill 1666 by Assembly Member Rogers and act relating to forestry.,AB 2222,769,1659,False,non_legislator,,,0,False
279611,1084,6965296,Josh Lowenthal,Legislator,"Assembly Member Rogers, you are recognized.",AB 2222,769,1659,False,unclear,,,0,False
279611,1085,6964184,Blanca Rubio,Legislator,AB 1666 is support support. May I ask for an Aye vote?,AB 2222,769,1659,False,unclear,,,0,False
279611,1086,6965297,Josh Lowenthal,Legislator,"Okay. Assembly Member Rogers, all debate having ceased. Clerk will open the roll. All aMembers vote who desire to vote. All Members vote who desire to vote. All Members vote who desire to vote.",AB 2222,769,1659,False,unclear,,,0,False
279611,1087,6965298,Josh Lowenthal,Legislator,"Click will close the roll. Tally to vote Ayes 58, Noes 0. Measure passes. Passing or retain on 144 and 145 . File item 146 , that's AB 1740 by Assembly Member Zbur.",AB 2222,769,1659,False,substantive,employment_workforce,retain,1,True
279611,1088,6962843,Josh Lowenthal,Legislator,Clerk will read.,AB 2222,769,1659,False,unclear,,,0,False
279611,1089,6962844,Committee Secretary,Person,"Assembly bill 1740 by Assemblymember Zibur and others, and act relating to coastal resources.",AB 2222,769,1659,False,non_legislator,,,0,False
279611,1090,6962845,Josh Lowenthal,Legislator,"Assemblymember's Board, you are recognized.",AB 2222,769,1659,False,unclear,,,0,False
279611,1091,6962846,Rick Chavez Zbur,Legislator,"Mister speaker, members, I'm ready this time. I rise to present AB 1740 sponsored by the city of Santa Monica and Streets for All. Before I get into what this bill does, I'd like to elaborate on why this bill is so important. Since the passage of the California Coastal Act of 1976, the Coastal Commission has done paramount work to advance twin objectives, safeguarding our natural resources and ensuring equitable public access to the coast.",AB 2222,769,1659,False,substantive,,,0,False
279611,1092,6962847,Rick Chavez Zbur,Legislator,"Yet in fifty years since the Coastal Act was passed, much has changed in California.",AB 2222,769,1659,False,unclear,,,0,False
279611,1093,6962848,Rick Chavez Zbur,Legislator,"While public access was one defined by roads and parking lots, today cars are a part of an equation in some of our denser urban coastal cities, an equation that now includes trains, buses, bike lanes, and walkable streets. Yet in these cities, the commission often can be seen treating built out urban areas as if they were undeveloped coastline.",AB 2222,769,1659,False,substantive,,,0,False
279611,1094,6962849,Rick Chavez Zbur,Legislator,"In places like Downtown Santa Monica, which I represent, routine actions such as changing the use of a small building or constructing already approved housing that has absolutely no impact on sensitive resources or other precious coastal, resources often requires lengthy coastal commission approvals that often defeat really good proposals. If these activities were taking place in a sensitive ecosystem, they might pose an a real environmental threat. But in a built out city, we need to treat these things differently.",AB 2222,769,1659,False,substantive,,,0,False
279611,1095,6962850,Rick Chavez Zbur,Legislator,"The lengthy delays caused by the coastal commission's reviews sometimes do have real impact on a city, on residents and businesses who wait months and even years for approvals that have no negative impacts. I could provide a number of real world examples of this happening in my city and in others. The original version of this bill addressed these challenges through exemptions to the Coastal Act for a select group of cities that met standards around public access, transit, and greenhouse gas reduction.",AB 2222,769,1659,False,substantive,,,0,False
279611,1096,6962851,Rick Chavez Zbur,Legislator,"However, the bill before you today represents an alternative approach, the results of a positive productive negotiations between and among the Coastal Commission and the city of Santa Monica in my office. This past week, after decades without a local coastal program, Santa Monica and the Coastal Commission agreed on a memorandum of understanding to guide LCP negotiations with both sides saying completion within eighteen months is feasible.",AB 2222,769,1659,False,substantive,,,0,False
279611,1097,6962852,Rick Chavez Zbur,Legislator,"Santa Monica City council voted seven to o to approve that MOU last night. So AB 1740 has already served as a catalyst pushing both sides to the table. Amendments taken last week reframe, the previous broad permit exemptions with a deadline and incentive framework tied to the city of Santa Monica's LCP completion. And while discussions with the Coastal Commission are in progress, and we still have work to address all of their concerns, the bill moves forward the the approach that they requested.",AB 2222,769,1659,False,substantive,,,0,False
279611,1098,6962853,Rick Chavez Zbur,Legislator,The bill most importantly requires development and certification of a local coastal plan for the city of Santa Monica in coordination with the Coastal Commission.,AB 2222,769,1659,False,unclear,,,0,False
279611,1099,6962854,Rick Chavez Zbur,Legislator,"The bill now offers immediate interim exemptions, which are shorter and smaller than what was approved through committees last week prior to LCP certification for changes of use and and and minor interior and exterior renovations of small buildings, minor projects to improve ADA compliance, and EV charging station deployment. At the same time, the bill incentivizes the commission to complete the LCP in a reasonable but timely fashion.",AB 2222,769,1659,False,substantive,,,0,False
279611,1100,6962855,Rick Chavez Zbur,Legislator,"The bill concurrently provides for SMITE climate strategies by giving the Coastal Commission new tools to support and improve faster investments in transit, bike lanes, and pedestrian transportation across the entire state. The bill rewards a good faith effort between the Coastal Commission and the city of Santa Monica, and it brings both parties to the table, supports the city of Santa Monica in certifying an LCP that will preserve the California Coastal Commission's authority and ability to protect beaches and coastal resources from activities that threaten sensitive resources.",AB 2222,769,1659,False,substantive,,,0,False
279611,1101,6962856,Rick Chavez Zbur,Legislator,This is not about attacking the Coastal Commission.,AB 2222,769,1659,False,unclear,,,0,False
279611,1102,6962857,Rick Chavez Zbur,Legislator,"It's about supporting it and basically, and reforming, the way they do business in these urban built out ecosystems. So with that, I respectfully ask for your aye vote.",AB 2222,769,1659,False,unclear,,,0,False
279611,1103,6962858,Josh Lowenthal,Legislator,"Thank you. Assemblymember Zbor. Assemblymember Patterson, you are recognized.",AB 2222,769,1659,False,procedural,,,0,False
279611,1104,6962859,Joe Patterson,Legislator,"Great. Thank you, mister speaker. I rise in support of this measure. The Coastal Commission has a propensity their their job is to enforce state statute, and this piece of legislation is a proposed state statute. The Coastal Commission has a propensity to send a state funded lobbyist to committees to oppose these pieces of legislation.",AB 2222,769,1659,False,substantive,employment_workforce,job,1,True
279611,1105,6962860,Joe Patterson,Legislator,"This isn't the first time they've done it. And I don't know why the state of California continues to fund a lobbyist for a state agency to come into the legislature to tell it what to do. I respectfully ask for an Aye, vote here, but the broader scheme is we need to defund that position.",AB 2222,769,1659,False,substantive,,,0,False
279611,1106,6962861,Josh Lowenthal,Legislator,"Thank you, Assemblymember Patterson. Assemblymember Hart, you are recognized.",AB 2222,769,1659,False,procedural,,,0,False
279611,1107,6962862,Gregg Hart,Legislator,"Thank you, mister speaker. I appreciate the author's efforts to narrow the bill and now require the city of Santa Monica to submit a local coastal program by 2029, but I still raise concerns. AB 1740 would continue to exempt Santa Monica from a range of projects until 2029, removing important layers of oversight and public transparency within the coastal zone. These exemptions undermine the work other coastal cities and counties have done to comply with the Coastal Act.",AB 2222,769,1659,False,substantive,,,0,False
279611,1108,6962863,Gregg Hart,Legislator,"Today, about 88% of California's coastal zone is governed by a local coastal program, including majors coastal cities like San Diego, Long Beach, and my home district in Santa Barbara.",AB 2222,769,1659,False,unclear,,,0,False
279611,1109,6962864,Gregg Hart,Legislator,"If we continue to open the door for other coastal cities and counties to seek similar exemptions before completing their local coastal program, we're gonna be undermining the effectiveness of the the Coastal Act. Instead of carving out new exemptions, we should continue upholding the Coastal Act by ensuring local coastal programs are completed and certified through the process already established by law. For those reasons, I will not be supporting the bill today.",AB 2222,769,1659,False,substantive,,,0,False
279611,1110,6962865,Josh Lowenthal,Legislator,"Thank you. Assemblymember Hart. Seeing and hearing no further debate, Assemblymember's Board, do you wish to close?",AB 2222,769,1659,False,procedural,,,0,False
279611,1111,6962866,Rick Chavez Zbur,Legislator,"Yes. I'd like to thank my, my colleagues from, Rockland and Santa Barbara for their comments today. I think the thing I'll say is that, the the city of Santa Monica worked for over twenty years back and forth trying to get an LCP approved, and it just wasn't happening. The last time they submitted LCP, the Coastal Commission asked them to withdraw it because they didn't have the resources to process it on time.",AB 2222,769,1659,False,substantive,,,0,False
279611,1112,6962867,Rick Chavez Zbur,Legislator,"This moves the bill towards what the Coastal Commission asked the city of Santa Monica to do, which is to resubmit a local coastal program application.",AB 2222,769,1659,False,unclear,,,0,False
279611,1113,6962868,Rick Chavez Zbur,Legislator,"It holds both sides to a time frame to expedite that in the interim. It basically provides very small exemptions to things like changing a restaurant to a retail establishment on places like 3rd Street Promenade where we have no coastal resources, and ADA compliance and putting in charging stations. The original concept of this bill wasn't about exemptions. It was about making sure that in these dense build out areas that we actually expedite development of good things, things like bike lanes, things like housing.",AB 2222,769,1659,False,substantive,,,0,False
279611,1114,6962869,Rick Chavez Zbur,Legislator,It was about concentrating the housing in these urban cores.,AB 2222,769,1659,False,unclear,,,0,False
279611,1115,6962870,Rick Chavez Zbur,Legislator,We can't say in the coastal act in the coastal zone that we are supporting housing in the coastal zone and then do nothing to try to make sure that the housing in the coastal zone is expedited and approved. That's that is a job for another day. This will be something that the city of Santa Monica works out to try to make sure that they're able to sort of concentrate housing have housing in the urban core of Santa Monica.,AB 2222,769,1659,False,substantive,employment_workforce,job,1,True
279611,1116,6962871,Rick Chavez Zbur,Legislator,"And with that, I just wanna say, I wanna thank the Coastal Commission staff who's worked with us. I wanna thank the the chair of the natural resources committee who's been active in helping us shape this and getting all these parties to the table.",AB 2222,769,1659,False,unclear,employment_workforce,staff,1,True
279611,1117,6962872,Rick Chavez Zbur,Legislator,"And with that, I think this is something that's gonna have big benefits for the people of the state of California. So with that, I ask an I for an aye vote.",AB 2222,769,1659,False,unclear,,,0,False
279611,1118,6962873,Josh Lowenthal,Legislator,"Thank you, Assemblymember's Boer. All debate having ceased, the clerk will open the roll. All members vote who desire to vote. All members vote who desire to vote. All members vote who desire to vote.",AB 2222,769,1659,False,procedural,,,0,False
279611,1119,6962874,Josh Lowenthal,Legislator,"Clerk will close the roll, tally votes aye is 55, no zero. The measure passes. We're gonna pass and retain them file items 147, 48, 49, fifty, fifty one. We've already dispensed with file item 152. And before we get to file item one fifty three, we are actually gonna go back and take up file item one twelve.",AB 2222,769,1659,False,substantive,employment_workforce,retain,1,True
279611,1120,6962875,Josh Lowenthal,Legislator,"File item one twelve, let's say b twenty four sixty five by Assemblymember Ortega, Ortega. The clerk will read.",AB 2222,769,1659,False,unclear,,,0,False
279611,1121,6960241,Committee Secretary,Person,"Assembly Bill 2465 by Assembly Member Ortega and others, an act relating to state government.",AB 2222,769,1659,False,non_legislator,,,0,False
279611,1122,6960242,Josh Lowenthal,Legislator,"Members, this is a 54 vote bill. Assembly Member Ortega, you may open on the measure.",AB 2222,769,1659,False,unclear,,,0,False
279611,1123,6960243,Liz Ortega,Legislator,"Thank you, Mr. Speaker and Members. AB 2465 says no more of our California tax dollars should go towards Trump's reign of terror. AB 2465 prohibits businesses that profit from private detention centers from getting a single penny from our California tax dollars. I did hear some concerns as they relate to affordable housing, and I've agreed to make those amendments in the Senate if it makes it out of this floor. I respectfully ask for your aye vote.",AB 2222,769,1659,False,substantive,,,0,False
279611,1124,6960244,Josh Lowenthal,Legislator,"Thank you, Assembly Member Ortega. All debate having ceased. Clerk who opened the roll. All Members vote who desire to vote. All Members vote who desire to vote.",AB 2222,769,1659,False,procedural,,,0,False
279611,1125,6966932,Josh Lowenthal,Legislator,All Members vote who desire to vote. A 54 vote bill.,AB 2222,769,1659,False,unclear,,,0,False
279611,1126,6966933,Josh Lowenthal,Legislator,"Clerk will close the roll, tally the votes. Ayes 54, noes 19. The measure passes. File item 153 is AB 1859. Sorry, Assembly Member Ortega. Assembly Member Ortega. Assembly Member Ortega. We still need you, Assembly Member Ortega. File item 153, AB 1859, also by Assembly Member Ortega. The Clerk will read.",AB 2222,769,1659,False,substantive,,,0,False
279611,1127,6966934,Committee Secretary,Person,"Assembly Bill 1859 by Assembly Member Ortega, an act relating to public works.",AB 2222,769,1659,False,non_legislator,,,0,False
279611,1128,6966935,Josh Lowenthal,Legislator,"Assembly Member Ortega, you are recognized.",AB 2222,769,1659,False,unclear,,,0,False
279611,1129,6966936,Liz Ortega,Legislator,"AB 1859 strengthens enforcement of public works labor laws by requiring public works contractors to allow joint labor management committees at worksites. It's received bipartisan support, and I respectfully ask for an aye vote.",AB 2222,769,1659,False,unclear,,,0,False
279611,1130,6966937,Josh Lowenthal,Legislator,"Thank you, Assembly Member Ortega. All debate having ceased. Clerk will open the roll. All Members vote who desire to vote. All Members vote who desire to vote. All Members vote who desire to vote.",AB 2222,769,1659,False,procedural,,,0,False
279611,1131,6970855,Josh Lowenthal,Legislator,"clerk will close roll, tally the boat ayes 44, nose 13, the measure passes. File item one fifty four is AB 1881 by Assembly member Ramos. The clerk will read.",AB 2222,769,1659,False,unclear,,,0,False
279611,1132,6970856,Committee Secretary,Person,Assembly bill 1881 by Assembly member Ramos and others an act relating to California Indians.,AB 2222,769,1659,False,non_legislator,,,0,False
279611,1133,6970857,Joe Patterson,Legislator,"Assembly member Ramos, you are recognized.",AB 2222,769,1659,False,unclear,,,0,False
279611,1134,6970858,James Ramos,Legislator,"Well, thank you, mister speaker. Today today, I rise to present AB 1881, the California Indian Freedom Act of 2026. It seeks to ensure that California Indians can freely practice their religions and spiritual traditions on state public lands. As I have continuously echoed on this floor, California is home to the largest population of Native Americans in The United States, each with its own distinct culture and religion that has predated statehood.",AB 2222,769,1659,False,substantive,,,0,False
279611,1135,6970859,James Ramos,Legislator,"Yet for centuries, there has been a long standing policy in this country and in this state that has allowed for the suppression of tribal spirituality and cultural expressions in an effort to assimilate the Indians by force using slogans like kill the Indian and save the man.",AB 2222,769,1659,False,substantive,,,0,False
279611,1136,6970860,James Ramos,Legislator,"In fact, California was home to 13 federal Indian boarding schools that abducted native children from their families, punish them for speaking their language, and prohibited them from practicing their spiritual practices. These boarding schools resulted in generational trauma that continues to plague and impact tribal communities to this day. Unfortunately, the legacy of Indian assimilation and cultural suppression still shapes present day policy. Sacred sites are still being desecrated, developed, or made inaccessible.",AB 2222,769,1659,False,substantive,information_effects,fact,1,True
279611,1137,6970861,James Ramos,Legislator,Many tribes remain separated from their cultural items and their ancestors that still remain on shelves at universities in the state of California.,AB 2222,769,1659,False,unclear,,,0,False
279611,1138,6970862,James Ramos,Legislator,Tribal members are routinely questioned or harassed for wearing regalia or carrying ceremonial items in public spaces. Native students and their families still face obstacles or prohibitions on wearing regalia at graduation ceremonies despite federal and state statutory protections that this body has approved. These are not isolated incidents. They are a direct result of state and federal policies that sought to erase Native American identity and religion.,AB 2222,769,1659,False,substantive,,,0,False
279611,1139,6970863,James Ramos,Legislator,AB 1881 aims to afford Native Americans the same level of protection for their faith as we do for other religions in this country and in the state of California.,AB 2222,769,1659,False,unclear,,,0,False
279611,1140,6970864,James Ramos,Legislator,"The ability for many tribal communities through their faith depends on access to sacred sites to gather traditional plants and foods and enjoy the freedom to use their ceremonial items without being questioned every step of the way. AB 1881 establishes clear, enforceable standards that no state agency may substantially burden a California tribe's right to religious practice unless the state can demonstrate a compelling interest in doing so. Even then, it must do so by the least restrictive means possible.",AB 2222,769,1659,False,substantive,,,0,False
279611,1141,6970865,James Ramos,Legislator,"The bill ensures that state agencies allow access to sacred sites on state lands and permit gathering of traditional plants, foods, and other materials and essentials to tribal religious practices. The bill further protects the handling of sacred items and Regala, even on state grounds, including here at the state capitol.",AB 2222,769,1659,False,substantive,,,0,False
279611,1142,6970866,James Ramos,Legislator,"With all these things, my office has worked tirelessly with the opposition to address concerns, opposition to California's first people's rights to conduct ceremonies on a land that was stripped from them. I wanna be clear, members. I want to be clear of what am I I am saying. In 2026, I have to write a law to give the rightful people of this land the right to assemble and practice customs and traditions on the land that is originally theirs.",AB 2222,769,1659,False,substantive,,,0,False
279611,1143,6970867,James Ramos,Legislator,"This bill, AB 1881, moves us in a in a forward direction to ensure that California's first people and their rights are moving forward in this day and age.",AB 2222,769,1659,False,unclear,,,0,False
279611,1144,6970868,Josh Lowenthal,Legislator,Thirty seconds.,AB 2222,769,1659,False,unclear,,,0,False
279611,1145,6970869,James Ramos,Legislator,"We need to make sure that we stand united with California's first people. This land is theirs. This land is ours. It's time that we have to be able to allow them to move forward on land that was stolen, that was taken from them to practice customs and traditions in the state of California. I ask for your aye vote.",AB 2222,769,1659,False,substantive,,,0,False
279611,1146,6970870,Josh Lowenthal,Legislator,"Thank you. Assembly member Ramos. Assembly member Brian, you are recognized.",AB 2222,769,1659,False,procedural,,,0,False
279611,1147,6970871,Isaac Bryan,Legislator,"Thank you, mister speaker and colleagues. I I think if there was ever a time we should waive the time limit for speaking, it's when the member from San Bernardino is telling us something that's critically important and bringing voice to this house that has never existed here before. I feel very fortunate and privileged as we all should to have seen the member from San Bernardino practice those religious practices at the head of this building, praying to open our floor sessions. Thank you for bringing this legislation forward.",AB 2222,769,1659,False,substantive,,,0,False
279611,1148,6970872,Isaac Bryan,Legislator,Thank you for all the ways you fight to bring representation to a community that was here before the rest of California even existed.,AB 2222,769,1659,False,procedural,,,0,False
279611,1149,6970873,Isaac Bryan,Legislator,"I know I speak at least for the nine members of the Black Caucus. We are proud to stand with you on this legislation and many others, and I respectfully ask for your aye vote.",AB 2222,769,1659,False,unclear,,,0,False
279611,1150,6970874,Lori Wilson,Legislator,"Thank you, mister Brian. Seeing and hearing no further debate on the matter, mister Ramos, would you like to close?",AB 2222,769,1659,False,procedural,,,0,False
279611,1151,6970875,James Ramos,Legislator,"Well, thank you, madam speaker. And I ask for your aye vote for AB 1881 for all of California's first people.",AB 2222,769,1659,False,procedural,,,0,False
279611,1152,6970876,Lori Wilson,Legislator,Clerk will open the roll. All members vote who desire to vote. All members vote who desire to vote. All members vote who desire to vote. Clerk will close the roll and tally the vote.,AB 2222,769,1659,False,unclear,,,0,False
279611,1153,6972513,Rebecca Bauer-Kahan,Legislator,"Ayes 53, noes zero. That measure passes. We will pass and retain on file item 155. Moving to file item 156, AB 1921. The Clerk will read.",AB 2222,769,1659,False,substantive,employment_workforce,retain,1,True
279611,1154,6972514,Committee Secretary,Person,"Assembly Bill 1921 by Assembly Member Ward, an act relating to business.",AB 2222,769,1659,False,non_legislator,,,0,False
279611,1155,6972515,Rebecca Bauer-Kahan,Legislator,"Mr. Ward, you are recognized to open on the matter.",AB 2222,769,1659,False,unclear,,,0,False
279611,1156,6972516,Chris Ward,Legislator,"Thank you, Madam Speaker. Good afternoon, Members. So video games have become the largest single entertainment market in the world. Increasingly common live service games rely on ongoing service support and updates.",AB 2222,769,1659,False,procedural,,,0,False
279611,1157,6973123,Chris Ward,Legislator,"Meaning that if a game operator pulls support, a player who paid $60 or a $100 or more can be left with nothing. AB 1921 provides needed consumer protection for video game users, requiring a publisher to proactively notify players within 60 days before ceasing server support.",AB 2222,769,1659,False,substantive,,,0,False
279611,1158,6972517,Chris Ward,Legislator,"And furthermore, this bill would require a video game operator to provide ongoing access to just core features of the game so you can continue ongoing engagement, enjoyment via a patch or an offline version or some other remedy. I look forward to continue conversations with opposition and respectfully request your aye vote.",AB 2222,769,1659,False,substantive,,,0,False
279611,1159,6972518,Rebecca Bauer-Kahan,Legislator,"Thank you, Mr. Ward. Seeing and hearing no further debate on the matter, the Clerk will open the roll. All Members vote who desire to vote. All Members vote who desire to vote. All Members vote who desire to vote. All Members vote who desire to vote. Mr. Patterson. All Members vote who desire to vote. Requires 41. All Members vote who desire to vote.",AB 2222,769,1659,False,substantive,,,0,False
279611,1160,6972519,Rebecca Bauer-Kahan,Legislator,"Requires 41. Members, please join us on the floor so we can continue to do business. All Members vote who desire to vote. This requires 41. Members, this is bill number 81 of the day, and part of the problem is I need Members at their desks ready to vote and do business. I appreciate that the Republicans applauded for my desire to keep moving. All Members vote who desire to vote.",AB 2222,769,1659,False,substantive,,,0,False
279611,1161,6970877,Committee Secretary,Person,41.,AB 2222,769,1659,False,non_legislator,,,0,False
279611,1162,6970878,Rebecca Bauer-Kahan,Legislator,"The, the Clerk will close the roll and tally the vote. Ayes, 41; noes, 12. That measure passes. So, as I said, members, that was 81 items we have dispensed with. That was not the number I would like to be saying.",AB 2222,769,1659,False,unclear,,,0,False
279611,1163,6970879,Rebecca Bauer-Kahan,Legislator,"As a result, we're gonna work through our scheduled dinner break—with you, Ms. Davies—and but, of course, your staff may bring food to the member's lounge, and just make sure if you leave the floor that you are prepared to vote during that time, so maybe alternate with your CPH. Moving back to the file. Oh, we're ready to lift the call. On item 12, AB 1919, Pellerin, the clerk will post.",AB 2222,769,1659,False,substantive,employment_workforce,staff,1,True
279611,1164,6970880,Rebecca Bauer-Kahan,Legislator,All members vote who desire to vote. All members vote who desire to vote. All members of those who desire to vote. All members vote who desire to vote.,AB 2222,769,1659,False,unclear,,,0,False
279611,1165,6841742,Rebecca Bauer-Kahan,Legislator,"Clerk will close the roll and tally vote. Ayes 54, Noes 20. That measure passes. And Ayes 54, Noes 20 on the urgency. Okay. We are back in file order. File item 157 AB 2037. The clerk will read.",AB 2222,769,1659,False,unclear,,,0,False
279611,1166,6841743,Committee Secretary,Person,"Assembly Bill 2037 by Assembly Member Patterson, an act relating to older adults.",AB 2222,769,1659,False,non_legislator,,,0,False
279611,1167,6841744,Rebecca Bauer-Kahan,Legislator,"Mister Patterson, you are recognized on the matter.",AB 2222,769,1659,False,unclear,,,0,False
279611,1168,6841745,Joe Patterson,Legislator,"Great. Thank you, Madam Speaker. AB 2037 creates a pilot program to help seniors and individuals with disabilities mitigate their properties for a wildfire. Respectfully ask for an Aye vote.",AB 2222,769,1659,False,procedural,,,0,False
279611,1169,6841746,Rebecca Bauer-Kahan,Legislator,"Thank you, Mr. Patterson. Seeing and hearing no further debate on the matter, the clerk will open the roll. All Members vote who desire to vote. All Members vote who desire to vote. 159.",AB 2222,769,1659,False,procedural,,,0,False
279611,1170,6841747,Rebecca Bauer-Kahan,Legislator,"All Members who desire it, the clerk will close the roll and tally the vote. Ayes 52, Noes 0. The measure passes. Moving to file item we'll pass and retain a file item 158. Moving to file item 159, AB 2101.",AB 2222,769,1659,False,substantive,employment_workforce,retain,1,True
279611,1171,6841748,Rebecca Bauer-Kahan,Legislator,The clerk will read.,AB 2222,769,1659,False,unclear,,,0,False
279611,1172,6841850,Committee Secretary,Person,"Assembly Bill 2101 by Assembly Member Gipson, an act relating to human trafficking.",AB 2222,769,1659,False,non_legislator,,,0,False
279611,1173,6841851,Rebecca Bauer-Kahan,Legislator,"Mr. Gipson, you are recognized. Thank you for being ready at your desk.",AB 2222,769,1659,False,procedural,,,0,False
279611,1174,6841852,Mike Gipson,Legislator,"Thank you very much, Madam Speaker. I rise to present Assembly Bill 2101, which strengthens protection for disaster response workers to protect them from human trafficking. In the aftermath in the aftermath of natural disasters, recovery efforts are often driven by utilities crews, debris removal teams, construction workers, and electricians, and day workers. Despite the essential role they play, they often face widespread issues of wage theft.",AB 2222,769,1659,False,substantive,tax_credit,wage,1,True
279611,1175,6841853,Mike Gipson,Legislator,Assembly Bill 2101 addresses the need by requiring posting of know your rights materials for human traffic hotline information at designated disaster sites if able to for businesses for hiring employees of disaster response workers. This bill is essential. I respectfully ask for an aye vote on Assembly Bill 2101.,AB 2222,769,1659,False,substantive,employment_workforce,hiring,1,True
279611,1176,6841854,Rebecca Bauer-Kahan,Legislator,"Thank you, Mr. Gipson. Seeing and hearing no further debate on the matter, the Clerk will open the roll. All Members vote who desire to vote. All Members vote who desire to vote. All Members vote who desire to vote. Clerk will close the roll and tally vote. Ayes 55. Noes zero. The measure passes. We are gonna move back in file order to file item 65.",AB 2222,769,1659,False,substantive,,,0,False
279611,1177,6841994,Rebecca Bauer-Kahan,Legislator,AB 1915. The clerk will read.,AB 2222,769,1659,False,unclear,,,0,False
279611,1178,6841995,Committee Secretary,Person,"Assembly Bill 1915 by Assembly Member Gabriel and others, an act relating to restaurants.",AB 2222,769,1659,False,non_legislator,,,0,False
279611,1179,6841996,Rebecca Bauer-Kahan,Legislator,"Mister Gabriel, you are recognized on the matter.",AB 2222,769,1659,False,unclear,,,0,False
279611,1180,6841997,Jesse Gabriel,Legislator,"Thank you very much, Madam Speaker. I rise today to present AB 1915, which a measure that will support California's neighborhood restaurants by cutting red tape and modernizing outdated regulations. Neighborhood restaurants are the backbone of communities across California and employ one of the most diverse workforces in the state, but too many are continuing to struggle.",AB 2222,769,1659,False,substantive,,,0,False
279611,1181,6841998,Jesse Gabriel,Legislator,"This bill will modernize California's food facility to code to reflect the realities of how small businesses operate, will cut a lot of red tape, and make it less expensive to open and operate a neighborhood restaurant. This bill is supported by a coalition that includes the Los Angeles County Business Federation, the California Association of Environmental Health Administrators, the California Restaurant Association, local restaurants and business councils.",AB 2222,769,1659,False,substantive,,,0,False
279611,1182,6841999,Jesse Gabriel,Legislator,"It has no registered opposition. Thank you, and I would respectfully request an Aye vote.",AB 2222,769,1659,False,procedural,,,0,False
279611,1183,6842000,Rebecca Bauer-Kahan,Legislator,"Thank you, Mr. Gabriel. Seeing and hearing no further debate on the matter, the clerk will open the roll. All Members vote who desire to vote? All Members vote who desire to vote? All Members vote who desire to vote?",AB 2222,769,1659,False,procedural,,,0,False
279611,1184,6842359,Rebecca Bauer-Kahan,Legislator,"The Clerk will close the roll and tally the vote. Ayes 57, noes zero. That measure passes. Now we will move on to file item 66, AB 1924. The Clerk will read.",AB 2222,769,1659,False,unclear,,,0,False
279611,1185,6842360,Committee Secretary,Person,"Assembly Bill 1924 by Assembly Member Gabriel and others, an act relating to housing.",AB 2222,769,1659,False,non_legislator,,,0,False
279611,1186,6842361,Rebecca Bauer-Kahan,Legislator,"Mr. Gabriel, you are recognized on the matter.",AB 2222,769,1659,False,unclear,,,0,False
279611,1187,6842362,Jesse Gabriel,Legislator,"Thank you very much, Madam Speaker. I'm proud to present AB 1924, which would ensure that homelessness prevention is a central pillar of our homelessness response. Data shows that for each individual we house, nearly three new individuals become at risk of homelessness for the first time. To meaningfully address our state's homelessness crisis, we must prioritize preventing homelessness before it occurs.",AB 2222,769,1659,False,substantive,,,0,False
279611,1188,6842363,Jesse Gabriel,Legislator,"This bill would create a comprehensive straight ride strategy for homelessness prevention that would include coordinated action plans, identification of model best practices, and accountability measures to track progress.",AB 2222,769,1659,False,substantive,civic_effects,accountability,1,True
279611,1189,6842364,Jesse Gabriel,Legislator,"This legislation is supported by a broad coalition of service providers and organizations working to end homelessness, has received bipartisan support, and has no registered opposition. Respectfully request your aye vote on AB 1924.",AB 2222,769,1659,False,unclear,,,0,False
279611,1190,6842365,Rebecca Bauer-Kahan,Legislator,"Thank you, Mr. Gabriel. Seeing and hearing no further... Oh, Ms. Quirk-Silva, you are recognized. I apologize.",AB 2222,769,1659,False,procedural,,,0,False
279611,1191,6842366,Sharon Quirk-Silva,Legislator,"Thank you, Madam Speaker, and good evening, Members. I rise in strong support of AB 1924. Members, this bill is a good bill and is actually getting my second housing award for the year, the Quirk-Silva Housing Awards. And why? Because over the years, the decade since I've been here, we have invested in homelessness and we have made progress.",AB 2222,769,1659,False,substantive,,,0,False
279611,1192,6842367,Sharon Quirk-Silva,Legislator,"And yet, we still see that there is work to do. One area that we have not focused on has been prevention. And this is a math equation, friends. If we were to invest in keeping people in their apartments, just say $500 a month times 12 is actually $6,000. Versus what we understand to house people in homeless shelters, which is about 60,000 a year.",AB 2222,769,1659,False,substantive,,,0,False
279611,1193,6842368,Sharon Quirk-Silva,Legislator,"So sometimes we have to go backwards to go forward, which means let's do the work to keep people from falling into homelessness in the first place, which is not only very difficult once they get an eviction on their record, but it's also extremely difficult to find those units that we are so desperately looking for. With that, our second housing award of the year, please support AB 1924.",AB 2222,769,1659,False,substantive,,,0,False
279611,1194,6842369,Rebecca Bauer-Kahan,Legislator,"Thank you, Ms. Quirk-Silva. Mr. Gabriel, would you like to close on this award winning bill?",AB 2222,769,1659,False,procedural,,,0,False
279611,1195,6842370,Jesse Gabriel,Legislator,"I, you actually stole my line. Thank you very much, Madam Speaker. I wanna thank our incredible colleague from Orange County for her thoughtful leadership on this issue, and respectfully request your aye vote on this award winning bill.",AB 2222,769,1659,False,procedural,,,0,False
279611,1196,6842371,Rebecca Bauer-Kahan,Legislator,"Clerk will open the roll. All Members vote who desire to vote. All Members vote who desire to vote. All Members vote who desire to vote. Clerk will close the roll and tally the vote. Aye 60, noes zero. This measure passes. We will move to file item 87, AB 2244. The Clerk will read.",AB 2222,769,1659,False,substantive,,,0,False
279611,1197,6842372,Committee Secretary,Person,"Assembly Bill 2244 by Assembly Member Gabriel and others, an act relating to food.",AB 2222,769,1659,False,non_legislator,,,0,False
279611,1198,6842373,Rebecca Bauer-Kahan,Legislator,"Mr. Gabriel, you are recognized on the matter.",AB 2222,769,1659,False,unclear,,,0,False
279611,1199,6842513,Jesse Gabriel,Legislator,"Thank you, Madam Speaker and colleagues. I rise today to present AB 2244 on my favorite topic. As I have discussed with many of you in recent years, doctors and scientists have increasingly warned us about the negative health consequences of ultra processed foods, which have been linked to serious health harms, including cancer, cardiovascular disease, diabetes, metabolic disorders, reproductive harm, and neurobehavioral issues in children. Unfortunately, consumers continue to face real challenges in identifying healthier food products.",AB 2222,769,1659,False,substantive,,,0,False
279611,1200,6842514,Jesse Gabriel,Legislator,"Ingredient lists are often long, technical, and incomplete, leaving families without clear accessible tools to distinguish between minimally processed and highly processed foods.",AB 2222,769,1659,False,unclear,,,0,False
279611,1201,6842515,Jesse Gabriel,Legislator,"This bill would establish a not ultra processed certified seal that food manufacturers could place on products that meet clear science based standards for not being ultra processed. Modeled after the successful and widely recognized USDA organic label, this seal would provide consumers with simple, trustworthy way to identify healthier options with a quick glance. I wanna acknowledge the productive conversations we've had with opposition and with stakeholders, and I'm proud to report that the California Grocers Association has officially moved from opposition to support.",AB 2222,769,1659,False,substantive,,,0,False
279611,1202,6842516,Jesse Gabriel,Legislator,"I'm proud that this bill is supported by a broad coalition that includes the California Medical Association, the American Academy of Pediatrics, the American Diabetes Association, the American Heart Association, and nurses, and many more. And grateful for the bipartisan coauthorship.",AB 2222,769,1659,False,substantive,,,0,False
279611,1203,6842517,Jesse Gabriel,Legislator,"With that, would respectfully request your Aye vote on AB 2244.",AB 2222,769,1659,False,unclear,,,0,False
279611,1204,6842518,Rebecca Bauer-Kahan,Legislator,"Thank you, Mr. Gabriel. Mr. Bryan, you are recognized on this matter?",AB 2222,769,1659,False,procedural,,,0,False
279611,1205,6842519,Isaac Bryan,Legislator,"Yes, ma'am. I'll speak a question for the author and it's closed. Does this bill make it even harder for us to get hot Cheetos, Skittles, Taki, Starburst, or any of the other delicious foods that so many Californians love?",AB 2222,769,1659,False,unclear,,,0,False
279611,1206,6842520,Rebecca Bauer-Kahan,Legislator,"Seeing and hearing no further debate on the matter, would you like to close and address the question about Mr. Bryan, Skittles?",AB 2222,769,1659,False,unclear,,,0,False
279611,1207,6842521,Jesse Gabriel,Legislator,"Yes. Thank you. Thank you very much. I would invite my dear friend from Culver City, LA, depending on the day, to come up and join me and my Skittles pillow. We can talk about it.",AB 2222,769,1659,False,procedural,,,0,False
279611,1208,6842522,Jesse Gabriel,Legislator,"This will be a great way for your constituents to find all the healthier products that they're seeking. And with that, with respectfully ask for your Aye vote.",AB 2222,769,1659,False,unclear,,,0,False
279611,1209,6842523,Rebecca Bauer-Kahan,Legislator,Clerk will open the roll. All Members vote who desire to vote. All Members vote who desire to vote. Members vote who desire to vote? Clerk will close the roll and tally vote. Aye.,AB 2222,769,1659,False,unclear,,,0,False
279611,1210,6842115,Rebecca Bauer-Kahan,Legislator,"16, no zero. The measure passes. We will move on to file item one zero three, AB 2354. Clerk will read.",AB 2222,769,1659,False,unclear,,,0,False
279611,1211,6842116,Committee Secretary,Person,"Assembly bill 2354 by Assembly member Gabriel, an act relating to pupil instruction and making an appropriation thereof.",AB 2222,769,1659,False,non_legislator,,,0,False
279611,1212,6842117,Rebecca Bauer-Kahan,Legislator,"Mister Gabriel, you are recognized on the matter.",AB 2222,769,1659,False,unclear,,,0,False
279611,1213,6842118,Jesse Gabriel,Legislator,"Thank you very much, madam speaker. I'm applied to present AB 2354, which expands the California Serves grant program for students in grades six through 12, helping schools build stronger and more sustained civic engagement opportunities. This bill has no opposition as received unanimous bipartisan support. Respectfully request an aye vote.",AB 2222,769,1659,False,substantive,civic_effects,civic engagement,1,True
279611,1214,6842119,Rebecca Bauer-Kahan,Legislator,"Thank you, mister Gabriel. Seeing and hearing no further debate, no questions, no awards, the clerk will open the roll. All members vote who desire to vote. All members vote who desire to vote. All members vote who desire to vote.",AB 2222,769,1659,False,procedural,,,0,False
279611,1215,6842120,Rebecca Bauer-Kahan,Legislator,"The clerk will close the roll and tally vote. Aye, 65, no zero. That measure passes. Moving to file item one twenty six, twenty six twenty six. The clerk will read.",AB 2222,769,1659,False,unclear,,,0,False
279611,1216,6842240,Committee Secretary,Person,"Assembly bill 2626 by Assembly member Gabriel, an act relating to housing.",AB 2222,769,1659,False,non_legislator,,,0,False
279611,1217,6842241,Rebecca Bauer-Kahan,Legislator,"Mister Gabriel, you are recognized on the matter",AB 2222,769,1659,False,unclear,,,0,False
279611,1218,6842242,Jesse Gabriel,Legislator,"Thank you very much, madam speaker. Proud to present AB 2626, which would provide targeted flexibility to protect the low income Californians from losing their homes. Our affordable housing developments already operate on razor thin margins, and many are at risk of foreclosure because of skyrocketing insurance costs and other financial pressures. This bill would authorize HCD to waive annual monitoring fees when necessary to maintain the fiscal integrity and long term viability of a development. This is a targeted tool.",AB 2222,769,1659,False,substantive,,,0,False
279611,1219,6842243,Jesse Gabriel,Legislator,"Waivers are only permitted when HCD developments that determines that a development truly needs relief, helping to stave stabilize vulnerable properties, prevent court foreclosure, and safeguard long term affordability. This bill has a long list of bipartisan support and no registered opposition. Respectfully request an aye vote on 2626.",AB 2222,769,1659,False,substantive,,,0,False
279611,1220,6842244,Rebecca Bauer-Kahan,Legislator,"Seeing and hearing no further debate on the matter, the clerk will open the roll. All members vote who desire to vote. All members vote who desire to vote. All members vote who desire to vote. The clerk will close the roll and tally the vote.",AB 2222,769,1659,False,unclear,,,0,False
279611,1221,6843535,Rebecca Bauer-Kahan,Legislator,"Ayes 49, noes one, that measure passes. We will now move to file item one forty five, AB 1729. The clerk will read.",AB 2222,769,1659,False,unclear,,,0,False
279611,1222,6843536,Committee Secretary,Person,"Assembly bill 1729 by Assembly member Lee and others, an act relating to state employment and declaring the urgency there for to take effect immediately.",AB 2222,769,1659,False,non_legislator,employment_workforce,employment,1,True
279611,1223,6843537,Rebecca Bauer-Kahan,Legislator,"Mister Lee, you are recognized on the matter.",AB 2222,769,1659,False,unclear,,,0,False
279611,1224,6843538,Alex Lee,Legislator,"Thank you, madam speaker. I rise to resend AB 1729 to update the telework policy for state agencies. This policy has not been amended or updated in over thirty years and does not reflect the technological opportunities of workplace realities in 2026. According to the state auditor report last year, if state workers telework three or more days weekly, the state could reduce office space by roughly 30% and save upwards of $2,225,000,000 annually.",AB 2222,769,1659,False,substantive,,,0,False
279611,1225,6843539,Alex Lee,Legislator,Telework and hybrid schedules are the norm in many start departments and return to office requires planning.,AB 2222,769,1659,False,unclear,,,0,False
279611,1226,6843540,Alex Lee,Legislator,"According to the state according to the Sacramento bees reporting, more than 70 state offices could not state offices could not accommodate state workers ahead of Newsom's RTO order for July 2025. The RTO order did not acknowledge realities about office space, office leases, office equipment, or parking. The RTO order did not acknowledge employees that have been hired as remote workers over the last six years and may not be able to reallocate. Approximately three fourths of local governments offer hybrid schedules.",AB 2222,769,1659,False,substantive,,,0,False
279611,1227,6843541,Alex Lee,Legislator,"Looking at Indeed website, the following companies offer remote jobs like Amazon, Cisco, CVS, Humana, Salesforce, and Wells Fargo.",AB 2222,769,1659,False,unclear,employment_workforce,jobs,1,True
279611,1228,6843542,Alex Lee,Legislator,"Remote and hybrid workplace are becoming a standard for a wide range of jobs. And this is a bill that also benefits greatly the constituents of the members from Folsom and Rockland. And I would really highly encourage you all to vote for this because we are asking our city departments to do so much, and this is a great way to improve the quality of life and cost of living for our hardworking state employees. Respectfully ask your aye vote.",AB 2222,769,1659,False,substantive,employment_workforce,jobs,1,True
279611,1229,6843543,Rebecca Bauer-Kahan,Legislator,"Thank you, mister Lee. Mister Hoover, you are recognized on the matter.",AB 2222,769,1659,False,procedural,,,0,False
279611,1230,6843544,Josh Hoover,Legislator,"Thank you, madam speaker. I rise as a coauthor and in strong support of AB 1729, on this bipartisan measure. This, bill has a lot of benefits across the board. In my district specifically, obviously helps our state employees out a lot. And what we did a few years ago is we actually passed an audit out of this very building that really dove into the productivity and the effectiveness of remote work in state government.",AB 2222,769,1659,False,substantive,,,0,False
279611,1231,6843545,Josh Hoover,Legislator,"And it actually found that if we embrace remote work where it makes sense, we can actually save taxpayers $225,000,000 per year by reducing our state footprint when it comes to office buildings, energy, maintenance costs. It also helps commuters in my region by keeping our highways clear. It obviously has environmental benefits as well. But I think there is so many reasons why this can be a good thing. This is not the goal of this is not to neglect our downtowns.",AB 2222,769,1659,False,substantive,,,0,False
279611,1232,6843546,Josh Hoover,Legislator,"In fact, we want to invest in our downtown and revitalize and reimagine our downtown core, but the but it is really critical that we allow these employees where it makes sense to continue working remotely. This gives state agencies the flexibility to do that with strongly urge an aye vote. Thank you.",AB 2222,769,1659,False,substantive,information_effects,fact,1,True
279611,1233,6843547,Rebecca Bauer-Kahan,Legislator,"Thank you, mister Hoover. Miss Rubio, you are recognized on this matter?",AB 2222,769,1659,False,procedural,,,0,False
279611,1234,6843548,Blanca Rubio,Legislator,"Thank you, madam speaker. I rise in opposition of this bill. I appreciate all of the benefits that were just articulated. However, as a female, I can tell you that I feel that our young women are going to suffer. We already suffer from not getting paid enough, and I spoke to the author about a schedule, etcetera.",AB 2222,769,1659,False,substantive,,,0,False
279611,1235,6843549,Blanca Rubio,Legislator,"But when I was younger, the way that I learned was, quote, water cooler conversations, watching my colleagues. And there was always somebody that could b s their way through some promotions. And the value of me being present was that I could demonstrate that I was working as harder and harder than the people that were able to talk themselves into these promotions. And by people, I mean the men. We already are at a disadvantage.",AB 2222,769,1659,False,substantive,,,0,False
279611,1236,6843550,Blanca Rubio,Legislator,"And I, again, I believe that this will disadvantage women, young women especially, that are trying to advance in their careers. Again, I appreciate all the benefits that were articulated, but I think as a female and we all talk about the the difference between the pay between, men and women, the promotional opportunities between men and women. And, I believe that two resumes being equal, the man will get the job if the female is not working in the office or everybody else is not working in the office.",AB 2222,769,1659,False,substantive,employment_workforce,job,1,True
279611,1237,6843551,Blanca Rubio,Legislator,"Again, I appreciate the conversation about remote work. The other issue that I have is when we are hired, you are hired to do a job.",AB 2222,769,1659,False,substantive,employment_workforce,job,1,True
279611,1238,6843552,Blanca Rubio,Legislator,"You were not hired to, do remote work. And I know there's some flexibility already in some of the departments. But when I took this job, for example, I knew that part of the job was to fly, was to have twelve, fourteen hour days. And I did that consciously even though I have two children that I care for for a while. I was a single mom.",AB 2222,769,1659,False,substantive,employment_workforce,job,1,True
279611,1239,6843553,Blanca Rubio,Legislator,"And so, again, appreciating the the benefits, I think that it's gonna hurt young women when they're trying to advance in their career. And for that reason, I respectfully ask for a no vote.",AB 2222,769,1659,False,unclear,,,0,False
279611,1240,6843554,Rebecca Bauer-Kahan,Legislator,"Thank you, miss Rubio. Oh, mister Tangipa, you are recognized on this matter.",AB 2222,769,1659,False,procedural,,,0,False
279611,1241,6843555,David Tangipa,Legislator,"Thank you, madam speaker. And I I rise in support of this bill. I wanna thank the author for actually thinking about this in a modern fashion, which I believe that we're in a reformation and how work is actually being done. And I hear some of the comments, that a colleague from Baldwin Park shares, but I also wanted to share one of my family members, my sister's personal story. She actually is a teleworker for the state of California.",AB 2222,769,1659,False,substantive,,,0,False
279611,1242,6843556,David Tangipa,Legislator,"This has provided her an opportunity while her husband works for this, sewer district. She can work from home, but also take care of my nieces and nephews. And because she's been able to maximize her productivity value, she was just promoted as a supervisor. And I think that telework has actually provided an opportunity for a lot of those that actually haven't had the ability to work, especially when they're trying to make make it out of a system that sometimes seems detrimental.",AB 2222,769,1659,False,substantive,,,0,False
279611,1243,6843557,David Tangipa,Legislator,So I believe that this is a necessary modernization tool. I think we need to find ways that we can make sure that we're promoting and protecting some of our downtown corridors that have built their economies off of that. But I just wanted to thank the author and respectfully ask for your aye vote on this.,AB 2222,769,1659,False,substantive,,,0,False
279611,1244,6843558,Rebecca Bauer-Kahan,Legislator,"Thank you, mister Tangipa. Miss Macedo, you are recognized.",AB 2222,769,1659,False,procedural,,,0,False
279611,1245,6843559,Alexandra Macedo,Legislator,"Thank you, madam speaker. I have to rest respectfully disagree with my colleague from Clovis. You hear stories that people are more productive from home, but then you also hear stories like I have heard of state workers talk about how they only work a couple hours a day, but then they do house chores, or they get distracted by their kids. And we've seen them on the Zooms before. Now I think there are exceptions to this rule, but I think that it's overly broad.",AB 2222,769,1659,False,substantive,,,0,False
279611,1246,6843560,Alexandra Macedo,Legislator,"I agree with my colleague, that we need that inner office, camaraderie and interaction. I think that's actually how you build healthier businesses and workmanship, so I will be opposing the bill today. Thank you.",AB 2222,769,1659,False,procedural,,,0,False
279611,1247,6843561,Rebecca Bauer-Kahan,Legislator,"Thank you, miss Macedo. Miss Krell, you are recognized on the matter.",AB 2222,769,1659,False,procedural,,,0,False
279611,1248,6843562,Maggy Krell,Legislator,"Thank you, madam speaker. Good evenings. I'll I'll keep this brief. I have the honor here in Assembly District 6 of representing thousands of thousands of state workers. I've heard from many of them about their support for this bill.",AB 2222,769,1659,False,procedural,,,0,False
279611,1249,6843563,Maggy Krell,Legislator,"I'm supporting it too. I think that employees, can slack off at the office just like they can slack off at home, and they can work hard and be productive at home just like they can do so at the office. It depends on the individual. This is an important bill. It adds flexibility.",AB 2222,769,1659,False,substantive,,,0,False
279611,1250,6843564,Maggy Krell,Legislator,"It allows workers to maintain current levels of productivity, and it gives our state a chance to continue to evaluate. So I'm supporting this bill, and I appreciate all the constituents who have, reached out to me and my team on it. Thank you.",AB 2222,769,1659,False,procedural,,,0,False
279611,1251,6843565,Rebecca Bauer-Kahan,Legislator,"Thank you, miss Krell. Mister DeMaio, you are recognized on the matter.",AB 2222,769,1659,False,procedural,,,0,False
279611,1252,6843566,Carl DeMaio,Legislator,"Thank you, madam speaker. I am rising in opposition to AB 1729. I'm not against telework. It can be very, useful. It can be, a good tool for improving performance and and and allowing for, work life balance.",AB 2222,769,1659,False,procedural,,,0,False
279611,1253,6843567,Carl DeMaio,Legislator,"However, the approach in this bill, I believe, is overly restrictive. It ties the hands of agencies and management unduly. It requires that the agency and management basically grant permission for telework. And if they don't want to allow telework, then they have to go through a very cumbersome bureaucratic process of justifying for each individual employee and position classification why they need to come in to work. I'd rather reverse that approach.",AB 2222,769,1659,False,substantive,,,0,False
279611,1254,6843568,Carl DeMaio,Legislator,And I think that my bigger concern is that the Organized Labor Unions are putting pressure on this body to interfere with labor management relations unduly. So I am not going to be able to support this even though I absolutely support the concept of work life balance and telework. I just think that this is an overly restrictive bill.,AB 2222,769,1659,False,substantive,,,0,False
279611,1255,6843569,Rebecca Bauer-Kahan,Legislator,"Thank you, mister DeMaio. Miss Quirk Silva, you are recognized on the matter.",AB 2222,769,1659,False,procedural,,,0,False
279611,1256,6843570,Sharon Quirk-Silva,Legislator,"Thank you, madam speaker. This bill actually not the legislation, but the issue came up through our budget sub five hearing last year. As last year, the Governor proclaimed a return to work that was supposed to go into effect last July. We had hundreds of state workers come through and voice, their opinion. And one of the things that we ask through our budget committee is are we prepared particularly here in the Sacramento area for thousands of work workers to return to work?",AB 2222,769,1659,False,substantive,,,0,False
279611,1257,6843571,Sharon Quirk-Silva,Legislator,"And the truth is we aren't. When we look at our state buildings, even as simple as would the employee return to work with the stated desk was not identified. Then we even asked more to the HR department that came to our committee, which was what about goals that have been a California goal like climate when we're bringing people in, that don't necessarily need to drive in. And we had, some responses that were very poor. Meaning things like, well, this would help the local Sacramento economy.",AB 2222,769,1659,False,substantive,,,0,False
279611,1258,6843572,Sharon Quirk-Silva,Legislator,"But if you know many of the state workers, they are not taking, hour lunches to leave the building. They bring their lunches with them. So this economic activity, was overstated. But the biggest issue is had they vetted where these workers were returning to. The other issue is that California state workers aren't only in Sacramento.",AB 2222,769,1659,False,substantive,,,0,False
279611,1259,6843573,Sharon Quirk-Silva,Legislator,"They're really across the state. Some are fish fish and wildlife. And are we really asking people to come back, for an urgency that maybe we all feel is necessary, and yet the data shows that we've had very productive workers. So I do support this bill for many reasons, but one of those include my four adult, children who are now between the ages of 30 to 37. And this is exactly what they are looking for.",AB 2222,769,1659,False,substantive,,,0,False
279611,1260,6843574,Sharon Quirk-Silva,Legislator,"My daughter actually works as a fund developer for Stanford Children's Hospital. She works remote in Fullerton and comes goes up to Palo Alto about once every six week, and she has a two year old. So people can be very effective in the office or out of the office. But certainly, this bill allows for workers to be in the office as well.",AB 2222,769,1659,False,substantive,,,0,False
279611,1261,6843575,Sharon Quirk-Silva,Legislator,"And I think that flexible plan of of a few days in the office and a few days remote is something that, the younger generation, I'm certainly not in that generation, really are asking for. And with that, I hope you will support AB 1729.",AB 2222,769,1659,False,unclear,,,0,False
279611,1262,6843576,Josh Lowenthal,Legislator,"Thank you, Assemblymember Quirk Silva. Assemblymember Ortega, you are recognized.",AB 2222,769,1659,False,procedural,,,0,False
279611,1263,6843577,Liz Ortega,Legislator,"I thank you, mister speaker. I also rise in support of AB 1729. As labor and employment chair, one of the first hearings I held was related to, workers with disability. And for the first time, I heard from many of our state workers with disabilities who felt like they belonged in the workforce, who felt like they were seen with the ability to work from home. And that is a part of this conversation that hasn't been discussed.",AB 2222,769,1659,False,substantive,employment_workforce,employment; workforce,1,True
279611,1264,6843578,Liz Ortega,Legislator,"We need to continue to provide accessibility for everyone, and that includes the ability to serve our state for workers with disability. Thank you. And that's why I'm supporting AB 1729.",AB 2222,769,1659,False,procedural,,,0,False
279611,1265,6843579,Josh Lowenthal,Legislator,"Thank you, Assemblymember Ortega. Seeing and hearing no further debate, Assemblymember Lee, do you wish to close?",AB 2222,769,1659,False,procedural,,,0,False
279611,1266,6843580,Alex Lee,Legislator,"Yes. Thank you, mister speaker. And I really appreciate the bipartisan robust debate we had. I understand some of the concerns that were expressed today, but this is a bill that has no formal opposition. This is a bill that folks who are state workers up or down the state of all genders have expressed to me how important it is for them.",AB 2222,769,1659,False,substantive,,,0,False
279611,1267,6843581,Alex Lee,Legislator,"Because since 2020, for the last six years, we have hired so many desk jobs who now work and live in more remote oh, sorry, more affordable places where they work remotely. Many folks cannot afford to come back to the big cities because they value obviously having more, more in their savings and also that work life balance. This is the modern reality that our Governor was very ingenious to create the work the telework policies, and this bill is about enshrining that.",AB 2222,769,1659,False,substantive,employment_workforce,jobs,1,True
279611,1268,6843582,Alex Lee,Legislator,"And also from 2020 to 2024, the state proudly displayed a dashboard of the savings and benefits of telework. This bill would bring that dashboard back so the public can see whether or not telework is working for the state. I respectfully ask for your aye vote so that we continue to support our state workers who support our goals. Thank you.",AB 2222,769,1659,False,substantive,,,0,False
279611,1269,6843583,Josh Lowenthal,Legislator,"Thank you, Assemblymember Lee. I'll debate having ceased, so clerk will open the roll. All members vote who desire to vote. All members vote who desire to vote. This is a 54 vote bill. All members vote who desire to vote. Clerk will close the rule tally votes. Ayes 55, noes five on the urgency. Ayes 55, noes five on the measure. The measure passes.",AB 2222,769,1659,False,substantive,,,0,False
279611,1270,6843804,Josh Lowenthal,Legislator,"We're gonna go back to where we had left off, which is file item 160 AB 2152 by Assembly Member Mark Gonzalez. Clerk will read.",AB 2222,769,1659,False,unclear,,,0,False
279611,1271,6843805,Committee Secretary,Person,Assembly Bill 2152 by Assembly Member Mark Gonzalez and others an act relating to environmental quality.,AB 2222,769,1659,False,non_legislator,,,0,False
279611,1272,6843806,Josh Lowenthal,Legislator,"Assembly Member Gonzalez, you are recognized.",AB 2222,769,1659,False,unclear,,,0,False
279611,1273,6843807,Mark Gonzalez,Legislator,"Thank you, Mr. Speaker. Today, I rise to present AB 2152, a bill that offers judicial streamlining for fire stations should they meet basic requirements. I wanna thank the chairs of natural resources and emergency manager for working with me on this bill and for their ongoing commitment to work with my office in many of the bill to ensure a series of best practices lead to a streamlined review process. Places like Los Angeles need 62 new fire station.",AB 2222,769,1659,False,substantive,,,0,False
279611,1274,6843808,Mark Gonzalez,Legislator,"The last construction station in LA resulted in two sequel lawsuits and a two year delay and almost $2,000,000 in delay costs.",AB 2222,769,1659,False,unclear,,,0,False
279611,1275,6843809,Mark Gonzalez,Legislator,"But operating streamline process, future products will allow us to address infrastructure needs while also protecting the environment surrounding communities. This bill enjoys bipartisan support and respectfully ask for your Aye vote.",AB 2222,769,1659,False,unclear,,,0,False
279611,1276,6843810,Josh Lowenthal,Legislator,"Thank you, Assemblymember Gonzalez. Assemblymember Demaio, you are recognized.",AB 2222,769,1659,False,procedural,,,0,False
279611,1277,6843811,Carl DeMaio,Legislator,"Thank you, Mr. Speaker. I rise in strong opposition to AB 2152. While I absolutely support, our ongoing efforts to streamline CEQA, what we're doing is we're providing, a weapon for special interests with this bill. This bill says that if you get the relief that's common sense, you must do a a deal with a powerful special interest using a project labor agreement, mandatory union, hiring and contracting. What that means is that these projects will not be built in a fair and open manner.",AB 2222,769,1659,False,substantive,employment_workforce,hiring,1,True
279611,1278,6843812,Carl DeMaio,Legislator,"You're telling 86% of construction workers that they don't deserve an opportunity to work on these projects. 86% of our construction workers are nonunion. This is not this is not a fair, equitable use of government authority. And what is particularly galling is that we know CEQA relief is needed, but you're trading that common sense relief in exchange to provide a special interest that has a lot of political support, that gives a lot of political support. Let me just correct myself there.",AB 2222,769,1659,False,substantive,,,0,False
279611,1279,6843813,Carl DeMaio,Legislator,"Doesn't have a lot of political support, offers those in power a lot of political support. Many would look at this and say, this is corruption, that this is not a good public policy, that this is driven by special interest desires. So if we are gonna give sequel relief, which is such a common sense thing to do, streamline our building process, let's make sure it's open to everyone, that everyone has an opportunity for this remedy, Not just the powerful, not just the politically connected.",AB 2222,769,1659,False,substantive,,,0,False
279611,1280,6843814,Carl DeMaio,Legislator,I urge a no vote.,AB 2222,769,1659,False,unclear,,,0,False
279611,1281,6843815,Josh Lowenthal,Legislator,"Thank you. Assembly member Demaio. Assembly Member Bryan, you were recognized.",AB 2222,769,1659,False,procedural,,,0,False
279611,1282,6843816,Isaac Bryan,Legislator,"I rise in strong support of this bill and wanna thank my colleague from Los Angeles for bringing it forward. We've passed a number of CEQA streamlining efforts and some, CEQA exemption efforts over the last few years. And I think it's the first time a member from across the aisle has referred to somebody like the firefighters as a special interest. Firefighters are our heroes, especially in Los Angeles.",AB 2222,769,1659,False,substantive,,,0,False
279611,1283,6843817,Isaac Bryan,Legislator,"And then when they need support, building infrastructure that is desperately needed, it's our job to step up and do it.",AB 2222,769,1659,False,unclear,employment_workforce,job,1,True
279611,1284,6843818,Isaac Bryan,Legislator,"And that's what we did in this bill, and I respectfully ask your Aye vote.",AB 2222,769,1659,False,unclear,,,0,False
279611,1285,6843819,Josh Lowenthal,Legislator,"Thank you, Assemblymember Bryan. Seeing and hearing no further debate, Assemblymember Gonzales, do you wish to close?",AB 2222,769,1659,False,procedural,,,0,False
279611,1286,6843820,Mark Gonzalez,Legislator,"Thank you, Mr. Speaker. Thank you to my colleague from San Diego, and thank you to my colleague from Culver City for this robust discussion. At the end of the day, this bill is about something pretty simple, making sure firefighters can do their job safely and effectively. Right now the demand is growing. The infrastructure is aging and the gap between the two is getting harder to ignore.",AB 2222,769,1659,False,substantive,employment_workforce,job,1,True
279611,1287,6843821,Mark Gonzalez,Legislator,"We can either delay critical projects or we can be honest about the consequences of that delay. Because when a fire station is held up, it's not just paperwork that's stalled, it's response times, it's emergency care, it's lives. With that respect, please ask for your Aye vote.",AB 2222,769,1659,False,substantive,,,0,False
279611,1288,6843822,Josh Lowenthal,Legislator,"Thank you, Assemblymember Gonzalez. All debate having ceased, Clerk will open the roll. All Members vote who desire to vote. All Members vote who desire to vote. All Members vote who desire to vote.",AB 2222,769,1659,False,procedural,,,0,False
279611,1289,6843046,Josh Lowenthal,Legislator,"Clerk will close the roll and tally the votes. Ayes 62, No's zero. The measure passes. Pass to maintain on file item 161, pass temporarily on file item 162. File item 163 is AB 2202 by Assembly member Muratsuchi. Clerk will read.",AB 2222,769,1659,False,unclear,,,0,False
279611,1290,6843047,Committee Secretary,Person,Assembly Bill 2202 by Assemblymember Muratsuchi and others and accurately the people achievement.,AB 2222,769,1659,False,non_legislator,,,0,False
279611,1291,6843048,Josh Lowenthal,Legislator,"Assemblymember Muratsuchi, you are recognized.",AB 2222,769,1659,False,unclear,,,0,False
279611,1292,6843049,Al Muratsuchi,Legislator,"Thank you very much. AB 2202 seeks to address one of the persistent long standing challenges facing public education in the state of California, closing the achievement gap. This bill will help will establish the closing the achievement gap commission to provide statewide coordination and leadership to address this challenge. This this bill has received unanimous bipartisan support, but no opposition respectfully asked for a I vote.",AB 2222,769,1659,False,substantive,,,0,False
279611,1293,6843050,Josh Lowenthal,Legislator,"Thank you, Assemblymember Muratsuchi. All debate now and cease clerk will open the roll. All members vote who desire to vote. All members vote who desire to vote. All members vote who desire to vote.",AB 2222,769,1659,False,procedural,,,0,False
279611,1294,6843051,Josh Lowenthal,Legislator,"Clerk will close the rule, tally the votes. Ayes 61. No's zero The measure passes. File item 164, Assembly Bill 2225 by Dr. Patel. Clerk will read.",AB 2222,769,1659,False,unclear,,,0,False
279611,1295,6843208,Committee Secretary,Person,Assembly Bill 2225 by Assemblyman Patel and others in Appollating the People Achievement.,AB 2222,769,1659,False,non_legislator,,,0,False
279611,1296,6843209,Josh Lowenthal,Legislator,"Doctor Patel, you are recognized.",AB 2222,769,1659,False,unclear,,,0,False
279611,1297,6843210,Darshana Patel,Legislator,"Thank you, Mr. Speaker and colleagues. I rise to present AB 2225, which convenes a working group of educators, families, researchers, and policymakers to develop a comprehensive statewide plan with clear goals, benchmarks, and annual performance targets to close achievement gaps and evaluate how well our state education programs are supporting our student success.",AB 2222,769,1659,False,substantive,,,0,False
279611,1298,6843211,Darshana Patel,Legislator,"California is home to extraordinary public schools, incredibly dedicated educators, but we also know something that should concern every single one of us, and that is too many students across all social dimensions, income levels, race and ethnicity, language background, and foster status are clearly being left behind. Our state systems must better coordinate policy, funding, and oversight. AB 2225 is the first step to do that.",AB 2222,769,1659,False,substantive,,,0,False
279611,1299,6843212,Darshana Patel,Legislator,"This is a support support bill, and I respectfully ask your aye vote.",AB 2222,769,1659,False,unclear,,,0,False
279611,1300,6843213,Josh Lowenthal,Legislator,"Thank you, Dr. Patel. I'll debate having ceased. Clerk will open the roll. All members vote who desire to vote. All members vote who desire to vote.",AB 2222,769,1659,False,procedural,,,0,False
279611,1301,6843376,Josh Lowenthal,Legislator,"All members vote who desire to vote. Clerk will close the roll, tally the votes. I-sixty four, no zero. The measure passes. File in 01/1965 is AB 2227 by Assemblymember Connolly.",AB 2222,769,1659,False,unclear,,,0,False
279611,1302,6843378,Committee Secretary,Person,"Assembly bill 2227 by Assemblymember Connolly and others, and I'm playing to farm labor contractors.",AB 2222,769,1659,False,non_legislator,,,0,False
279611,1303,6843377,Josh Lowenthal,Legislator,The clerk will read.,AB 2222,769,1659,False,unclear,,,0,False
279611,1304,6843379,Josh Lowenthal,Legislator,"Assemblymember Connolly, you are recognized.",AB 2222,769,1659,False,unclear,,,0,False
279611,1305,6843380,Damon Connolly,Legislator,"Thank you, Mr. Speaker. Members, AB 2227 will provide comprehensive protections for domestic farm workers against wage theft. Domestic farm workers are the backbone of California's agricultural industry, yet they often are the victims of labor violations such as wage theft at the hands of their employers and farm labor contractors or FLCs. Because of the prevalence of labor violations, the state requires FLCs to purchase a surety bond.",AB 2222,769,1659,False,substantive,tax_credit,wage,1,True
279611,1306,6843381,Damon Connolly,Legislator,"This bond functions as an added protection from exploitation and harmful work conditions, allowing workers to access bond funds to compensate for stolen wages or fines.",AB 2222,769,1659,False,substantive,tax_credit,wages,1,True
279611,1307,6843382,Damon Connolly,Legislator,"AB 2227 simply will strengthen the farm labor contractor license renewal process, increase the surity bond amount, and create a default judgment to expedite wage recovery for workers. These changes will ensure that FLCs are held accountable and cannot leave workers high and dry. I respectfully ask for an aye vote.",AB 2222,769,1659,False,substantive,tax_credit,wage,1,True
279611,1308,6843383,Josh Lowenthal,Legislator,"Thank you, Assemblymember Connolly. I'll debate having ceased. Clerk will open the roll. All members vote who desire to vote. All members vote who desire to vote.",AB 2222,769,1659,False,procedural,,,0,False
279611,1309,6843384,Josh Lowenthal,Legislator,All members vote who desire to vote.,AB 2222,769,1659,False,unclear,,,0,False
279611,1310,6844083,Josh Lowenthal,Legislator,"Clerk will close the roll tally votes size 41, nose 15. The measure passes file 166, AB 2,254 by Assemblymember Addis. Clerk will read.",AB 2222,769,1659,False,unclear,,,0,False
279611,1311,6844084,Reading Clerk,Person,"Assembly bill 2254 by Assemblymember Addis and others, and I play in the coastal resources.",AB 2222,769,1659,False,non_legislator,,,0,False
279611,1312,6844085,Josh Lowenthal,Legislator,"Assemblymember Addis, you are recognized.",AB 2222,769,1659,False,unclear,,,0,False
279611,1313,6844086,Dawn Addis,Legislator,"Thank you, Mr. Speaker and members. I bring you the Coastal Monarchs Protection Act, my second annual bill, to support the monarch butterflies, and I respectfully ask for your aye vote.",AB 2222,769,1659,False,procedural,,,0,False
279611,1314,6844087,Josh Lowenthal,Legislator,"Seema recall somebody on the floor dressed as a butterfly once. All debate having ceased, clerk will open the roll. All members vote who desire to vote. All members vote who desire to vote. All members vote who desire to vote.",AB 2222,769,1659,False,unclear,,,0,False
279611,1315,6845968,Josh Lowenthal,Legislator,"Clerk will close the roll tally to vote Ayes 58, No 0. The measure passes. File item 167 is AB 2296 by Assemblymember Papan. The clerk will read.",AB 2222,769,1659,False,unclear,,,0,False
279611,1316,6845969,Committee Secretary,Person,Assembly Bill 2296 by Assemblymember Papan and Appling into Land Use.,AB 2222,769,1659,False,non_legislator,,,0,False
279611,1317,6845970,Josh Lowenthal,Legislator,Open up. Assemblymember Papan.,AB 2222,769,1659,False,unclear,,,0,False
279611,1318,6845971,Diane Papan,Legislator,"Sorry about that. Okay. Thank you, Mr. Speaker. I rise to present AB 2296, a practical bill to help cities complete their housing elements on time and get housing built faster in California. You know, we've spent a lot of time on this floor talking about housing production, but far less attention is paid to the long and complicated process cities must navigate just to complete just to complete a compliant housing element.",AB 2222,769,1659,False,substantive,,,0,False
279611,1319,6845972,Diane Papan,Legislator,"The very document that guides how and where housing gets built. Right now, cities are stuck in a process filled with uncertainty, delays, housing production we all say we want. For the last two sessions, I focused on one simple issue. Cities deserve timely, clear, and usable feedback from HCD. And let me tell you, the road has been miles long and anything but black and white.",AB 2222,769,1659,False,substantive,,,0,False
279611,1320,6845973,Diane Papan,Legislator,A January state auditor report confirmed what cities across California have been saying for years about HCD. HCD should provide individual assessments to cities. Individualized guidance would reduce existing ambiguity and confusion. HCD currently lacks the staffing and bandwidth to provide individualized feedback. AB 2296 moves us towards addressing these audit findings by providing more time for cities and the department.,AB 2222,769,1659,False,substantive,,,0,False
279611,1321,6845974,Diane Papan,Legislator,"The bill requires HCD and councils of governments to get their RHNA numbers to cities six months earlier, allowing local governments to begin planning sooner and avoid unnecessary delays. Those extra six months matter. They give cities time to work through revisions without the looming threats of penalties hanging over every single conversation, and they create a more predictable process for everyone involved. And for those watching in the ether out there, I remain committed to continuing this conversation, and pushing for clear standards in the miles ahead.",AB 2222,769,1659,False,substantive,,,0,False
279611,1322,6845975,Diane Papan,Legislator,"Because if we are serious about building more housing, we should also be serious about building a process that actually works for cities.",AB 2222,769,1659,False,unclear,,,0,False
279611,1323,6845976,Diane Papan,Legislator,"I request respectfully request, an Aye vote.",AB 2222,769,1659,False,unclear,,,0,False
279611,1324,6845977,Josh Lowenthal,Legislator,"Thank you, Assemblymember Papan. All debate having ceased clerk will open the roll. All Members vote who desire to vote. All Members vote who desire to vote. All Members vote who desire to vote.",AB 2222,769,1659,False,procedural,,,0,False
279611,1325,6844332,Josh Lowenthal,Legislator,"Clerk will close the roll, tally the votes. Ayes 62, noes zero. The measure passes. File item 168 is AB 2302 by Assembly Member Celeste Rodriguez, presented by Assembly Member Lee. The Clerk will read.",AB 2222,769,1659,False,unclear,,,0,False
279611,1326,6844333,Committee Secretary,Person,"Assembly Bill 2302 by Assembly Member Celeste Rodriguez and others, an act relating to food.",AB 2222,769,1659,False,non_legislator,,,0,False
279611,1327,6844334,Josh Lowenthal,Legislator,"Assembly Member Lee, you are recognized.",AB 2222,769,1659,False,unclear,,,0,False
279611,1328,6844335,Alex Lee,Legislator,"Thank you, Mr. Speaker. I rise today to present AB 2302 on behalf of Assembly Member Celeste Rodriguez as a proud co-author. AB 2302 requires manufacturers of infant formulas to test for heavy metals and disclose these testing results to the public. This legislation builds on California's leadership and is part of a nationwide bipartisan effort. Respectfully ask for your aye vote.",AB 2222,769,1659,False,substantive,,,0,False
279611,1329,6844336,Josh Lowenthal,Legislator,"Thank you, Assembly Member Lee. All debate having ceased, Clerk will open the roll. All Members vote who desire to vote. All Members vote who desire to vote. All Members vote who desire to vote. Clerk will close the roll, tally the votes. Ayes 53, noes zero. The measure passes. We've already dispensed with file item 169.",AB 2222,769,1659,False,substantive,,,0,False
279611,1330,6846247,Josh Lowenthal,Legislator,"File in 170, AB 2335 by Assemblymember Valencia. This is a 54 vote bill. The clerk will read.",AB 2222,769,1659,False,unclear,,,0,False
279611,1331,6846248,Committee Secretary,Person,Assembly Bill 2335 by Assemblymember Valencia and applying to unclaimed property and making an appropriation therefore.,AB 2222,769,1659,False,non_legislator,,,0,False
279611,1332,6846249,Josh Lowenthal,Legislator,"Assembly member Valencia, you are recognized.",AB 2222,769,1659,False,unclear,,,0,False
279611,1333,6846250,Avelino Valencia,Legislator,"Thank you, Mr. Speaker. Moving on, I started as members. AB 2335 would establish a digital asset reserve fund to strategically invest digital assets and generate new returns for the state considering we are in a budget strain. With that, I respectfully ask for a yes vote.",AB 2222,769,1659,False,substantive,,,0,False
279611,1334,6846251,Josh Lowenthal,Legislator,"Thank you, Assemblymember Valencie. Debate having ceased. Clerk will open the roll. All members vote who desire to vote. All members vote who desire to vote.",AB 2222,769,1659,False,procedural,,,0,False
279611,1335,6846252,Josh Lowenthal,Legislator,"All members vote who desire to vote. The clerk will close the roll, tally the votes, Ayes 63, Nos zero. The measure passes. File item 171, AB 2352, also by Assemblymember Valencia. The clerk will read.",AB 2222,769,1659,False,unclear,,,0,False
279611,1336,6845720,Committee Secretary,Person,"Assembly Bill 2352 by Assembly Member Valencia and others, an act relating to Medi-Cal.",AB 2222,769,1659,False,non_legislator,,,0,False
279611,1337,6845721,Josh Lowenthal,Legislator,"Assembly Member Valencia, you may open.",AB 2222,769,1659,False,unclear,,,0,False
279611,1338,6845722,Avelino Valencia,Legislator,"Once again, thank you, Mr. Speaker. AB 2352 will clarify that nonprofit public benefit corporations that provide nonspecific mental health services may enroll into the Medi-Cal system through a PAVE process. This bill was recently amended in Assembly Appropriations to lower the cost to the state. With that, I respectfully ask for a yes vote.",AB 2222,769,1659,False,substantive,nonprofit_small_outlets,nonprofit,1,True
279611,1339,6845723,Josh Lowenthal,Legislator,"Thank you, Assembly Member Valencia. All debate having ceased. Clerk will open the roll. All Members vote who desire to vote. All Members vote who desire to vote.",AB 2222,769,1659,False,procedural,,,0,False
279611,1340,6846532,Josh Lowenthal,Legislator,"All Members vote who desire to vote. Clerk will close the roll, tally the votes. Ayes 61, noes zero. The measure passes. File item 172, AB 2405 by Assembly Member Gipson. Clerk will read.",AB 2222,769,1659,False,unclear,,,0,False
279611,1341,6846533,Committee Secretary,Person,"Assembly Bill 2405 by Assembly Member Gipson, an act relating to Emergency Medical Services.",AB 2222,769,1659,False,non_legislator,,,0,False
279611,1342,6846534,Josh Lowenthal,Legislator,"Assembly Member Gipson, you are recognized.",AB 2222,769,1659,False,unclear,,,0,False
279611,1343,6846535,Mike Gipson,Legislator,"Thank you very much, Mr. Speaker. Members, Assembly Bill 2405 addresses an issue that has become one of the statewide's concerns as hospitals throughout California faces an epidemic or overcrowding. This is a simple bill that would require law enforcement to transport patients to the geographically closest hospital rather than a hospital they choose.",AB 2222,769,1659,False,substantive,,,0,False
279611,1344,6846536,Mike Gipson,Legislator,"This bill seeks to ensure that vulnerable Californians receive timely medical care by establishing clear, concise standards for law enforcement transport. Additionally, it would establish a statewide reporting framework enabling the Emergency Medical Service Authority to monitor compliance, publish data, and enforce standards.",AB 2222,769,1659,False,substantive,,,0,False
279611,1345,6846537,Mike Gipson,Legislator,"Recently, amendments allowed exceptions for emergence for urgent and trauma related circumstances, situations if hospitals is on diversion status. Assembly Bill 2405 addresses inequities and strengthens overall emergency care systems while supporting long term stabilities for safe net hospitals and improve outcomes for patients across California.",AB 2222,769,1659,False,substantive,,,0,False
279611,1346,6846538,Mike Gipson,Legislator,"I wanna thank stakeholders for their thoughtfulness for considerations for these proposals, and I have had conversations with law enforcement and emergency service communities. And I am committed to working with other stakeholders as this bill moves through the process. This bill is a thoughtful bill. Respectfully ask for an aye vote.",AB 2222,769,1659,False,substantive,,,0,False
279611,1347,6846539,Josh Lowenthal,Legislator,"Thank you, Assembly Member Gipson. All debate having ceased. Clerk will open the roll. All Members vote who desire to vote. All Members vote who desire to vote. All Members vote who desire to vote.",AB 2222,769,1659,False,procedural,,,0,False
279611,1348,6847409,Josh Lowenthal,Legislator,"Mister Gibson has asked to move the call. Continuing on file item one seventy three, AB 2409 by Assembly member Valencia. The quick read.",AB 2222,769,1659,False,unclear,,,0,False
279611,1349,6847410,Reading Clerk,Person,Assembly bill 2409 by Assemblymember Valencia and Accolade into Digital Assets.,AB 2222,769,1659,False,non_legislator,,,0,False
279611,1350,6847411,Josh Lowenthal,Legislator,"Assemblymember Valencia, you are recognized.",AB 2222,769,1659,False,unclear,,,0,False
279611,1351,6847412,Avelino Valencia,Legislator,"Thank you, mister speaker. A bill that I am very passionate about, AB 2409, prohibits California public officials from issuing crypto meme coins and bars digital asset exchanges from listing any meme coin that uses the likeness or image of a public official for sale, like our current president is doing. With that, I respectfully ask for a yes vote.",AB 2222,769,1659,False,substantive,,,0,False
279611,1352,6847413,Josh Lowenthal,Legislator,Thank you. Assemblymember of our NCL debate having ceased. Clerk will open the roll. All members vote who desire to vote. All members vote who desire to vote.,AB 2222,769,1659,False,procedural,,,0,False
279611,1353,6847414,Josh Lowenthal,Legislator,"All members vote who desire to vote. Clerk will close the roll, tally the vote size 57 to zero. The measure passes. Pass and retain on file item one seventy four. File item one seventy five is AB 2475 by the Committee on Emergency Management, presented by Assembly Member Ransom.",AB 2222,769,1659,False,substantive,employment_workforce,retain,1,True
279611,1354,6847415,Josh Lowenthal,Legislator,The clerk will read.,AB 2222,769,1659,False,unclear,,,0,False
279611,1355,6846823,Committee Secretary,Person,Assembly Bill 2475 by the Committee on Emergency Management and Accolade to Emergency Services.,AB 2222,769,1659,False,non_legislator,,,0,False
279611,1356,6846824,Josh Lowenthal,Legislator,"Assemblymember Ransom, you are recognized.",AB 2222,769,1659,False,unclear,,,0,False
279611,1357,6846825,Rhodesia Ransom,Legislator,"Thank you, Mr. Speaker. Members. California relies on after action reports to capture critical lessons learned from disasters and to improve future emergency response and recovery efforts. However, Cal OES often completes after action reports one hundred and eighty days after an emergency declaration ends, which can postpone reports for over one year due to lengthy recovery efforts. As a result, state and local emergency managers are left without timely access to information that could strengthen preparedness and response.",AB 2222,769,1659,False,substantive,,,0,False
279611,1358,6846826,Rhodesia Ransom,Legislator,"This bill brings clarity, accountability, and timeliness to the after action reporting process by separating the response and recovery components into two distinct after action reports with clear deadlines.",AB 2222,769,1659,False,substantive,civic_effects,accountability,1,True
279611,1359,6846827,Rhodesia Ransom,Legislator,"Also, at the request of local emergency managers represented by the California Emergency Services Association, this bill codifies existing local after action reporting regulation and provides additional time for local managers to complete their after action reports. This bill strengthens our ability to learn from past emergencies and to better protect communities in future disasters, so I respectfully ask for your aye vote. Thank you.",AB 2222,769,1659,False,substantive,,,0,False
279611,1360,6846828,Josh Lowenthal,Legislator,"Thank you, Assemblymember Ransom. All debate having ceased, clerk will open the roll. All members vote who desire to vote. All members vote who desire to vote. All members vote who desire to vote.",AB 2222,769,1659,False,procedural,,,0,False
279611,1361,6848036,Josh Lowenthal,Legislator,"Clerk will close the roll, tally the votes. Ayes 52, noes 5. The measure passes. Pass and retain on file items 176, 177. File item 178 is AB 2510 by Dr. Arambula. The Clerk will read.",AB 2222,769,1659,False,substantive,employment_workforce,retain,1,True
279611,1362,6848037,Committee Secretary,Person,"Assembly Bill 2510 by Assembly Member Arambula, an act relating to CalWORKs.",AB 2222,769,1659,False,non_legislator,,,0,False
279611,1363,6848038,Josh Lowenthal,Legislator,"Dr. Arambula, you may open.",AB 2222,769,1659,False,unclear,,,0,False
279611,1364,6848039,Joaquin Arambula,Legislator,"Thank you, Mr. Speaker and Members. AB 2510 strengthens the CalWORKs Family Reunification Program by ensuring that families have the support they need to bring their children home safely and successfully. CalWORKs provides critical supports to families working to reunify with their children who have been placed in foster care, including family reunification funding for families who have had their children removed from the home.",AB 2222,769,1659,False,substantive,,,0,False
279611,1365,6848040,Joaquin Arambula,Legislator,"Successful reunification requires stable housing, food, childcare, and transportation. However, under current rules, all CalWORKs eligible children must be removed from the home to qualify for family reunification funds. Cutting off support during this critical time undermines reunification efforts and creates unnecessary hardship that jeopardizes family stability and delays reunification.",AB 2222,769,1659,False,substantive,,,0,False
279611,1366,6848041,Joaquin Arambula,Legislator,"This bill aligns policy with the goals of keeping families together whenever safely possible and increases the likelihood of timely reunification. AB 2510 ensures that families have access to these critical services by allowing families to continue receiving cash aid and childcare during the reunification process. This bill is about stability, equity, and better outcomes for children and families, and I respectfully ask for an aye vote.",AB 2222,769,1659,False,substantive,,,0,False
279611,1367,6848042,Josh Lowenthal,Legislator,"Thank you, Dr. Arambula. All debate having ceased. Clerk will open the roll. All Members vote who desire to vote. All Members vote who desire to vote. All Members vote who desire to vote.",AB 2222,769,1659,False,procedural,,,0,False
279611,1368,6847118,Josh Lowenthal,Legislator,"Clerk will close the roll and tally the votes. Ayes 43, Nos six. The measure passes. File item one seventy nine, AB 2605, also by Dr. Arambula. The clerk will read.",AB 2222,769,1659,False,unclear,,,0,False
279611,1369,6847119,Committee Secretary,Person,"Assembly bill 2605 by Assembly member Arambula and others, and I play the state government administration.",AB 2222,769,1659,False,non_legislator,,,0,False
279611,1370,6847120,Josh Lowenthal,Legislator,"Doctor Arambula, you are recognized.",AB 2222,769,1659,False,unclear,,,0,False
279611,1371,6847121,Joaquin Arambula,Legislator,"Thank you, Mr. Speaker and members. California's long standing issues providing public defense to individuals accused of crimes has a real cost to some of the state's poorest and under resourced counties. Though the sixth amendment enshrines the right to counsel for defendants in criminal prosecution, the state does not currently collect data on how this public defense is provided at the county level.",AB 2222,769,1659,False,substantive,,,0,False
279611,1372,6847122,Joaquin Arambula,Legislator,This has created a system where some defendants have never even having met their attorney and repeated failures to investigate the accusations which are made against them. AB 2605 addresses this issue by establishing reporting requirements on the nature of public defense services provided across the state.,AB 2222,769,1659,False,substantive,,,0,False
279611,1373,6847123,Joaquin Arambula,Legislator,Amendments and appropriations have removed all opposition and I respectfully ask for an aye vote.,AB 2222,769,1659,False,unclear,,,0,False
279611,1374,6847124,Josh Lowenthal,Legislator,"Thank you, Dr. Arambula. I'll debate having Cease Clerk who open the roll. All members vote who desire to vote. All members vote who desire to vote.",AB 2222,769,1659,False,procedural,,,0,False
279611,1375,6847125,Josh Lowenthal,Legislator,"All members vote who desire to vote? Clerk will close the roll. Tallied votes. Ayes 59, Nos zero. The measure passes.",AB 2222,769,1659,False,unclear,,,0,False
279611,1376,6847734,Josh Lowenthal,Legislator,"File item 180 is AB 2635 by Assemblymember Celeste Rodriguez, presented by Assembly member Schultz. Clerk will read.",AB 2222,769,1659,False,unclear,,,0,False
279611,1377,6847735,Committee Secretary,Person,Assembly Bill 2635 by Assembly member Celeste Rodriguez and Abilene to Air Pollution.,AB 2222,769,1659,False,non_legislator,,,0,False
279611,1378,6847736,Josh Lowenthal,Legislator,"Assembly member Schultz, you are recognized.",AB 2222,769,1659,False,unclear,,,0,False
279611,1379,6847737,Nick Schultz,Legislator,"Thank you, Mr. Speaker and colleagues. I rise on behalf of Assembly member Rodriguez to present AB 2635, the Just Transition for Landscapers Act as a Latino caucus priority that creates a practical pathway for landscapers to transition to zero emission lawn equipment. The bill provides a realistic path to compliance, protecting livelihoods while keeping us on track to achieve our climate goals. I respectfully ask for your aye vote on behalf of Assemblymember Celeste Rodriguez.",AB 2222,769,1659,False,substantive,,,0,False
279611,1380,6847738,Josh Lowenthal,Legislator,"Thank you, Assemblymember Schulz. I'll debate having seized clerical up in the roll. All members vote who desire to vote. All members vote who desire to vote. All members vote who desire to vote.",AB 2222,769,1659,False,procedural,,,0,False
279611,1381,6847739,Josh Lowenthal,Legislator,"Clerk will close the roll, tally the vote. Size forty five, nose eleven. The measure passes. Members, you're doing so great. Everybody is doing really wonderfully.",AB 2222,769,1659,False,unclear,,,0,False
279611,1382,6848374,Josh Lowenthal,Legislator,Keep it up. File item one eighty one is AB 2679 by Assembly member Hadwick. The clerk will read.,AB 2222,769,1659,False,unclear,,,0,False
279611,1383,6848375,Committee Secretary,Person,Assembly bill 2679 by Assembly member Hadwick and others an act relating to transportation.,AB 2222,769,1659,False,non_legislator,,,0,False
279611,1384,6848376,Josh Lowenthal,Legislator,"Assemblymember Hadwick, you are recognized.",AB 2222,769,1659,False,unclear,,,0,False
279611,1385,6848377,Heather Hadwick,Legislator,"Thank you, Mr. Speaker. Today, I rise to present AB 2679. This bill is a unanimous support and has no opposition, and I respectfully ask for aye vote.",AB 2222,769,1659,False,procedural,,,0,False
279611,1386,6848378,Josh Lowenthal,Legislator,"Thank you, Assemblymember Hadwick. All debate having ceased, clerk will open the roll. All members vote who desire to vote. All members vote who desire to vote. All members vote who desire to vote.",AB 2222,769,1659,False,procedural,,,0,False
279611,1387,6840253,Josh Lowenthal,Legislator,"Clerk will close the roll, tally votes size 57, no zero. The measure passes. We're gonna pass and retain on one eighty two, one eighty three. Violating on one eighty four is AB 2684 by Assemblymember Wynne. The clerk will read.",AB 2222,769,1659,False,substantive,employment_workforce,retain,1,True
279611,1388,6840254,Committee Secretary,Person,Assembly bill 2684 by Assemblymember Nguyen an act relating to Juveniles.,AB 2222,769,1659,False,non_legislator,,,0,False
279611,1389,6840255,Josh Lowenthal,Legislator,"Assemblymember Nguyen, you are recognized.",AB 2222,769,1659,False,unclear,,,0,False
279611,1390,6840256,Stephanie Nguyen,Legislator,"Thank you, mister speaker. This bill aligns state law with federal law, support support. I respectfully ask for your aye vote.",AB 2222,769,1659,False,procedural,,,0,False
279611,1391,6840257,Josh Lowenthal,Legislator,"Thank you, Assemblymember Wynne. All debate having ceased. Clerk will open the roll. All members vote who desire to vote. All members vote who desire to vote.",AB 2222,769,1659,False,procedural,,,0,False
279611,1392,6840258,Josh Lowenthal,Legislator,"All members vote who desire to vote. Clerk will close the roll, tally of votes. Ayes 57, no zero, the measure passes. We're gonna pass temporarily on file item one eighty five. Folks, we're gonna go back to the beginning of the assembly third reading file.",AB 2222,769,1659,False,substantive,,,0,False
279611,1393,6840259,Josh Lowenthal,Legislator,We're gonna pick up bills that we missed that are ready to go. That's gonna do it for our day. We have already dispensed with file items four through. File item 21. File item 22 is AB 2211 by Assembly member we dispensed with.,AB 2222,769,1659,False,unclear,,,0,False
279611,1394,6840271,Josh Lowenthal,Legislator,"I just wanna do it again, madam clerk. Okay. We are going to skip all the way to Okay. We are going to take up file item 44. That is AB 1675 by Assemblymember Lee. This is a 54 vote bill. The quick read.",AB 2222,769,1659,False,unclear,,,0,False
279611,1395,6840272,Committee Secretary,Person,Assembly bill 1675 by Assemblymember Lee and others an act related to taxation to take effect immediately tax levy.,AB 2222,769,1659,False,non_legislator,,,0,False
279611,1396,6840273,Alex Lee,Legislator,"Thank you, mister speaker. I rise to present AB 1675, the no tax breaks for ICE contractors act. This bill simply says that if you or a corporation that does business with ICE, we will cancel your tax breaks. These corporations, especially multinational corporations that benefit from California's generous business tax breaks have to make a choice.",AB 2222,769,1659,False,substantive,,,0,False
279611,1397,6840274,Alex Lee,Legislator,"Do they side with the deportation machine or do they side with the American public? This is a very simple bill in that sense, but we're encouraging companies to stop aiding and abetting ice in the reign of terror, whether it be Palantir, providing them deportation software or weapons and vehicles.",AB 2222,769,1659,False,substantive,,,0,False
279611,1398,6840275,Alex Lee,Legislator,"This is a very straightforward bill, and I respectfully ask for I oh, before I say that, I'll also say that go if this bill should move to the Senate, I will be addressing concerns from affordable housing folks to make sure that nonprofit houses are able to receive the LIHTC credits. And I will also be taking amendments to ensure that it is very specific that this bill is about ICE, CPB, and the management directorate, not any other aspect of DHS, and also about procurement specifically.",AB 2222,769,1659,False,substantive,nonprofit_small_outlets,nonprofit,1,True
279611,1399,6840276,Alex Lee,Legislator,"I appreciate all the concerns I heard from members, and I will respectfully ask your aye vote. Thank you.",AB 2222,769,1659,False,procedural,,,0,False
279611,1400,6840277,Josh Lowenthal,Legislator,"Thank you, Assemblymember Lee. All debate haven't ceased, Clerk will open the roll. All members vote who desire to vote. All members vote who desire to vote. All members vote who desire to vote.",AB 2222,769,1659,False,procedural,,,0,False
279611,1401,6840296,Josh Lowenthal,Legislator,Mr. Lee has moved the call. Okay. File item number 63. File item number 63. That is AB 1887 by Assembly Member Zbur.,AB 2222,769,1659,False,procedural,,,0,False
279611,1402,6840316,Josh Lowenthal,Legislator,The Clerk will read.,AB 2222,769,1659,False,unclear,,,0,False
279611,1403,6840317,Committee Secretary,Person,"Assembly Bill 1887 by Assembly Member Zbur and others, an act relating to health care coverage.",AB 2222,769,1659,False,non_legislator,,,0,False
279611,1404,6840318,Josh Lowenthal,Legislator,"Assembly Member Zbur, you are recognized.",AB 2222,769,1659,False,unclear,,,0,False
279611,1405,6840319,Rick Chavez Zbur,Legislator,"Mr. Speaker, Members. I rise to present AB 1887, sponsored by the California Chronic Care Coalition. This is a targeted bill to remove unnecessary insurance barriers that delay or interrupt access to life saving treatments for Californians living with rare diseases. I'm very proud to chair the California Rare Disease Caucus, and this bill is the direct result of a rare disease patient roundtable that we convened in December that several of you attended.",AB 2222,769,1659,False,substantive,,,0,False
279611,1406,6840320,Rick Chavez Zbur,Legislator,"When we asked patients what single change at the state level would most improve their lives, the answer was strikingly consistent. After years of fighting for a diagnosis, they face a second battle getting their health plan to authorize the medication that their specialist prescribe.",AB 2222,769,1659,False,substantive,,,0,False
279611,1407,6840321,Rick Chavez Zbur,Legislator,"While seeking a diagnosis, families are draining savings, taking second jobs, and choosing between a rent payment and a child's test or travel to a distant specialty center. Denying or delaying an FDA approved treatment could drive patients into hospital beds, operating rooms, and intensive care units. This doesn't reduce costs.",AB 2222,769,1659,False,substantive,employment_workforce,jobs,1,True
279611,1408,6840333,Rick Chavez Zbur,Legislator,This shifts them on to families and on to the rest of the system. AB 1887 is deliberately narrow and targeted. It requires accelerated prior authorization and prohibits step therapy requirements for rare disease treatments when prescribed by an appropriate specialist based on medical necessity.,AB 2222,769,1659,False,substantive,,,0,False
279611,1409,6840322,Rick Chavez Zbur,Legislator,"Specifically, this bill automatically and immediately certifies a prior authorization request that is submitted to a healthcare plan if that request is not approved within a 30 day period. And second, requires that the pre-authorization process cannot take more than 30 days, and that if it exceeds those 30 days, it's automatically approved.",AB 2222,769,1659,False,substantive,,,0,False
279611,1410,6840323,Rick Chavez Zbur,Legislator,Even the most innovative and effective rare disease treatments are only as valuable as they are accessible. This bill ensures faster access to life saving and life altering therapies and supports accelerated access to treatment for one patient in a million cases.,AB 2222,769,1659,False,substantive,,,0,False
279611,1411,6840324,Rick Chavez Zbur,Legislator,"This is a bipartisan bill, has received no no votes. And I wanna say, this is about health care for kids with rare diseases. Sometimes there's only a handful of these kids in our in our state. The treatments they require are hard to obtain, and and most of the rare disease patients are children. So with that in mind, I respectfully ask for your aye vote on AB 1887.",AB 2222,769,1659,False,substantive,,,0,False
279611,1412,6840325,Josh Lowenthal,Legislator,"Thank you, Assembly Member Zbur. Assembly Member Papan, you are recognized.",AB 2222,769,1659,False,procedural,,,0,False
279611,1413,6840326,Diane Papan,Legislator,"Thank you, Mr. Speaker. I just wanna thank my colleague from West Hollywood for bringing this very enlightened bill. AB 1887 ensures that rare disease patients are not an afterthought. And that processes such as step therapy do not delay necessary treatment to those who really need it, including our most vulnerable children with rare diseases. I think it's a great bill, and I respectfully request an aye vote.",AB 2222,769,1659,False,substantive,,,0,False
279611,1414,6840327,Josh Lowenthal,Legislator,"Thank you Assembly Member Papan. Assembly Member Dixon, you are recognized.",AB 2222,769,1659,False,procedural,,,0,False
279611,1415,6840328,Diane Dixon,Legislator,"Thank you, Mr. Chair. I just just want to add my support as a co-author to our good friend, our colleague from Santa Monica. He fights so much for people with rare diseases, and we're all in it together. It's so important. And this bill is so important.",AB 2222,769,1659,False,substantive,,,0,False
279611,1416,6840329,Diane Dixon,Legislator,"And this is what the families and the caregivers want and the medical community. It is really important to simplify this process. So these children and adults can get the treatment that they need as quickly as possible. And thank you so much, Assembly Member, for carrying this bill. It's so important. Thank you.",AB 2222,769,1659,False,substantive,,,0,False
279611,1417,6840330,Josh Lowenthal,Legislator,"Thank you, Assembly Member Dixon. Seeing and hearing no further debate, Assembly Member Zbur, do you wish to close?",AB 2222,769,1659,False,procedural,,,0,False
279611,1418,6840331,Rick Chavez Zbur,Legislator,"I'd like to thank my colleagues for the support here. I wanna thank the other Members of the Rare Disease Caucus and those who participated in the roundtable that led to this disease. Again, this is about protecting the health of children with rare diseases. I respectfully ask for your aye vote.",AB 2222,769,1659,False,substantive,,,0,False
279611,1419,6840332,Josh Lowenthal,Legislator,"Thank you, Assembly Member Zbur. All debate having ceased, Clerk will open the roll. All Members vote who desire to vote. All Members vote who desire to vote. All Members vote who desire to vote. Clerk will close the roll, tally the votes. Ayes 59, noes zero. The measure passes. We're gonna... Excuse me. Madam Majority Leader, you're recognized for your procedural motion.",AB 2222,769,1659,False,substantive,,,0,False
279611,1420,6840370,Cecilia Aguiar-Curry,Legislator,"Mr. Speaker, at the request of the author, please move file item 32, AB 2525, Ward, to the inactive file.",AB 2222,769,1659,False,unclear,,,0,False
279611,1421,6840409,Josh Lowenthal,Legislator,"Clerk will note. Okay. We are going to go to file item 95, AB 2304 by Assembly Member Lackey. The Clerk will read.",AB 2222,769,1659,False,unclear,,,0,False
279611,1422,6840410,Committee Secretary,Person,"Assembly Bill 2304 by Assembly Member Lackey and others, an act relating to social workers.",AB 2222,769,1659,False,non_legislator,,,0,False
279611,1423,6840411,Josh Lowenthal,Legislator,"Assembly Member Lackey, you are recognized.",AB 2222,769,1659,False,unclear,,,0,False
279611,1424,6840412,Tom Lackey,Legislator,"Thank you, Mr. Speaker. Colleagues, for my entire time here on this floor, I've been trying to pass legislation revolving around this horrific tragedy. I know there's not many people here and they're all eating, but I would like your attention, please. This is a big deal to me.",AB 2222,769,1659,False,substantive,,,0,False
279611,1425,6840413,Tom Lackey,Legislator,We had a young man named Gabriel Fernandez who was tortured by his own family. His biological mother and his and her boyfriend. They tortured this young man. He was eight years old. Our system did not protect him. And I've been trying since I've been here to try to bring remedy to prevent this kind of tragedy from happening.,AB 2222,769,1659,False,substantive,,,0,False
279611,1426,6840414,Tom Lackey,Legislator,"And guess what? We've had four others. Four, by their own family. This is ridiculous, and it's heartbreaking. And I understand the hesitation because we don't want to, we definitely don't want to accuse somebody who's not guilty, but we gotta protect these people that deserve our protection for heaven's sake.",AB 2222,769,1659,False,substantive,,,0,False
279611,1427,6840415,Tom Lackey,Legislator,"Think of the tragedy of these young people being tortured by their own family. There are holes in our system, folks. And we're, this bill, all it does is try to bring remedy to that. Please understand how important this is. I'm not gonna belabor the point, but I hope that you will act in the interest of these innocent kids.",AB 2222,769,1659,False,substantive,,,0,False
279611,1428,6840416,Tom Lackey,Legislator,"I guarantee you there's more of these crazy families that are engaging in this kind of conduct, and we need to make sure that when there's injury involved and there's professionals there, that they take action, and they don't falsify reports. That's what's happened in these cases. People aren't acting in the interest of children. What kind of despicable act is that? We need this kind of remedy, folks. This is very reasonable. Please help us protect these children. Vote yes.",AB 2222,769,1659,False,substantive,,,0,False
279611,1429,6840417,Josh Lowenthal,Legislator,"Thank you, Assembly Member Lackey. Assembly Member Carrillo, you are recognized.",AB 2222,769,1659,False,procedural,,,0,False
279611,1430,6840418,Juan Carrillo,Legislator,"Thank you, Mr. Speaker. I also rise to support AB 2304, a tragedy that happened in the Antelope Valley. We both represent the Antelope Valley, the author of the bill and myself. I do remember those days and knowing that now it happened four times to four different families. I urge your aye vote on Assembly Bill 2304.",AB 2222,769,1659,False,substantive,,,0,False
279611,1431,6840419,Josh Lowenthal,Legislator,"Thank you, Assembly Member Carrillo. Seeing and hearing no further debate, Assembly Member Lackey, do you wish to close? All debate having ceased, the Clerk will open the roll. All Members vote who desire to vote. All Members vote who desire to vote. All Members vote who desire to vote. Clerk will close the roll, tally the votes. Aye 60, noes zero. The measure passes.",AB 2222,769,1659,False,substantive,,,0,False
279611,1432,6841394,Josh Lowenthal,Legislator,And we are going to go to file item 129. 129 is AB 2716 by Assembly Member Ávila Farías. The Clerk will read.,AB 2222,769,1659,False,unclear,,,0,False
279611,1433,6841395,Committee Secretary,Person,"Assembly Bill 2716 by Assembly Member Ávila Farías, an act relating to oil and gas.",AB 2222,769,1659,False,non_legislator,,,0,False
279611,1434,6841396,Josh Lowenthal,Legislator,"Assembly Member Ávila Farías, you are recognized.",AB 2222,769,1659,False,unclear,,,0,False
279611,1435,6841397,Anamarie Farias,Legislator,"Thank you, Mr. Speaker and Members. I'm pleased to present AB 2716. AB 2716 delivers a cleanup legislation that the governor called for when he signed AB 1167 in 2023. In his signing message, he cautioned that the increasing financial assurance required for oil well transfers could cause more operation operators to desert their wells. Historically, CalGEM processed an average of 3,500 wells per year.",AB 2222,769,1659,False,substantive,,,0,False
279611,1436,6841398,Anamarie Farias,Legislator,"Since the passage of AB 1167, there has been one well transfer, and as a result, no decrease to the state's liability. As amended in the Natural Resource Committee, AB 2716 gives oil and gas well operators reasonable alternative financial assurances options while simultaneously increasing bonding amount cap with a tiered system, requiring additional financial information to be periodically provided by CalGEM.",AB 2222,769,1659,False,substantive,,,0,False
279611,1437,6841399,Anamarie Farias,Legislator,"And made and made this bill and it's this bill is contingent upon the passage of AB 2461, Hart bill. AB 2716 along with AB 2461 strikes the right balance and will reduce the occurrence of orphan wells, protecting California's environment and public health. I thankfully and respectfully ask for your aye vote.",AB 2222,769,1659,False,substantive,,,0,False
279611,1438,6841400,Josh Lowenthal,Legislator,"Thank you, Assembly Member Ávila Farías. All debate having ceased, Clerk will open the roll. All Members vote who desire to vote. All Members vote who desire to vote. All Members vote who desire to vote.",AB 2222,769,1659,False,procedural,,,0,False
279611,1439,6841527,Josh Lowenthal,Legislator,"Clerk will close the roll tally to vote Ayes 41, Noes 0. The measure passes. File item 162. File item 162 is AB 2189 by Assemblymember Nguyen.",AB 2222,769,1659,False,unclear,,,0,False
279611,1440,6841528,Josh Lowenthal,Legislator,The clerk will read.,AB 2222,769,1659,False,unclear,,,0,False
279611,1441,6841529,Committee Secretary,Person,"Assembly Bill 2189 by Assemblymember Nguyen and others, and I believe to developmental services.",AB 2222,769,1659,False,non_legislator,,,0,False
279611,1442,6841530,Josh Lowenthal,Legislator,"Assemblymember Nguyen, you are recognized.",AB 2222,769,1659,False,unclear,,,0,False
279611,1443,6841531,Stephanie Nguyen,Legislator,"Thank you, Mr. Speaker. This bill authorizes the State Council of Developmental Disabilities to to award an $800,000 annual grant over three years for a coordinated effort statewide coordinated effort to be able to train parents of students with disabilities are in a special education to learn how to advocate for themselves and also be able to know their rights. This bill has enjoyed bipartisan support, and I respectfully ask for your Aye vote.",AB 2222,769,1659,False,substantive,,,0,False
279611,1444,6841532,Josh Lowenthal,Legislator,"Thank you. Assemblymember Nguyen. All debate haven't seized excuse me. Mister Jeff Gonzalez, you are recognized.",AB 2222,769,1659,False,procedural,,,0,False
279611,1445,6841533,Jeff Gonzalez,Legislator,"I appreciate my colleague on this. This is something that we had to learn firsthand with with our with our kids. This is a vital bill, colleagues. This is absolutely necessary that you do this. I can't tell you how many parents we run across all over California that just don't know how to how to traverse the system.",AB 2222,769,1659,False,substantive,,,0,False
279611,1446,6841534,Jeff Gonzalez,Legislator,"So I thank you to my colleague for being a leader in this space, and I respectfully ask for an Aye vote.",AB 2222,769,1659,False,procedural,,,0,False
279611,1447,6841535,Josh Lowenthal,Legislator,"Thank you. Assemblymember Gonzalez. Seeing and hearing no further debate, Assemblymember Nguyen, do you wish to close?",AB 2222,769,1659,False,procedural,,,0,False
279611,1448,6841536,Stephanie Nguyen,Legislator,"I wanna thank my colleague for standing up and speaking in support. I felt like I was one of the only ones that would come out and speak about this, and I wholeheartedly appreciate you and really appreciate the fact that we both get to be on this floor here advocating for not just our kids, but all",AB 2222,769,1659,False,substantive,information_effects,fact,1,True
279611,1449,6841537,Stephanie Nguyen,Legislator,the other kids that get left behind and all the other parents that get left behind. So this is gonna be a,AB 2222,769,1659,False,unclear,,,0,False
279611,1450,6841538,Stephanie Nguyen,Legislator,"game changer for us to start, like you said. And I think between us here here on the floor, we're going to be able to do so so much more. So thank you and I respectfully ask for your Aye vote.",AB 2222,769,1659,False,procedural,,,0,False
279611,1451,6841539,Josh Lowenthal,Legislator,Thank you Assemblymember Nguyen. All debate having ceased clerk will open the roll. All Members vote who desire to vote. All Members vote who desire to vote. All Members vote who desire to vote.,AB 2222,769,1659,False,procedural,,,0,False
279611,1452,6841457,Josh Lowenthal,Legislator,"The Clerk will close the roll, tally the votes. Ayes 58, noes zero. The measure passes. File item 185. File item 185 is AB 1923 by Assembly Member Soria. The Clerk will read.",AB 2222,769,1659,False,unclear,,,0,False
279611,1453,6841458,Committee Secretary,Person,"Assembly Bill 1923 by Assembly Member Soria and others, an act relating to hospitals and declaring the urgency thereof to take effect immediately.",AB 2222,769,1659,False,non_legislator,,,0,False
279611,1454,6841459,Josh Lowenthal,Legislator,"Assembly Member Soria, you are recognized.",AB 2222,769,1659,False,unclear,,,0,False
279611,1455,6841460,Esmeralda Soria,Legislator,"Thank you, Mr. Speaker and Members. AB 1923 will help keep California's hospitals open by expanding the Distressed Hospital Loan Program to new financially distressed hospitals, ensuring past loan recipients still under financial distress are able to receive loan forgiveness and increases. And this bill increases safeguards on the program to ensure only hospitals under true financial distress receive these loans.",AB 2222,769,1659,False,substantive,,,0,False
279611,1456,6841461,Esmeralda Soria,Legislator,"And December 22, 2022, less than three weeks from the day I was sworn in, as you many of you know, I learned that the Madera Community Hospital's hospital was intending to close. By January of the following year, the hospital had closed its doors and created a health care crisis in the heart of my district.",AB 2222,769,1659,False,substantive,,,0,False
279611,1457,6841462,Esmeralda Soria,Legislator,"To address this crisis and numerous looming financial crisis at other hospitals throughout the state, many of us worked hard to ensure and we to create the Distressed Hospital Loan Program. This program today will infuse $300 million into 15 desperate hospitals that our community is dependent on, keeping them from closing or severely curtailing services.",AB 2222,769,1659,False,substantive,,,0,False
279611,1458,6841463,Esmeralda Soria,Legislator,"And in Madera's case, it reopened the doors in March 2025. However, as we all know, the financial strain on California's hospitals has only continued to to grow. And with the impacts of HR 1, we know more hospitals are gonna be in financial distress.",AB 2222,769,1659,False,substantive,,,0,False
279611,1459,6841464,Esmeralda Soria,Legislator,"And so today, we are I'm bringing this bill forward to ensure that we keep our hospitals open by building on the success of the original Distressed Hospital Loan Program and expanding it to ensure that no hospital experiences what my hospital and my community did during its closure. So I respectfully ask for an aye vote.",AB 2222,769,1659,False,substantive,,,0,False
279611,1460,6841465,Josh Lowenthal,Legislator,"Thank you, Assembly Member Soria. Assembly Member Rogers, you are recognized.",AB 2222,769,1659,False,procedural,,,0,False
279611,1461,6841466,Chris Rogers,Legislator,"Thank you, Mr. Speaker. I rise as a co-author on AB 1923 and wanna thank my colleague for bringing the bill forward. I don't need to belabor the point. I think she hit it well. But just as a reminder for this body, 20% of the state's citizens live in rural communities, but only 9% of its health professionals do as well.",AB 2222,769,1659,False,substantive,,,0,False
279611,1462,6841467,Chris Rogers,Legislator,"We had a shortage before HR 1. This body was already taking action to stabilize our rural communities and rural hospitals and health care before HR 1. And then we know that, obviously, those impacts are gonna be significant on our communities as well. So I urge an aye vote.",AB 2222,769,1659,False,substantive,,,0,False
279611,1463,6841468,Josh Lowenthal,Legislator,"Thank you, Assembly Member Rogers. Seeing and hearing no further debate, Assembly Member Soria, do you wish to close?",AB 2222,769,1659,False,procedural,,,0,False
279611,1464,6841469,Esmeralda Soria,Legislator,I just respectfully ask for an aye vote.,AB 2222,769,1659,False,unclear,,,0,False
279611,1465,6841470,Josh Lowenthal,Legislator,"Thank you, Assembly Member. All debate have been ceased. Clerk will open the roll. All Members vote who desire to vote. All Members vote who desire to vote. All Members vote who desire to vote. Clerk will close the roll, tally the votes. Ayes 63, noes zero on the urgency. Ayes 63, noes zero on the measure. The measure passes.",AB 2222,769,1659,False,substantive,,,0,False
279611,1466,6841726,Josh Lowenthal,Legislator,"Assembly Member Petrie-Norris, we're gonna take up file item number 58. File item number 58 is AB 1830 by Assembly Member Petrie-Norris. Clerk will read.",AB 2222,769,1659,False,procedural,,,0,False
279611,1467,6841727,Committee Secretary,Person,"Assembly Bill 1830 by Assembly Member Petrie-Norris and others, an act relating to vehicles.",AB 2222,769,1659,False,non_legislator,,,0,False
279611,1468,6841728,Josh Lowenthal,Legislator,"Assembly Member Petrie-Norris, you are recognized.",AB 2222,769,1659,False,unclear,,,0,False
279611,1469,6841729,Cottie Petrie-Norris,Legislator,"Thank you, Mr. Speaker. Members, I rise to present AB 1830. This measure requires that any individual convicted of a DUI in California install an ignition interlock device. This will help keep our roads safe and save lives across the state. This bill has received broad bipartisan support and no no votes. I respectfully ask for your aye vote.",AB 2222,769,1659,False,substantive,,,0,False
279611,1470,6841730,Josh Lowenthal,Legislator,"Thank you, Assembly Member Petrie-Norris. All debate having ceased, Clerk will open the roll. All Members vote who desire to vote. All Members vote who desire to vote. All Members vote who desire to vote. Clerk will close the roll, tally the votes. Ayes 62, noes zero. The measure passes. Members, Mr. Gipson has asked to lift the call on file item 172, AB 2405. Clerk will post. Close the roll. Tally the votes. Ayes 45, noes 18. The measure passes. Okay.",AB 2222,769,1659,False,substantive,,,0,False
279611,1471,6841637,Josh Lowenthal,Legislator,We are going back to file item one fifty five. File item 155. This is AB 1883 by Assemblymember Bryan. The clerk will read.,AB 2222,769,1659,False,unclear,,,0,False
279611,1472,6841638,Committee Secretary,Person,Assembly Bill 1883 by Assemblymember Bryan an act relating to employment.,AB 2222,769,1659,False,non_legislator,employment_workforce,employment,1,True
279611,1473,6841639,Josh Lowenthal,Legislator,"Assemblymember Bryan, you are recognized.",AB 2222,769,1659,False,unclear,,,0,False
279611,1474,6841640,Isaac Bryan,Legislator,"Thank you, Mr. Speaker and colleagues. I rise to present AB 1883. It's a simple bill that limits invasive workplace surveillance tool. It's the rare combination of a labor Fed sponsored bill and a poor act supported bill carried by me. It's been voted by every single Democrat in the privacy committee, and I respectfully ask for your Aye vote.",AB 2222,769,1659,False,substantive,,,0,False
279611,1475,6841641,Josh Lowenthal,Legislator,"Thank you, Assemblymember Bryan. All debate having ceased clerk will open the roll. All Members vote who desire to vote. All Members vote who desire to vote. All Members vote who desire to vote.",AB 2222,769,1659,False,procedural,,,0,False
279611,1476,6841642,Josh Lowenthal,Legislator,"Clerk will close the roll tally of the vote. Ayes 43, Noes 12. The measure passes. Assemblymember Gabriel, we are going to do a a grip of your bills when you're ready. Okay.",AB 2222,769,1659,False,unclear,,,0,False
279611,1477,6848468,Josh Lowenthal,Legislator,"We're gonna start with item 59, everybody. File item 59. AB 1836 by Assembly member Gabriel. The clerk will read.",AB 2222,769,1659,False,unclear,,,0,False
279611,1478,6848469,Reading Clerk,Person,Assembly bill 1836 by Assemblymember Gabriel and others and accolade in the state government.,AB 2222,769,1659,False,non_legislator,,,0,False
279611,1479,6848470,Josh Lowenthal,Legislator,"Assemblymember Gabriel, you are recognized.",AB 2222,769,1659,False,unclear,,,0,False
279611,1480,6848471,Jesse Gabriel,Legislator,"Thank you, Mr. Speaker. I'm proud to present AB 1836, which expands the eligible uses for the California Nonprofit Security Grant Program to include off-site events. Currently, the program allows funding to be used for physical security improvements at a nonprofit facility, but not for events hosted in the community, including celebrations, religious festivals, and cultural gatherings. AB 1836 provides a simple and practical fix by allowing nonprofits to use grant funding to help secure those events as well.",AB 2222,769,1659,False,substantive,nonprofit_small_outlets,Nonprofit; nonprofits,1,True
279611,1481,6848472,Jesse Gabriel,Legislator,The bill has no opposition and has received unanimous bipartisan support. Respectfully request your aye vote.,AB 2222,769,1659,False,unclear,,,0,False
279611,1482,6848473,Josh Lowenthal,Legislator,"Thank you. Assembly member Gabriel, debate having deceased clerk will open the roll. All members vote who desire to vote. All members vote who desire to vote? All members vote who desire to vote.",AB 2222,769,1659,False,procedural,,,0,False
279611,1483,6848802,Josh Lowenthal,Legislator,"Clerk will close the roll tally votes. Ayes 63, Nos zero. The measure passes. File item 70 is AB 2020, also by Assemblymember Gabriel. The clerk will read.",AB 2222,769,1659,False,unclear,,,0,False
279611,1484,6848803,Committee Secretary,Person,Assembly Bill 2020 by Assemblymember Gabriel and athlete in the housing.,AB 2222,769,1659,False,non_legislator,,,0,False
279611,1485,6848804,Josh Lowenthal,Legislator,"Assemblymember Gabriel, you are recognized. Decorum members. Decorum. Assembly member Gabriel.",AB 2222,769,1659,False,unclear,,,0,False
279611,1486,6848805,Jesse Gabriel,Legislator,"Thank you, Mr. Speaker. Pleased to present AB 2020, which would preserve existing affordable housing developments and protect low income Californians. California's affordable housing developments operate on razor thin margins relying on carefully structured reserves, just to say solvent over their fifty five year affordability periods. The pandemic forced many to drain reserves while facing rising insurance and maintenance costs, leaving some now facing operating deficits and real foresaw risks.",AB 2222,769,1659,False,substantive,,,0,False
279611,1487,6848806,Jesse Gabriel,Legislator,AB 2020 fixes that by authorizing HCD to allow the transfer of excess reserves or operating income between development sharing the same sponsor or affiliated ownership.,AB 2222,769,1659,False,unclear,editorial_independence,ownership,1,True
279611,1488,6848807,Jesse Gabriel,Legislator,"This gives developers a practical tool to stabilize portfolios, protect vulnerable tenants, and safeguard long term affordability. This legislation has bipartisan support, and a broad coalition of affordable housing advocates and builders respectfully request your aye vote on AB 2020.",AB 2222,769,1659,False,substantive,,,0,False
279611,1489,6848808,Josh Lowenthal,Legislator,"Thank you. Assemblymember Gabriel, I'll debate having ceased. Clerk will open the roll. All members vote who desire to vote. All members vote who desire to vote.",AB 2222,769,1659,False,procedural,,,0,False
279611,1490,6848809,Josh Lowenthal,Legislator,"All members vote who desire to vote. Clerk will close the roll tally votes. Ayes 65, Nos zero. The measure passes. File item 81 is AB 2204 also by Assemblymember Gabriel.",AB 2222,769,1659,False,unclear,,,0,False
279611,1491,6848810,Josh Lowenthal,Legislator,The clerk will read.,AB 2222,769,1659,False,unclear,,,0,False
279611,1492,6850177,Committee Secretary,Person,"Assembly Bill 2204 by Assembly Member Gabriel and others, an act relating to prisons.",AB 2222,769,1659,False,non_legislator,,,0,False
279611,1493,6850178,Josh Lowenthal,Legislator,"Assembly Member Gabriel, you may open.",AB 2222,769,1659,False,unclear,,,0,False
279611,1494,6850179,Jesse Gabriel,Legislator,"Thank you, Mr. Speaker and colleagues. I am pleased today to present AB 2204, which would expand access to organized sports in California correctional facilities. Sports can promote improved physical fitness and mental health, and research has shown that sports program can reduce disciplinary incidents and lower the likelihood of recidivism.",AB 2222,769,1659,False,substantive,,,0,False
279611,1495,6850180,Jesse Gabriel,Legislator,This bill builds on that principle by increasing access to organized sports by directing CDCR to develop a policy on sports programming and establishing the Second Chance Sports Fund to accelerate the expansion of programming. This bipartisan support support legislation has received unanimous votes and has no opposition. Respectfully request your aye vote.,AB 2222,769,1659,False,substantive,,,0,False
279611,1496,6850181,Josh Lowenthal,Legislator,"Thank you, Assembly Member Gabriel. All debate having ceased. Clerk will open the roll. All Members vote who desire to vote. All Members vote who desire to vote. All Members vote who desire to vote. Clerk will close the roll, tally the votes. Ayes 63, noes zero. Measure passes. Finally for Mr. Gabriel, file item 105. That's AB 2378, also by Assembly Member Gabriel. The Clerk will read.",AB 2222,769,1659,False,substantive,,,0,False
279611,1497,6849485,Reading Clerk,Person,"Assemblybill twenty three seventy eight by Assemblymember Gabriel and others, and accolade in criminal justice.",AB 2222,769,1659,False,non_legislator,,,0,False
279611,1498,6849486,Josh Lowenthal,Legislator,"Assembly member Gabriel, you are recognized.",AB 2222,769,1659,False,unclear,,,0,False
279611,1499,6849487,Jesse Gabriel,Legislator,"Thank you very much, mister speaker and colleagues. I am proud to present AB 2378, which would establish the Office of Community Violence Intervention to administer and guide the CalVIP grant program. CalVIP is California's flagship community based violence prevention program and a proven method to reduce gun violence. Last year, California had its lowest gun homicide rate in recorded history, driven in large part by significant reductions in violence among populations served by the CalVIP program.",AB 2222,769,1659,False,substantive,,,0,False
279611,1500,6849488,Jesse Gabriel,Legislator,This bill would establish the Office of Community Violence Intervention to be led by a full time director enabling more effective administration of the CalVIP program.,AB 2222,769,1659,False,substantive,,,0,False
279611,1501,6849489,Jesse Gabriel,Legislator,This support support legislation will strengthen and improve the CalVIP program and has received bipartisan support. Thank you and respect for your question. I vote.,AB 2222,769,1659,False,procedural,,,0,False
279611,1502,6849490,Josh Lowenthal,Legislator,"Thank you, Assemblymember Gabriel. Debate having ceased clerk will open the roll. All members vote who desire to vote. All members vote who desire to vote. All members vote who desire to vote.",AB 2222,769,1659,False,procedural,,,0,False
279611,1503,6854170,Josh Lowenthal,Legislator,"Clerk will close the roll tally votes. Ayes 60, Nos zero. The measure passes. We're gonna skip to file item 121 by Assemblymember Ward to AB 2564. Clerk will read.",AB 2222,769,1659,False,unclear,,,0,False
279611,1504,6854171,Committee Secretary,Person,"Assembly Bill 2564 by Assembly member Ward and others, faculty and consumer protection.",AB 2222,769,1659,False,non_legislator,,,0,False
279611,1505,6854172,Josh Lowenthal,Legislator,"Assembly member Ward, you are recognized.",AB 2222,769,1659,False,unclear,,,0,False
279611,1506,6854173,Chris Ward,Legislator,"Well, good evening, Mr. Speaker and members. Today, I'm here to talk about an issue that affects every consumer, each one of your constituents here in California, and that is surveillance pricing. So right now, companies are using personal identifiable information collected on a consumer, like your age, your gender, marital status, your geolocation, or online search history to adjust the price of goods based on their perceived willingness to pay.",AB 2222,769,1659,False,substantive,,,0,False
279611,1507,6854174,Chris Ward,Legislator,"And simply put, companies are using what they know about you, who you are, and where you go, and how much you spend, and even your location to decide how much to charge you. So at a time when we hear nothing but address affordability, when prices of basic necessities are rising across the board, it is more critical than ever to be able to ensure that people are not being unfairly charged higher prices due to their actual or perceived characteristics.",AB 2222,769,1659,False,substantive,,,0,False
279611,1508,6854175,Chris Ward,Legislator,"Let's be clear. This practice hits hardest on lower income individuals and those with limited shopping options or limited time to shop around. Now last year, an investigation by Consumer Reports revealed that, some created detailed profiles on shoppers based on inferences from data collected through programs and purchased in search histories.",AB 2222,769,1659,False,substantive,,,0,False
279611,1509,6854176,Chris Ward,Legislator,"In January 2025, the Federal Trade Commission released a preliminary study indicating a wide range of personal data was being used to set individualized consumer prices with initial findings revealing details like a person's precise location or browser history could be frequently used to target consumers with different prices for the very same goods or services.",AB 2222,769,1659,False,substantive,,,0,False
279611,1510,6854177,Chris Ward,Legislator,"Unfortunately, with the change administration, it seems that the FTC and, the Federal Government have abandoned the issue, and that is why California must act now to prevent surveillance pricing before it becomes an industry standard.",AB 2222,769,1659,False,unclear,,,0,False
279611,1511,6854178,Chris Ward,Legislator,"Right now, legislatures across the country are waking up to this issue. Over 30 bills in 30 states have been introduced this year alone in both red and blue states. California has always been a leader in consumer protections, and we must ensure that we are not left behind at the expense of our constituents. AB 2564 will put a stop to this practice to ensure that consumers are protected from predatory and discriminatory practices designed to maximize consumer spending.",AB 2222,769,1659,False,substantive,,,0,False
279611,1512,6854179,Chris Ward,Legislator,"Now I deeply understand and have had a lot of conversation, and I understand those concerns from retailers and business owners about the impact to loyalty programs and discounts.",AB 2222,769,1659,False,unclear,,,0,False
279611,1513,6854180,Chris Ward,Legislator,"Many of you have talked with me about this here too. Since the introduction of AB 446 last year, we have significantly narrowed the scope of the bill and realized that there is more work to be done, and we also have draft amendments ready to go in Senate rules to make sure that consumer discount pro programs are protected.",AB 2222,769,1659,False,substantive,,,0,False
279611,1514,6854181,Chris Ward,Legislator,"Pull up the bill on your Ipad, and you can see right now there's already a robust discussion on the preservation of discounts, loyalty programs, and other ways to be able to save monies, but those can certainly be clarified and enhanced. These last two weeks, I've met directly with many of you and took those concerns back to my sponsors.",AB 2222,769,1659,False,substantive,,,0,False
279611,1515,6854182,Chris Ward,Legislator,We put together these amendments that I am committing to take at the Bill Moose Board and committing for further discussion on these issues and broader issues with those that still remain in opposition.,AB 2222,769,1659,False,unclear,,,0,False
279611,1516,6854183,Chris Ward,Legislator,"Specifically, amendments that we'll take immediately narrow the scope of the disclosure portion of the bill to only prices based on personally identifiable information, clarify that these offers do not need to be offered to all consumers, just made available to consumers who meet the stated terms and conditions for the available offer.",AB 2222,769,1659,False,substantive,,,0,False
279611,1517,6854184,Chris Ward,Legislator,"And importantly, provide judicial discretion to ensure that any attorney, the attorney general, district attorney, city attorney who brings the case, the judge can weigh the facts of the case to be able to make sure that any penalties are actually fair. This is not a bill that is meant to engender a whole barrage of lawsuits that are especially gonna target potential small businesses.",AB 2222,769,1659,False,substantive,information_effects,facts,1,True
279611,1518,6854185,Chris Ward,Legislator,"That would be a factor in these amendments right now to make sure that a wide scope of considerations are taken by a judge to make sure that if a unintentional infraction of this occurred, not that we're and we're trying to avoid any scenario in that where where that could be, but if somebody got clever and decided there was a infraction of this bill should it become law, that all these circumstances could be taken into account to make sure that they wouldn't be penalized unfairly.",AB 2222,769,1659,False,substantive,,,0,False
279611,1519,6854186,Chris Ward,Legislator,"We're committed to continuing this work in the Senate with the opposition to ensure that the bill is workable. Importantly, this needs to stand as a model for other states. We have, like I said, 30 states working on this in a variety of different ways. We can get this right and California can continue to set the gold standard if we continue these conversations. I respectfully request your aye vote.",AB 2222,769,1659,False,substantive,,,0,False
279611,1520,6854187,Josh Lowenthal,Legislator,"Thank you, Assemblymember Ward. Assemblymember Zbur, you are recognized.",AB 2222,769,1659,False,procedural,,,0,False
279611,1521,6854188,Rick Chavez Zbur,Legislator,"So I wanna thank the author of AB 2564. I wanna thank him for his engagement with me this week. As we have discussed, I think this bill continues to have need some work related to discounts. Discounts that don't, obviously, discriminate based on income or discriminate on certain characteristics are good things. And I think consumers want discounts.",AB 2222,769,1659,False,substantive,,,0,False
279611,1522,6854189,Rick Chavez Zbur,Legislator,"They want loyalty programs. And there are still some aspects of the bill, I think, that, you know, some of the things requiring posting on websites that, when these discounts, you know, are are changed pretty frequently on sort of the normal course activities of a retailer. I appreciate that the that the author has, committed to continue working with the with the retailers and others about this bill. I do think that needs some work. I have confidence in the author that he will continue doing that.",AB 2222,769,1659,False,substantive,,,0,False
279611,1523,6854190,Rick Chavez Zbur,Legislator,"And with that, I plan on supporting the bill today. Thanks.",AB 2222,769,1659,False,unclear,,,0,False
279611,1524,6854191,Josh Lowenthal,Legislator,"Thank you, Assemblymember Sporris. Assemblymember Wilson, you are recognized.",AB 2222,769,1659,False,procedural,,,0,False
279611,1525,6854192,Lori Wilson,Legislator,"Thank you, mister speaker. I had an opportunity I rise to talk about this bill. I had an opportunity, to vote on a version of this bill last year. It didn't get where it needed to go, and the author on his own pulled the bill, Which I recognize as a trustworthy colleague. This year, I've had the opportunity to see this bill in committee, voted on it, shared my concerns, thought it had gotten to a better place, voted to share my concerns.",AB 2222,769,1659,False,substantive,,,0,False
279611,1526,6854193,Lori Wilson,Legislator,"But it was more, centered around these late amends that, brings me, to talk today. I think that everyone on this floor can agree that no one wants there to be personally identify personal identified information to be used against you in the marketplace. Whether that causes you to pay a premium for goods and services, or be unfairly excluded from discounts. I think that is like a common denominator related to this, and I think that's the intent of the author.",AB 2222,769,1659,False,substantive,,,0,False
279611,1527,6854194,Lori Wilson,Legislator,"I I still though, having seen the mock up of the men's that are going to be taken into Senate, I still have some concerns.",AB 2222,769,1659,False,unclear,,,0,False
279611,1528,6854195,Lori Wilson,Legislator,"And so I just want to talk to the you know, ask the author to either address immediately or address in his closing related to those concerns. I'll be supporting the bill today, but these are extremely important to me that I think in order to be able to support this when this comes back have to be addressed. First of all, litigation risk associated with offering discounts.",AB 2222,769,1659,False,substantive,,,0,False
279611,1529,6854196,Lori Wilson,Legislator,"The current language or the mock up language, I will say, makes any discount offered unlawful unless specifically outlined in the provisions of the bill. And I know there's been in the mock up language, we disagree on this.",AB 2222,769,1659,False,unclear,,,0,False
279611,1530,6854197,Lori Wilson,Legislator,"But because the language goes back to existing statute, which talks about inferred, that still is an issue. Because you can use personal data to infer something, then that would be unlawful. Secondly is the disclosure requirements, I believe are still onerous. And definitely need to be worked on. And last but not least, I support civil action that you have in the bill by the attorney general, city attorney, County Council.",AB 2222,769,1659,False,substantive,,,0,False
279611,1531,6854198,Lori Wilson,Legislator,"But for the individual consumer, even though it's no longer a monetary damages, but injunctive relief, I still think is an issue. I mean, when we think about litigation risk and this particular part of the private right of action, remember, every time you go into a court case, involving a court case, that is costly. And so every business or retailer that is spending their time battling courts are spending resources which drives the cost up for everyone.",AB 2222,769,1659,False,substantive,,,0,False
279611,1532,6854199,Lori Wilson,Legislator,"And so I think those are three areas that I still think need working on, give you an opportunity to address those at your convenience, but I would like to see those, dealt with as you navigate the second house.",AB 2222,769,1659,False,unclear,,,0,False
279611,1533,6854200,Josh Lowenthal,Legislator,Without objection.,AB 2222,769,1659,False,unclear,,,0,False
279611,1534,6854201,Chris Ward,Legislator,"Mister speaker, I'm happy to address those, because I have some separate thoughts from my close, of course. You raised some really good points. Exactly some of the other points that others that are paying close and special attention to this bill are raising, and so these are areas of focus that we will continue to be able to work on.",AB 2222,769,1659,False,substantive,,,0,False
279611,1535,6854202,Chris Ward,Legislator,"With regard to the conversation or the the issue around any, discount pricing, whether or not the language in here is really specific to information that is inferring something else. I do note that one of the, amendments that we do need to especially enumerate here is that we are making sure that just on a top line basis that any discount that is publicly available is already off of the table.",AB 2222,769,1659,False,substantive,,,0,False
279611,1536,6854203,Chris Ward,Legislator,"So a little bit above the section where we're getting into what is qualified as discounts that are offered attached to any personal identifiable information collected through electronic surveillance technology. There already will be this broad exemption for any personal and what do I mean by that when we're talking, like, statutory code language? Right? In plain English, that means that if a discount is a vet available to a veteran, it should be available to all veterans. Right?",AB 2222,769,1659,False,substantive,,,0,False
279611,1537,6854204,Chris Ward,Legislator,"And it's not something that should be subject to, like, you know, the, any, infraction of this bill. And then to the issue of civil action, you're right. The work that we did last year actually removed the private right of action from the ability to have, civil suit. We still, believe and we're working intentionally to make sure that the right to be able to make sure that somebody is able to say, hey. This happened to me.",AB 2222,769,1659,False,substantive,,,0,False
279611,1538,6854205,Chris Ward,Legislator,"Is there an opportunity for injunctive relief? Open discussion here. I do agree, and we have shifted a lot of the burden for any prosecution or the ability to be able to prosecute onto these public attorneys. But this is still an open question here that I'd be happy to continue the conversation.",AB 2222,769,1659,False,substantive,,,0,False
279611,1539,6854206,Josh Lowenthal,Legislator,"Thank you, Assemblymember Ward for that response. And seeing and hearing no further debate, do you wish to close on the measure?",AB 2222,769,1659,False,procedural,,,0,False
279611,1540,6854207,Chris Ward,Legislator,"Thank you, Mr. Speaker. So I really appreciate a very, great discussion through our Judiciary Committee, certainly through our privacy and consumer protection committee, because this is a very real and present issue. I I might argue a real and present danger to so many consumers. We know that this is happening right under our nose, but the thing well, actually, we don't know that this is happening That's the problem.",AB 2222,769,1659,False,substantive,,,0,False
279611,1541,6854208,Chris Ward,Legislator,This is so nefarious and so under the radar that this is happening if you do a little bit of research and you're able to actually take that extra step to be able to compare with a friend across the country or somebody else with a different kind of profile.,AB 2222,769,1659,False,substantive,,,0,False
279611,1542,6854209,Chris Ward,Legislator,"Even my spouse and I were sitting on the couch next to next to each other looking up, online, for two things, and on our phones got two different prices. Right? At the exact same time for the exact same thing. We went for the cheaper one. But you have to take these other steps now as a consumer to really make sure that you're getting the price.",AB 2222,769,1659,False,substantive,,,0,False
279611,1543,6854210,Chris Ward,Legislator,"Some would argue, okay. Well, you wanna do that diligence. You but a lot of us don't have the opportunity or the time in our day as we're going through our our busy and daily lives. We wanna know that the price that we see online is the fair price. And you might agree that that's my willingness to pay, but you should not be in a we should not be in a consumer society, where you are being subjected to a higher price because of your own personal characteristics.",AB 2222,769,1659,False,substantive,,,0,False
279611,1544,6854211,Chris Ward,Legislator,"Because if you're a single mom and that algorithm knows you have the profile of being a single mom, you shouldn't have to pay more for diapers to be overnighted because you're about to run out of diapers. If you are trying to be able to call an Uber because you are in desperate need to be able to get home and your battery is running low, you should not have that information about how low your battery is.",AB 2222,769,1659,False,substantive,,,0,False
279611,1545,6854212,Chris Ward,Legislator,"Factor into that price that is elevating the price because your battery is about to die and you need to get that price. And these are all of these sort of back channel ways that our constituents and consumers across California are getting taken for a ride at the expense at their expense and to the profit of others that are really, I think, abusing a very what was formally a very fair relationship between the consumer and a retailer, consumer and a business.",AB 2222,769,1659,False,substantive,,,0,False
279611,1546,6854213,Chris Ward,Legislator,"So we really have a responsibility to be able to set those parameters and level that playing field, but the devil is in the details.",AB 2222,769,1659,False,unclear,,,0,False
279611,1547,6854214,Chris Ward,Legislator,"When we bring it back from plain English and into the statutory code, getting the code right matters. Getting these definitions matters. That's why working on privacy bills is one of our most challenging, and I would argue one of my favorite opportunities here in this legislature, because the impact is real. The dollars are real to everybody that's trying to tackle affordability, and we can make a lot of progress here and set the gold standard for the country.",AB 2222,769,1659,False,substantive,,,0,False
279611,1548,6854215,Chris Ward,Legislator,I respectfully ask for your aye vote to continue the conversation in the Senate.,AB 2222,769,1659,False,unclear,,,0,False
279611,1549,6854216,Josh Lowenthal,Legislator,"Thank you. Assembly member Ward, I'll debate having ceased. Clerk will open the roll. All members vote who desire to vote. All members vote who desire to vote.",AB 2222,769,1659,False,procedural,,,0,False
279611,1550,6854218,Josh Lowenthal,Legislator,All members vote who desire to vote.,AB 2222,769,1659,False,unclear,,,0,False
279611,1551,6854217,Josh Lowenthal,Legislator,All members vote who desire to vote.,AB 2222,769,1659,False,unclear,,,0,False
279611,1552,6849834,Robert Rivas,Legislator,"Clerk will close the roll tally of the vote. Size forty one is twenty one. The measure passes. Assemblymember Bauer Kehan, you are recognized.",AB 2222,769,1659,False,unclear,,,0,False
279611,1553,6849835,Heather Hadwick,Legislator,"Point of personal privilege, mister speaker.",AB 2222,769,1659,False,unclear,,,0,False
279611,1554,6849836,Robert Rivas,Legislator,State your point.,AB 2222,769,1659,False,unclear,,,0,False
279611,1555,6849837,Rebecca Bauer-Kahan,Legislator,"I'd like to congratulate our reading clerk, David Bowman, on the graduation of his first born today from high school. Congratulations you and your daughter.",AB 2222,769,1659,False,unclear,,,0,False
279611,1556,6849838,Robert Rivas,Legislator,"Your point is well taken. File item number 88. File item 88. Quorum, everybody. Got bills to do.",AB 2222,769,1659,False,procedural,,,0,False
279611,1557,6849839,Robert Rivas,Legislator,Let's go. File item 88. That is AB 2253 by Assemblymember Burner. The clerk will read.,AB 2222,769,1659,False,unclear,,,0,False
279611,1558,6850548,Reading Clerk,Person,Assembly bill 2253 by Assemblymember Burner in acclating the solid waste.,AB 2222,769,1659,False,non_legislator,,,0,False
279611,1559,6850549,Robert Rivas,Legislator,"Company member Burner, you are recognized.",AB 2222,769,1659,False,unclear,,,0,False
279611,1560,6850550,Tasha Boerner,Legislator,"Good evening, ma'am, mister speaker and members. Today, I rise to present AB 2253, a bill that would protect consumers from deceptive recycled content claims by requiring companies that advertise recycled content in their products to be honest about the amount of recycled material used. The bill emerged from a simple premise. If a product has a marketing claim on it that is that it is made from recycled content, it should actually be made of recycled content.",AB 2222,769,1659,False,substantive,editorial_independence,content,1,True
279611,1561,6850551,Tasha Boerner,Legislator,"In our affordability crisis, Californians shouldn't be charged more for a product that claims to be green, but it isn't.",AB 2222,769,1659,False,unclear,,,0,False
279611,1562,6850552,Tasha Boerner,Legislator,"Furthermore, this practice undercuts the California companies that have invested billions of dollars in real recycling and product manufacturers that pay a premium for more sustainable materials. I introduced this bill because California has always been ahead of consumer and environmental protections. We shouldn't be bamboozled by these companies' false marketings on products that are not green. I have not received constructive amendments from the opposition.",AB 2222,769,1659,False,substantive,,,0,False
279611,1563,6850553,Tasha Boerner,Legislator,"However, the member from Thousand Oats and other colleagues that have worked on recycled bottle legislation and other EPR programs have been extremely helpful in providing feedback.",AB 2222,769,1659,False,unclear,,,0,False
279611,1564,6850554,Tasha Boerner,Legislator,"I have also agreed to take a number of amendments in the Senate. I will continue working with opposition. This is about saying, if this bottle says it's recycled, there's some amount of recycled material in it. That's all it does, and I respectfully ask for your item.",AB 2222,769,1659,False,substantive,,,0,False
279611,1565,6850555,Robert Rivas,Legislator,"Thank you, Assemblymember Berner. All debate haven't ceased. Clerk will open the roll. All members vote who desire to vote. All members vote who desire to vote.",AB 2222,769,1659,False,procedural,,,0,False
279611,1566,6850556,Robert Rivas,Legislator,"All members vote who desire to vote. Clerk will close the roll tally votes. Aye 42, noes 19. The measure passes. Members, mister Lee has asked to lift the call on file item 44.",AB 2222,769,1659,False,unclear,,,0,False
279611,1567,6850557,Robert Rivas,Legislator,"Clerk will post. Clerk will close the roll tally of the vote. Size fifty four, nose twenty. Measure passes. Moving backwards in the file to file item 75, decorum members.",AB 2222,769,1659,False,unclear,,,0,False
279611,1568,6974564,Robert Rivas,Legislator,AB 2108 by doctor Sharp Collins. Clerk will read.,AB 2222,769,1659,False,unclear,,,0,False
279611,1569,6974565,Reading Clerk,Person,"Assembly bill 2108 by Assembly member Sharp Collins, an act related to diversion.",AB 2222,769,1659,False,non_legislator,,,0,False
279611,1570,6974566,Robert Rivas,Legislator,"Doctor Sharp Collins, you may open.",AB 2222,769,1659,False,unclear,,,0,False
279611,1571,6974567,Lashae Sharp-Collins,Legislator,"Thank you, mister speaker and members. I rise to present assembly Bill 2108, which creates a statewide diversion option for low level nonviolent retail theft so offenders are held accountable without being pushed deeper into the justice system. Prop 36 promised voters, obviously, they promised for for for folks to be rehabilitated and to give them the opportunities, but also maintain the accountability. That is what diversion is.",AB 2222,769,1659,False,substantive,civic_effects,accountability,1,True
279611,1572,6974568,Lashae Sharp-Collins,Legislator,"And while we have diversion programs for drugs and for mental health, we do not have the same for crimes that are done out of the the necessity which is led by poverty.",AB 2222,769,1659,False,unclear,,,0,False
279611,1573,6974569,Lashae Sharp-Collins,Legislator,"Assembly bill 2108 creates pathways into work, whether vocational and or apprenticeship programs to help lift individuals out of poverty and curve retail theft. The bill explains well, it actually excludes any theft that involves violence or threatened violence, organized retail theft offenses, and habitual repeat theft offenders. Furthermore, the bill ensures that judges retain suitability for diversion based on the actual case. This bill is not an anti prop 36 bill, but instead, it actually builds on the proposition's promise of consequences and also treatment.",AB 2222,769,1659,False,substantive,employment_workforce,retain,1,True
279611,1574,6974570,Lashae Sharp-Collins,Legislator,"Without this bill, the poor who are convicted of theft crimes are left with no treatment options.",AB 2222,769,1659,False,unclear,,,0,False
279611,1575,6974571,Lashae Sharp-Collins,Legislator,"Further, this bill is supported by the Retailers Association who acknowledges that this is the way to reduce theft crimes. Retailers are the 1s that that suffers when divergent or incur or incarceration fails, and they have chosen to support assembly bill 2018. The time for this bill is now. We have spent a lot of time on this floor highlighting the harm that's d1 by HR 1 cuts. Let's be real.",AB 2222,769,1659,False,substantive,,,0,False
279611,1576,6974572,Lashae Sharp-Collins,Legislator,"These cuts will push thousands of Californians into poverty, further increasing the necessity of securing basic resources. So what do we think will happen when 562,000 Californians loses their actual food assistance valued at approximately $6 a day? How will the 1,000,000 Californians kicked off of Medicare secure their medication and other medical supplies? And where will families find the resources to care for their senior family members who stand to lose over $1,000,000,000 in funding out of the May revise?",AB 2222,769,1659,False,substantive,,,0,False
279611,1577,6974573,Lashae Sharp-Collins,Legislator,"So deprivation of resources breeds desperation, and desperation breeds necessity.",AB 2222,769,1659,False,unclear,,,0,False
279611,1578,6974574,Lashae Sharp-Collins,Legislator,"If these people end up caught in the retail theft due to poverty and necessity, are they less deserving of divergent opportunities and treatment than those experiencing addiction and mental health challenges? Or should our justice system lift up equity and compassionate access to off ramps as promised in prop 36?",AB 2222,769,1659,False,substantive,,,0,False
279611,1579,6974575,Lashae Sharp-Collins,Legislator,So assembly bill 2108 provides prosecutors with a structured pathway to what I respectfully ask for your support for AB 2108 to create a diversion program to make good on the promises of access to treatment and rehabilitation.,AB 2222,769,1659,False,substantive,,,0,False
279611,1580,6974576,Robert Rivas,Legislator,"Thank you, Assemblymember Sharp Collins. Assemblymember Tangipa, you are recognized.",AB 2222,769,1659,False,procedural,,,0,False
279611,1581,6974577,David Tangipa,Legislator,"Thank you, Mr. Speaker. And while I have great respect for the author on this, this bill I think is you may say the words that it it doesn't take on prop 36, but that is clearly what this bill is. Adding a diversion program for retail theft when 70% of the state of California said that they want tougher on crime laws. 70% of California, something that every single county in the state of California asked for.",AB 2222,769,1659,False,substantive,,,0,False
279611,1582,6974578,David Tangipa,Legislator,"We want tougher on crime laws, especially when it comes to retail theft. And while I come from one of those communities that have been in is in extreme impoverishment. That is no excuse to steal from the businesses that are around. I just got done speaking to a large coalition of business owners. They are saying that they cannot stay in the state of California.",AB 2222,769,1659,False,substantive,,,0,False
279611,1583,6974579,David Tangipa,Legislator,"And when the governor a couple years ago made the mention that these businesses that were getting robbed over and over and over again, from consistent the same people robbing them. What did the governor say? Well, at least they have insurance. Well, their insurance quotes are now over $40,000. Who else pays for that?",AB 2222,769,1659,False,substantive,,,0,False
279611,1584,6974580,David Tangipa,Legislator,The rest of Californians who want to follow the law. Prop 36 was a mandate on the state of California and its legislators to add tougher on crime laws. And yet this body still refuses to fully fund Prop 36 and now brings a law forward that will also usurp the enforcement of it. A force DAs to give them diversion programs. 70%.,AB 2222,769,1659,False,substantive,,,0,False
279611,1585,6974581,David Tangipa,Legislator,"So while I encourage a no vote on this bill, I look forward to watching who wants to disrespect the people of California when they made a mandate that they want safety. I look forward to the votes being casted today. So that way, we can show the rest of California exactly what is coming out when it comes to enforcing and respecting Prop 36 and when it comes to adding a diversion program which disrespects a lot of their ability. I respectfully ask for a no vote.",AB 2222,769,1659,False,substantive,,,0,False
279611,1586,6974582,Robert Rivas,Legislator,"Thank you, Assemblymember Tong Yipa. Assemblymember De Maio, you are recognized.",AB 2222,769,1659,False,procedural,,,0,False
279611,1587,6974583,Carl DeMaio,Legislator,"Thank you, mister speaker. I rise in strong opposition to AB 2108. At the outset, I was gonna speak in opposition to the bill because it does overturn the clear mandate of California voters in the last election in favor of prop 36, the make crime illegal again initiative. We had a wave of crime that gripped our state, and we're still combating it. But the voters did that.",AB 2222,769,1659,False,substantive,,,0,False
279611,1588,6974584,Carl DeMaio,Legislator,"They gave law enforcement and prosecutors back the tools, to push back against these criminal acts. We were the laughing stock of the nation with all the videos of smash and grabs and people literally walking into stores and openly stealing. It's being caught on people's cell phones. It became, you know, no big deal, no big surprise. But Californians knew better, and they said enough is enough.",AB 2222,769,1659,False,substantive,,,0,False
279611,1589,6974585,Carl DeMaio,Legislator,"This is wrong. There's no justification for it. And that is why every one of our 58 counties, including San Francisco, You know there's a super majority when San Francisco even is voting to make crime illegal again. AB 2108 negates that vote in so many ways. But worse, what we heard from the author is something just breathtakingly unhinged, I believe, from basic reality of where Californians are.",AB 2222,769,1659,False,substantive,,,0,False
279611,1590,6974586,Carl DeMaio,Legislator,"She said in her remarks and in support of this bill that the reason why we need to pass it is that individuals committing these crimes are committing, quote, crimes out of necessity. Crimes out of necessity. The author is trying to paint a picture as though people are so hungry they're stealing food, and that these are the people that will be covered out of this get out of jail free, get out of punishment free program. This is such an inaccurate depiction of reality.",AB 2222,769,1659,False,substantive,,,0,False
279611,1591,6974587,Carl DeMaio,Legislator,"Stealing Nike shoes or PlayStation is not a crime of necessity, and that is who will be protected under this bill.",AB 2222,769,1659,False,unclear,,,0,False
279611,1592,6974588,Carl DeMaio,Legislator,These are gonna be repeat offenders. We saw that with Prop 36. These are not people who are hard up and and and hungry. There are a number of programs available to help individuals who are hungry. We are a very generous welfare state that is so offensive to suggest that these are crimes of necessity.,AB 2222,769,1659,False,substantive,,,0,False
279611,1593,6974589,Carl DeMaio,Legislator,"This is not what a bipartisan consensus of voters determined we need to do in the last election. And and then if any of you support this bill, then you are adding your name next to the argument that we need to go light on these criminals because these are crimes of necessity. Nothing could be further from the truth. I urge a no vote.",AB 2222,769,1659,False,substantive,,,0,False
279611,1594,6974590,Robert Rivas,Legislator,"Thank you. Assembly member DeMio. Assembly member Ransom, you are recognized.",AB 2222,769,1659,False,procedural,,,0,False
279611,1595,6974591,Rhodesia Ransom,Legislator,"Thank you, mister speaker. I rise because I wanna provide some perspective on this bill. Those of you who had an opportunity to work with me or to watch me have kind of heard some of the frustrations that I have about how we pass bills and we how we address public safety and how we address restorative justice without thinking about victims.",AB 2222,769,1659,False,substantive,,,0,False
279611,1596,6974592,Rhodesia Ransom,Legislator,"This is a rare case where we actually have the victims, which are the retailers, standing up and saying that we agree as the victims of organized theft that there has to be an opportunity to provide people with job training and skills. I come from a county that has a program that stands against retail theft.",AB 2222,769,1659,False,substantive,employment_workforce,job,1,True
279611,1597,6974593,Rhodesia Ransom,Legislator,"I have stood personally against retail theft, especially after being in a business. I was in Dick's Sporting Goods store, and a car pulled up, and groups came in. And as I was picking out items for my husband, they took all the clothes off of the shelf and walked out the door, and all the staff could do was film it. And I felt terrible for the staff because you don't know if those people are gonna come in armed or how those people are gonna come.",AB 2222,769,1659,False,substantive,employment_workforce,staff,1,True
279611,1598,6974594,Rhodesia Ransom,Legislator,And law enforcement does not have capacity to continue to respond to these situations because they don't have enough officers and there's not enough tools.,AB 2222,769,1659,False,unclear,,,0,False
279611,1599,6974595,Rhodesia Ransom,Legislator,"But what does happen alignment with prop 36, which already says that it refers to three offenses. Diversion can be eligible if the judge says so. If they has less than three offenses, if they are nonviolent offenses, and if they don't have any additional pending theft. So the fact that the retailer said, look, we wanna support giving these people an opportunity if the judge sees fit, because not every person's gonna be the same to actually give them a job, get job skills training.",AB 2222,769,1659,False,substantive,information_effects;employment_workforce,fact; job,2,True
279611,1600,6974596,Rhodesia Ransom,Legislator,I think that that is something that really looks at a true diversion program.,AB 2222,769,1659,False,unclear,,,0,False
279611,1601,6974597,Rhodesia Ransom,Legislator,"It's not one-sided. It's not just the author saying, we wanna give everybody a free pass. It's the retailer saying, the data if you read their letters, they're saying the data shows that people who are given these opportunities are doing better. And so if we wanna be a place that makes emotional decisions, then we gonna ignore data.",AB 2222,769,1659,False,substantive,,,0,False
279611,1602,6974598,Rhodesia Ransom,Legislator,"But if we wanna make decisions that are based on restorative practices and data, then I I do think that that is more in alignment with what we are supposed to do as a legislature.",AB 2222,769,1659,False,unclear,,,0,False
279611,1603,6974599,Rhodesia Ransom,Legislator,"I also wanna say that as we are looking at proposition 36 and where we come, the voters did speak very loud and clear. And part of the things that they were told is that there are going to be services in a in addition to that it's not just gonna be about going back to what the previous status quo was.",AB 2222,769,1659,False,substantive,,,0,False
279611,1604,6974600,Rhodesia Ransom,Legislator,"And so what better service than to provide people who've had a first offense, a nonviolent offense, an offense that does not include any other crimes, an opportunity to get job training. Now when they come back, if you wanna come and say, hey, they went through that diversion program. They did it again.",AB 2222,769,1659,False,substantive,employment_workforce,job,1,True
279611,1605,6974601,Rhodesia Ransom,Legislator,"I don't really have that much sympathy. But to be able to give people what we said we're gonna give them and what the retailers, the victims are saying that they need, I do think that it is the right side of the equation. And so I wanna thank the author for being thoughtful in all of the concerns that were brought to her. She and I had a very robust conversation because we do need to listen to the voters.",AB 2222,769,1659,False,substantive,,,0,False
279611,1606,6974602,Rhodesia Ransom,Legislator,"We do need to listen to our districts, and we do need to do all that we can do to ensure that we are not giving people the the free pass to victimize our communities.",AB 2222,769,1659,False,unclear,,,0,False
279611,1607,6974603,Rhodesia Ransom,Legislator,"And so I do think that she has worked hard to find the balance. And so with that, I'm gonna respectfully request your aye vote and support this bill.",AB 2222,769,1659,False,substantive,,,0,False
279611,1608,6974604,Robert Rivas,Legislator,"Thank you, Assemblymember Ransom. Assemblymember Bryant, you are recognized.",AB 2222,769,1659,False,procedural,,,0,False
279611,1609,6974605,Isaac Bryan,Legislator,"Thank you, mister speaker and colleagues. Just in listening to this conversation, I read a half dozen stories about mothers stealing diapers here in California and being charged for that. I'm not sure if you're aware how much six months in LA County Jail costs. Right? If you get hit with a prop 36 misdemeanor, you do six months in LA County Jail, that costs $75,000.",AB 2222,769,1659,False,substantive,,,0,False
279611,1610,6974606,Isaac Bryan,Legislator,"You do a year, that's a $150,000. That's a whole lot of Nikes and Playstations, which is wildly offensive, but I'm gonna leave that alone. This bill is smart. It is thoughtful. It's always funny to me that the party of fiscal responsibility will spend an unlimited amount to lock up poor folks and lock up black folks and lock up people who have needs.",AB 2222,769,1659,False,substantive,,,0,False
279611,1611,6974607,Isaac Bryan,Legislator,"They're not just crimes of desperation. They're crimes of struggle, crimes of poverty, crimes of inequality. They are all of these things because of the design failures that have happened in this building. Things like prop 36, which by the way did not pass in Assembly District 55.",AB 2222,769,1659,False,substantive,,,0,False
279611,1612,6974608,Isaac Bryan,Legislator,"I wanna thank the author for her courage to step up and remind us that people are struggling, and judges should have the discretion to decide that struggling people who make mistakes, what that accountability can and should look like, and also be conscious of the impact of broader society at a time when we don't have the resources to lock everybody up who's struggling.",AB 2222,769,1659,False,substantive,civic_effects,accountability,1,True
279611,1613,6974609,Isaac Bryan,Legislator,I also wanna be very clear. We talk about accountability for theft. None of this compares to the hundreds of millions of dollars of insider trading by the president of The United States right now. He didn't even have to ask for diversion. But the struggling mother who stole diapers from a Target?,AB 2222,769,1659,False,substantive,civic_effects,accountability,1,True
279611,1614,6974610,Isaac Bryan,Legislator,"When I ordered that thing,",AB 2222,769,1659,False,unclear,,,0,False
279611,1615,6974611,Reading Clerk,Person,don't worry.,AB 2222,769,1659,False,non_legislator,,,0,False
279611,1616,6974612,Robert Rivas,Legislator,"Excuse me. Somebody actually making a point of order or not? Excuse me. Mister Gallagher, state your point of order?",AB 2222,769,1659,False,unclear,,,0,False
279611,1617,6974613,James Gallagher,Legislator,Yes. The gentleman needs to stick stick to the merits of the bill and tell the truth and not make up things on the spot. Okay.,AB 2222,769,1659,False,unclear,,,0,False
279611,1618,6974614,Robert Rivas,Legislator,"Let me just make sure that everybody understands. Truth is not a transgression of the rules. That would be ruled out of order. Mister Bryan, can you stay with merits of the bill, please?",AB 2222,769,1659,False,unclear,,,0,False
279611,1619,6974615,Isaac Bryan,Legislator,"Absolutely. I also want to declare it's absolutely true that the president of The United States has made a $100,000,000 in office, and it looks like theft. This is a smart bill. This is a thoughtful bill. This is California, and I respectfully ask your aye vote.",AB 2222,769,1659,False,substantive,,,0,False
279611,1620,6974616,Chris Ward,Legislator,"Thank you, mister Bryan. And Senator McKenner, you're recognized.",AB 2222,769,1659,False,procedural,,,0,False
279611,1621,6974617,Tina McKinnor,Legislator,"Mister speaker, I rise today in support of AB 2108. This bill is about smart accountability. It's about making sure our justice system has the tools to address retail theft in a way that actually reduces repeat offenses and approves public safety. AB 2108 creates a structured diversion process for certain nonviolent theft offenses while still requiring prosecutors to carefully review eligibility, criminal history, and whether violence or threats were involved.",AB 2222,769,1659,False,substantive,civic_effects,accountability,1,True
279611,1622,6974618,Tina McKinnor,Legislator,Violent offenders are not focused violent offenders are not the focus of this bill.,AB 2222,769,1659,False,unclear,,,0,False
279611,1623,6974619,Tina McKinnor,Legislator,"Members, we cannot arrest and incarcerate our way out of every challenge. If someone is struggling with substance abuse, mental health issue issues, poverty, or instability, and they're willing to participate in restitution, counseling, education, or rehabilitation, we should want the cycle to stop before it escalates any further. This bill says accountability matters, rehabilitation matters, victims matter, public safety matters. AB 2108 requires court to dismiss charges only only after individuals successfully complete the diversion requirements imposed by the court. And let's be honest, my friends.",AB 2222,769,1659,False,substantive,civic_effects,accountability,1,True
279611,1624,6974620,Tina McKinnor,Legislator,"When someone successfully completes a diversion program, gets treatment, pays restitution, and avoids reoffending, our communities are safer. Businesses are safer. Families are safer. California has already taken strong actions against organized retail theft, smash and grab crimes, and professional theft rings. AB 2108 compliments those efforts by focusing on prevention and reducing recidivism before low level offenses become lifelong criminal patterns.",AB 2222,769,1659,False,substantive,,,0,False
279611,1625,6974621,Tina McKinnor,Legislator,"Members, smart justice is not soft justice. Smart justice is effective justice. AB 2108 creates pathways to responsibility, restoration, and rehabilitation while preserving accountability and public safety. My district, A D 61, did not vote for prop 36. So I'm I'm I'm legislating as per my district.",AB 2222,769,1659,False,substantive,civic_effects,accountability,1,True
279611,1626,6974622,Tina McKinnor,Legislator,"And with that, I respectfully ask for your aye vote.",AB 2222,769,1659,False,unclear,,,0,False
279611,1627,6974623,Chris Ward,Legislator,"Thank you, miss McKenna. Assembly member, Kalra, you're recognized.",AB 2222,769,1659,False,procedural,,,0,False
279611,1628,6974624,Ash Kalra,Legislator,"Thank you, mister speaker. And I think it's once again an opportunity for us to focus on fact over fear. And it really doesn't matter how your county voted on prop 36 because this in no way undermines prop 36. If you actually look at the concerns of the opposition that states the bill attempts to preserve prop 36, It doesn't attempt to preserve it. It actually does preserve prop 36 by excluding individuals charged pursuant to section six six six point one.",AB 2222,769,1659,False,substantive,information_effects,fact,1,True
279611,1629,6974625,Ash Kalra,Legislator,"That is the repeat offender section under Prop 36. So it literally, in the text, excludes folks charged under Prop 36. And opposition says, well, that those exemptions are actually illusory because it depends on if they're charged with it or not. Well, yeah, that's up to the DA. The DA has a discretion to charge under Prop 36.",AB 2222,769,1659,False,substantive,,,0,False
279611,1630,6974626,Ash Kalra,Legislator,"And so if they decide to, they do. If they don't, they don't. But that is the that is the power that's been given to DAs under Prop 36, not to judges. Judges do not decide if someone is charged pursuant to section six six six point one.",AB 2222,769,1659,False,unclear,,,0,False
279611,1631,6974627,Ash Kalra,Legislator,"And so, ultimately, if you actually look at the text of the bill, it gives an opportunity for someone that has a a single offensive theft to have a diversion program, to get training, to get counseling, whatever it is that the judge determines will be appropriate for them.",AB 2222,769,1659,False,substantive,,,0,False
279611,1632,6974628,Ash Kalra,Legislator,"And so if we actually care about reducing retail theft, we would want those first time offenders to get the help they need, whatever that looks like. I live in Santa Clara County, one of the safest large counties in the nation. I live in San Jose for over twenty years, one of the safest large cities in the nation.",AB 2222,769,1659,False,substantive,,,0,False
279611,1633,6974629,Ash Kalra,Legislator,"Our district attorney strongly opposed prop 36, and our district attorney has busted numerous retail theft rings using the legislation we passed on the floor that was a package of retail theft legislation, not using or not needing to use prop 36. And so this is not about retail theft rings.",AB 2222,769,1659,False,substantive,,,0,False
279611,1634,6974630,Ash Kalra,Legislator,"This is not about well, it shouldn't be about fear mongering. This is about the fact that when you have someone, most of whom are young, that are first time offenders, what is the best thing to do in that moment in time under the discretion of court of the courts? The best thing to do is ensure they never commit that crime again, And you don't do that by throwing them in jail and and slapping a misdemeanor on them.",AB 2222,769,1659,False,substantive,information_effects,fact,1,True
279611,1635,6974631,Ash Kalra,Legislator,You do that by ensuring they have the support they need so that they never do that again. That's the idea behind diversion.,AB 2222,769,1659,False,unclear,,,0,False
279611,1636,6974632,Ash Kalra,Legislator,"And so I urge folks not to fall for the fear mongering, to focus on the facts of what this bill does, and vote yes on AB 2108.",AB 2222,769,1659,False,substantive,information_effects,facts,1,True
279611,1637,6974633,Robert Rivas,Legislator,"Summit member Schultz, you are recognized.",AB 2222,769,1659,False,unclear,,,0,False
279611,1638,6974634,Nick Schultz,Legislator,"Well, thank you, mister speaker and colleagues. I really wasn't planning to speak. I know we all say that, but I really wasn't. There are a couple points I'd like to make. Obviously, I'm speaking in support of AB 2108, and I'm asking everyone to vote aye for it.",AB 2222,769,1659,False,substantive,,,0,False
279611,1639,6974635,Nick Schultz,Legislator,"To my colleague from San Diego, not the author, but my other colleague from San Diego, I I would just reiterate that crime always has been and continues to be illegal in California. Always has been. We can have a fair debate about enforcement tools and the consequences that carry, but, you know, crime is crime. The other thing I would say is we often talk about prop 36, and it's not a proper framing of the conversation.",AB 2222,769,1659,False,substantive,,,0,False
279611,1640,6974636,Nick Schultz,Legislator,"Certainly, one can make the argument that there were enhanced penalties that were contemplated in prop 36, but I think my colleagues on the other side of the aisle would even agree that prop 36 also included alternatives to incarceration.",AB 2222,769,1659,False,unclear,,,0,False
279611,1641,6974637,Nick Schultz,Legislator,"And we can certainly talk about a lack of adequate funding there, but let's be very, very clear, prop 36 isn't isn't some monolithic issue. It's a bit more nuanced than that. Now why am I rising in support of this bill? Well, when I hear some of my colleagues say that, diversion is a get out of jail free card, I'm not gonna disparage you. I'm just gonna say to me that speaks as if you don't have an actual understanding of how diversion really operates.",AB 2222,769,1659,False,substantive,,,0,False
279611,1642,6974638,Nick Schultz,Legislator,Maybe you haven't interfaced with it personally. Maybe you haven't seen it in a professional setting. It is not a get out of jail free card. Let's be extraordinarily clear about that. You have a number of terms and conditions that you must meet to hopefully earn the erasure of your criminal conviction.,AB 2222,769,1659,False,substantive,,,0,False
279611,1643,6974639,Nick Schultz,Legislator,"But the last thing I'll say, and I think the most important thing is this. If there is any point of common ground on this floor, I think it's that we all wanna live in safe communities. I I have yet to meet the Californian that doesn't wanna live in a safe community, and we can certainly disagree on how best to get there. But if we think we can simply lock away the problem and that's gonna work every time, that's misguided and it's not going to work.",AB 2222,769,1659,False,substantive,,,0,False
279611,1644,6974640,Nick Schultz,Legislator,"Tools like this, giving the courts the discretion to grant this tool, can improve public safety because is the goal and I think this is a fundamental question we all have to ask ourselves.",AB 2222,769,1659,False,unclear,,,0,False
279611,1645,6974641,Nick Schultz,Legislator,"Is the goal to send a med send a message and look tough on crime, or is it to actually solve the root cause of the behavior that is leading to criminal activity? I'm not saying diversion's appropriate in every instance, but it is a tool that should be available to the courts. And for that reason, I strongly support it and encourage an aye vote on this measure. Thank you.",AB 2222,769,1659,False,substantive,,,0,False
279611,1646,6974642,Robert Rivas,Legislator,"Thank you, Assemblymember Schulz. Assemblymember Gallagher, you are recognized.",AB 2222,769,1659,False,procedural,,,0,False
279611,1647,6974643,James Gallagher,Legislator,"I'll try to be brief. I wasn't planning to talk either, but I just, you know, hear things that are interesting. First of all, Prop 36 already does provide alternatives. You know, I think as a gentleman brought up, it brings back the ability to have drug court. So if if drugs are behind the criminal activity, we can actually then people can go into drug treatment.",AB 2222,769,1659,False,substantive,,,0,False
279611,1648,6974644,James Gallagher,Legislator,"Of course, that has to get funded, and you guys keep not funding it under Prop 36. So and it also, as as I recall, it Prop 36 dealt with serial theft. So it's not the first offense that you get hit with a felony, it's when you've done it multiple times. And so because we said, hey, after hey, after doing it the third time, yeah, you know, you need to have some consequences for stealing. Right?",AB 2222,769,1659,False,substantive,,,0,False
279611,1649,6974645,James Gallagher,Legislator,So that that's what Prop 36 did. And the gentleman from San Jose is completely disingenuous because he knows that he conspired with the governor to try and keep people from even voting on Prop 36. They didn't even want the people to vote. Yes. Mister democracy over there was trying to deprive people of the ability to vote on Prop 36.,AB 2222,769,1659,False,substantive,civic_effects,democracy,1,True
279611,1650,6974646,James Gallagher,Legislator,"Good thing for us, they did actually get to vote. Democracy had its way and it passes over 70% of the vote. But I do think it's interesting some of these arguments being made on the floor, and I think I'm gonna make them myself. You know, my my constituents didn't vote for prop 50. So I guess we don't have to follow it.",AB 2222,769,1659,False,substantive,civic_effects,Democracy,1,True
279611,1651,6974647,Robert Rivas,Legislator,"Right? I mean, since you guys they didn't Excuse me, mister Gallagher. Mister Gallagher. Okay. Folks, we are almost done tonight.",AB 2222,769,1659,False,unclear,,,0,False
279611,1652,6974648,Robert Rivas,Legislator,"Assembly member Brian, you are recognized for your point of order.",AB 2222,769,1659,False,unclear,,,0,False
279611,1653,6974649,Isaac Bryan,Legislator,"I ask that the member from Nicholas, keep to the merits of the bill. And while I don't believe he's lying because that's not a transgression of the rules and Excuse me, mister Brian. Your point is well taken.",AB 2222,769,1659,False,unclear,,,0,False
279611,1654,6974650,Robert Rivas,Legislator,"Brian. Your point is well taken. Mister Gallagher, let's wrap up. Thank you, sir. State of the merits of the bill.",AB 2222,769,1659,False,procedural,,,0,False
279611,1655,6974651,James Gallagher,Legislator,I'm glad to hear that we just don't have to follow the rules if our districts didn't vote for them. That's a good I like that policy. I'll I'll go along with that too.,AB 2222,769,1659,False,unclear,,,0,False
279611,1656,6974652,Robert Rivas,Legislator,"Thank you, Assemblymember Gallagher. Seeing and hearing no further debate, doctor Sharp Collins, do you wish to close?",AB 2222,769,1659,False,procedural,,,0,False
279611,1657,6974653,Lashae Sharp-Collins,Legislator,"Yes. I do. Oh, boy. Thank you. Thanks to everyone for standing up and speaking today in regards to this bill.",AB 2222,769,1659,False,procedural,,,0,False
279611,1658,6974654,Lashae Sharp-Collins,Legislator,I do appreciate the robust conversation. I'm doing my best not to respond to a couple of things because I'm a just give you that. But let me make something clear.,AB 2222,769,1659,False,unclear,,,0,False
279611,1659,6974655,Lashae Sharp-Collins,Legislator,"When we talk about first of all, this bill people who are in need, where and when and then we're talking about whether you have an understanding of what it's like to suffer, whether you have an understanding of knowing what it what it feels like to have to decide whether you're gonna eat today, whether you're gonna go to work. And and if you wanna keep echoing everything for what you think or saying that, yes, you do, thank you because now you are validating my point.",AB 2222,769,1659,False,substantive,,,0,False
279661,288,10331723,Committee Secretary,,The motion is do passed to the committee on appropriations. [Roll Call] 2-0.,AB 2222,288,691,False,non_legislator,,,0,False
279661,289,10331727,Mike Gipson,Legislator,Thank you. Thank you.,AB 2222,288,691,False,procedural,,,0,False
279661,290,10331728,Jerry McNerney,Legislator,"Please sit down and make your case. Thank you, Mr. Chair.",AB 2222,288,691,False,procedural,,,0,False
279661,291,10331729,Chris Ward,Legislator,"It's the most important thing of the morning. I'd like to begin with AB 2222, if that's okay?",AB 2222,288,691,True,unclear,bill_reference,AB 2222,1,True
279661,292,10331731,Chris Ward,Legislator,"Great. Alright. Well, thank you again, Mister Chair and members. I also want to thank the committee and staff for working with my office in crafting this bill. I will, of course, be accepting the committee amendments.",AB 2222,288,691,False,procedural,employment_workforce,staff,1,True
279661,293,10331732,Chris Ward,Legislator,"So today, local journalism is under attack from every direction. Newsrooms across California are shrinking, reporters are being laid off, community newspapers are closing, and trusted local voices are disappearing. At the same time, we are witnessing increasing political attacks on a free and independent press with efforts to undermine journalists, discredit credible reporting, and weaken the institutions that hold power accountable. When a newsroom closes, communities lose more than just headlines. They lose watchdogs, transparency, and access to reliable local information.",AB 2222,288,691,False,substantive,local_news;journalists_reporters;news_organizations;news_decline;information_effects,"local journalism; journalists; reporters; Newsrooms; newsroom; newspapers; shrinking, reporters are being laid off, community newspapers are closing, and trusted local voices are disappearing. At the same time, we are witnessing increasing political attacks on a free and independent press with efforts to undermine journalists, discredit credible reporting, and weaken the institutions that hold power accountable. When a newsroom; shrinking, reporters are being laid off, community newspapers; newspapers are closing; Newsrooms across California are shrinking, reporters are being laid off, community newspapers are closing; reporters are being laid off; local information",5,True
279661,294,10331733,Chris Ward,Legislator,"Local journal - excuse me, local journalists are often the only people attending city council meetings, school board meetings, and covering the issue, issues that directly affect Californians. So, AB 2222 is about investing in that public good. The bill establishes a targeted temporary tax credit to help local news organizations retain existing journalists, hire new reporters, and expand local coverage across California.",AB 2222,288,691,True,substantive,bill_reference;local_news;journalists_reporters;news_organizations;employment_workforce;tax_credit,AB 2222; local news; local journalists; journalists; reporters; news organizations; hire; retain; tax credit; credit,6,True
279661,295,10331734,Chris Ward,Legislator,"The latest amendments further strengthen the measure by expanding support to part time journalists, recognizing sole proprietors who operate local news outlets, and ensure that the credit reaches a broad range of local print, digital broadcast, and non profit news organizations that serve California communities.",AB 2222,288,691,False,substantive,local_news;journalists_reporters;news_organizations;tax_credit,local news; journalists; news organizations; news outlets; credit,4,True
279661,296,10331735,Chris Ward,Legislator,"The bill also includes a strong accountability measure. Eligible organizations must publicly disclose ownership of governance, maintain correct... maintain corrections policies, carry media liability insurance, and cannot be controlled by political organizations or 501 c4 advocacy groups. These safeguards ensure that taxpayer dollars support independent community focused journalism, not political propaganda. At a time when misinformation is spreading and trusted local news is disappearing, California has an opportunity to invest in one of the cornerstones of our democracy.",AB 2222,288,691,False,substantive,local_news;civic_effects;information_effects;editorial_independence,local news; accountability; democracy; misinformation; ownership,4,True
279661,297,10331736,Chris Ward,Legislator,"With me to speak in support of the Community News Act, we have Jeff Knox, from, TTWN in San Francisco representing SAG-AFTRA and former Senator Steve Glazer.",AB 2222,288,691,True,substantive,bill_reference;local_news,Community News Act; Community News,2,True
279661,298,10331737,Jeffery Knox,Person,"Thank you, Mister Chair and members, for the opportunity to speak today. My name is Jeff Knox. I'm a member of SAG-AFTRA's NorCal Local Board. I'm here on behalf of my union's a 160,000 members, many of whom are broadcasters like myself and who know firsthand the importance of quality journalism to a healthy society. Right now, situation is dire.",AB 2222,288,691,False,non_legislator,,,0,False
279661,299,10331738,Jeffery Knox,Person,"Last year, Congress eliminated over a billion dollars in funding for the corporation for public broadcasting, decimating available grants for local PBS and NPR affiliates. These cuts have prompted severe job losses at stations across the country, leaving many outlets, including those in California, scrambling for alternative funding. Broadcasters chose this business because we want to serve our community. We understand the importance of unbiased access to information.",AB 2222,288,691,False,non_legislator,employment_workforce,job,1,True
279661,300,10331739,Jeffery Knox,Person,"And sadly, the corporate dominated media space is becoming increasingly hostile to local journalists and our ability to keep our communities informed and our livelihood sustained.",AB 2222,288,691,False,non_legislator,local_news;journalists_reporters,local journalists; journalists,2,True
279661,301,10331740,Jeffery Knox,Person,Complicating things further is the harm wrought by AI technology and its ability to churn out unreliable and polarizing slop that diverts traffic away from the work of real journalists. Lawmakers need to step in and make the policy changes necessary to ensure continued access to the journalism that keeps our democracy thriving. Assemblymember Ward's AB 2222 is urgently needed. It makes funding available to incentivize the hiring of professional journalists.,AB 2222,288,691,True,non_legislator,bill_reference;journalists_reporters;civic_effects;employment_workforce,AB 2222; journalists; democracy; hiring,4,True
279661,302,10331741,Jeffery Knox,Person,It's a game changing plan that's all about giving the power of information back to the people.,AB 2222,288,691,False,non_legislator,,,0,False
279661,303,10331742,Jeffery Knox,Person,"A $20,000 job retention credit to those who hire journalists is about keeping Californians armed with access to human-made news coverage. This is about preserving the economic viability for outlets of all sizes and preserving Californians' intellectual viability. This is about our freedom and our future. Thank you very much.",AB 2222,288,691,False,non_legislator,journalists_reporters;employment_workforce;tax_credit,journalists; hire; retention; job; credit,3,True
279661,304,10331743,Steven Glazer,Person,"Thank you, Chair McNerney. What a treat to be back here in the capital. A different seat, but a joy and a pleasure to be here. I'm here on behalf of Rebuild Local News. It's a national, nonpartisan, nonprofit coalition developing and advancing effective public policies designed to strengthen community news and information.",AB 2222,288,691,False,non_legislator,local_news;nonprofit_small_outlets,Local News; community news; nonprofit,2,True
279661,305,10331744,Steven Glazer,Person,"You know, because I sat in the seats that you're in today, I know that part of really trying to do your job well is to have access to information, to know what's happening in your community, and you do that with your own outreach, with your own staff. But a key part of that is the storytelling that you hear from local news about what's happening, whether it's about health care issues or safety or schools or the environment or immigration.",AB 2222,288,691,False,non_legislator,local_news;employment_workforce,local news; job; staff,2,True
279661,306,10331745,Steven Glazer,Person,"It's the storytelling that gives you the information that allows you to try to solve problems, try to make your communities a better place. And it has been said, independent news is in crisis. More than a third of outlets have closed in the last two decades.",AB 2222,288,691,False,non_legislator,news_organizations;nonprofit_small_outlets,independent news; independent news is in crisis. More than a third of outlets,2,True
279661,307,10331746,Steven Glazer,Person,"More than two-thirds of journalists have lost their jobs. And a key question that this bill tries to address is that what's the role of government in a place in which news wants to have a separation, a distance because they over they they they report on what what you and we do. But but this bill, Assembly bill 2222, does exactly the does it in exactly the right way through a tax credit.",AB 2222,288,691,False,non_legislator,journalists_reporters;employment_workforce;tax_credit,journalists; jobs; tax credit; credit,3,True
279661,308,10331747,Steven Glazer,Person,"Just as you provided a tax credit for Hollywood, you don't decide what movies get made or shows get made. This bill is done in a way that's that's, ownership neutral, platform neutral, content neutral.",AB 2222,288,691,False,non_legislator,tax_credit;editorial_independence,tax credit; credit; content; ownership,2,True
279661,309,10331748,Steven Glazer,Person,"Some of you have heard me say that, you know, there is more than 2,000 registered lobbyists here in Sacramento, but few of them have democracy on their client list. Measures like this don't have the power players that typically occupy a room like this. But we know that independent news gathering and reporting is the infrastructure of a democracy. Community news equips you, the people's representative, to do your best work.",AB 2222,288,691,False,non_legislator,local_news;news_organizations;civic_effects,Community news; independent news; democracy,3,True
279661,310,10331749,Steven Glazer,Person,"And with that, I urge a yes vote on Assembly bill 2222 and thank our wonderful champion author, Assemblymember Gibson. Gibson Ward. Excuse me.",AB 2222,288,691,False,non_legislator,,,0,False
279661,311,10331752,Jerry McNerney,Legislator,I think the witnesses have some comments about that later. Are there any members of the public that wish to offer their support? Thank you. Are there any lead witnesses in opposition? Seeing none. Are there any members of the public that wish to voice their opposition?,AB 2222,288,691,False,substantive,,,0,False
279661,312,10331753,Jerry McNerney,Legislator,"Seeing none. I will turn to members of the committee for comments. Senator Grayson, you're recognized?",AB 2222,288,691,False,unclear,,,0,False
279661,313,10331754,Timothy Grayson,Legislator,"Mister Chair, thank you very much. And to Assemblymember Ward, one of the greatest compliments I ever had in this building was when I was called Assemblymember Ward. Yes. So, having said that, just a clarification on a qualified journalist.",AB 2222,288,691,False,procedural,journalists_reporters,journalist,1,True
279661,314,10331755,Timothy Grayson,Legislator,"If I understand it correctly, according to the bill analysis, the qualified journalist would be one that is working for a - that is a network or a news agency?",AB 2222,288,691,False,substantive,journalists_reporters,journalist,1,True
279661,315,10331756,Chris Ward,Legislator,"I believe so too. I know that we're taking a clarifying amendment, of course, to point out that a qualified journalist would reside in the state, would be a resident of the state.",AB 2222,288,691,False,substantive,journalists_reporters,journalist,1,True
279661,316,10331757,Timothy Grayson,Legislator,Right. I think it's on page four of the of the analysis. I'm just clarifying just to double check and make sure from you as the author that that is -,AB 2222,288,691,False,unclear,,,0,False
279661,317,10331758,Chris Ward,Legislator,That is the intent of that.,AB 2222,288,691,False,unclear,,,0,False
279661,318,10331759,Timothy Grayson,Legislator,That is the intent.,AB 2222,288,691,False,unclear,,,0,False
279661,319,10331760,Chris Ward,Legislator,We'll double check on that and if that that is confusing. That's a part-time journalist for qualifying part time. Does it have a minimum number of hours?,AB 2222,288,691,False,substantive,journalists_reporters,journalist,1,True
279661,320,10331761,Timothy Grayson,Legislator,Okay. Mid page. Just check on it for me.,AB 2222,288,691,False,unclear,,,0,False
279661,321,10331762,Chris Ward,Legislator,We will check on that.,AB 2222,288,691,False,unclear,,,0,False
279661,322,10331763,Timothy Grayson,Legislator,"It's important for me because you just I think you used the, one of the witnesses here, used the word multiple times: quality. And that's what I know you aspire for, and that's quality journalism. And so that's important to me to make sure that we're getting the right information, and exactly what you're trying to accomplish, and making sure that the biases are not in there. They're literally laying out the truth, and accurate information. I also wanna just thank my predecessor, for his great work on this.",AB 2222,288,691,False,substantive,information_effects,accurate information,1,True
279661,323,10331764,Timothy Grayson,Legislator,"This is a passion of his, which excites me and makes me wanna vote for it. Alright. So, with that, I will be supportive of the bill and my predecessor as well. Thank you, Assemblymember, for your good work.",AB 2222,288,691,False,procedural,,,0,False
279661,324,10331765,Chris Ward,Legislator,"Thanks, Senator.",AB 2222,288,691,False,unclear,,,0,False
279661,325,10331766,Jerry McNerney,Legislator,"Well, okay. I think the, the author, maybe somebody will have the honor of being called the Assemblymember Ward.",AB 2222,288,691,False,unclear,,,0,False
279661,326,10331767,Chris Ward,Legislator,We'll work on it.,AB 2222,288,691,False,unclear,,,0,False
279661,327,10331768,Jerry McNerney,Legislator,"And I wanna thank my predecessor here as Chair, past Chair of the Revenue and Tax Committee, for your dedication to this issue. This is important. In my district, there's a big desert of journalistic independence and it's it's had an effect. There's sort of sloppy issues coming forward and not altogether truthful or verifiable and it's it's been harmful to our to our community. So, I appreciate this.",AB 2222,288,691,False,substantive,editorial_independence,independence,1,True
279661,328,10331769,Jerry McNerney,Legislator,"And it's clear that, journalism isn't in decline. A lot of reasons beside behind this, I think, automation and, artificial intelligence are are gonna be making it even more difficult. So, we need to take whatever steps we can. And I wanna just put for the record, Assemblymember, are you accepting the committee amendments? Yes.",AB 2222,288,691,False,substantive,,,0,False
279661,329,10331770,Jerry McNerney,Legislator,"Thank you. Okay. I will be supporting the bill. Do I have a motion? Oh, Assemblymember, would you like to close before I call for a motion?",AB 2222,288,691,False,procedural,,,0,False
279661,330,10331771,Chris Ward,Legislator,"I would just say, again, thank you for your time and consideration and all the hard work on this bill. Ultimately, this is both a jobs bill and a democracy bill. We are witnessing in real time the closure of stations that serve broad regions of our state with that trusted local news.",AB 2222,288,691,False,substantive,local_news;civic_effects;employment_workforce,local news; democracy; jobs,3,True
279661,331,10331772,Chris Ward,Legislator,"Others just up and down the state are struggling to meet their budgets, and so we know this will go a long way to help level some of the financial challenges that we're having right now, keep them afloat while we weather some of the, you know, macro and external forces that are coming at them from, you know, definitely outside of the state.",AB 2222,288,691,False,substantive,,,0,False
279661,332,10331773,Chris Ward,Legislator,"We wanna make sure that all that we grew up and enjoyed with and the the reliability that we have in these stations, not just for, of course, for, local, programming, but also, I think, enjoyment and entertainment and family and kids.",AB 2222,288,691,False,unclear,,,0,False
279661,333,10331774,Chris Ward,Legislator,"There's just a multitude of benefit that's here that I think, makes it worthy of this public investment of this tax credit. When the time is appropriate, I respectfully request your high vote. Thank you.",AB 2222,288,691,False,procedural,tax_credit,tax credit; credit,1,True
279661,334,10331775,Jerry McNerney,Legislator,Did I get a motion?,AB 2222,288,691,False,unclear,,,0,False
279661,335,10331777,Jerry McNerney,Legislator,A motion from Senator. Would you please call the the roll?,AB 2222,288,691,False,unclear,,,0,False
279661,336,10331778,Committee Secretary,,Motion is do passed as amended to the Committee on Appropriation. [Roll Call].,AB 2222,288,691,False,non_legislator,,,0,False
279661,337,10331781,Chris Ward,Legislator,"Yes, I would. And this will be brief. I wanna again wish you a good morning, Mister Chair and members. I wanna thank you for the opportunity to present AB 1723. This is, tongue in cheek, known as the California Common CENTS Act, C-E-N-T-S.",AB 2222,288,691,False,procedural,,,0,False
279661,338,10331782,Chris Ward,Legislator,"AB 1793 would legalize the symmetrical rounding of cash transactions to the nearest nickel. You all probably know well, in 2025, the US Mint was ordered to cease production of the penny, a coin which was first minted in the year 1793. Already, California businesses are experiencing penny shortages that's leading to a lot of confusion and inconsistency at the cash register. So we're following the same model. We have to update our codes, that was successfully used in Canada since 2013 when they discontinued the Canadian Penny.",AB 2222,288,691,False,substantive,,,0,False
279661,339,10331783,Chris Ward,Legislator,"Several US states have enacted policies already of symmetrical rounding up or down to the nearest 5¢ increment. Symmetrical rounding will only be applied to the total transaction price after the application of taxes and fees. Electronic or credit card transactions will be unaffected. In the absence of clear federal guidance, the bill facilitates a smooth and transparent transition for consumers and businesses alike. I wanna wanna thank the committee for your thoughtful engagement.",AB 2222,288,691,False,substantive,tax_credit,credit,1,True
279661,340,10331784,Chris Ward,Legislator,"I know there are a number of committee members to be able to help to get the technical details right, as particularly that removes the state treasurer from the bill and allows CDTFA, to, promulgate regulations that, that such that rounding adjustments will be disregarded for the purposes of computing taxes and fees. With that, I welcome any questions you have and respectfully request your aye vote. There are no witnesses in support.",AB 2222,288,691,False,substantive,,,0,False
279661,341,10331785,Jerry McNerney,Legislator,"I thank the, author. Are there any members of the public that wish to, voice their support for this measure? Please approach your microphone, state your name and affiliation.",AB 2222,288,691,False,substantive,,,0,False
279661,342,10331786,Unidentified Speaker,,"Thank you, Mister Chair. On behalf of California Fuels Convenience Alliance. Respectfully and support.",AB 2222,288,691,False,non_legislator,,,0,False
279661,343,10331787,Jerry McNerney,Legislator,Thank you. Any other members of the public? Okay. Are there any lead witnesses in opposition? I see at least one.,AB 2222,288,691,False,procedural,,,0,False
279661,344,10331788,Jerry McNerney,Legislator,Please present your case.,AB 2222,288,691,False,unclear,,,0,False
279661,345,10331789,David Bullock,Person,"Let me just set a timer so I don't go over. Good morning, honorable Chair McNerney and Senator Grayson. My name is David Bullock of the SFV Alliance. While this while the Assembly member states that this shall allow for the rounding off, it actually makes it mandatory. So if I want to pay the real price or if a merchant wants to charge me the real price, they have no choice in the matter.",AB 2222,288,691,False,non_legislator,,,0,False
279661,346,10331790,David Bullock,Person,"They have to round it up if this bill comes into play. So far, I understand why the author is considering this bill because our president, a billionaire, decided that the penny is not valuable and decided that it's better that we do not have a divisible money supply. We disagree. We understand the reason why is because of the cost of striking the penny is over $50,000,000 a year a loss to the Treasury.",AB 2222,288,691,False,non_legislator,,,0,False
279661,347,10331791,David Bullock,Person,"But if this goes through, the losses to the indigent and poor people of California will be up to $5,600,000 a year.",AB 2222,288,691,False,non_legislator,,,0,False
279661,348,10331792,David Bullock,Person,"Doesn't sound like much in comparison. It's only 10%, but it will matter to those who every penny counts and those who want to use cash and those who also want to maintain an honest ledger, who want to make sure that what every penny matters, if they're on the margins of margins of cost for profits, this will affect them very negatively if more of those transactions go to the negative and they have to round it off.",AB 2222,288,691,False,non_legislator,,,0,False
279661,349,10331793,David Bullock,Person,"I wanna also say that in 2029, we will have a new president, which will be very joyful to many of you, I understand. But that new president may understand the value of the divisible money supply and may start striking pennies again. So we do not think it's honest.",AB 2222,288,691,False,non_legislator,,,0,False
279661,350,10331794,David Bullock,Person,"I really don't wanna go to a cashless society and I know this bill doesn't do this, but it is pointing us in that way by removing one form of divisible money. So with that, we ask you to vote no. Thank you.",AB 2222,288,691,False,non_legislator,,,0,False
279661,351,10331795,Jerry McNerney,Legislator,"Thank you. Are there any members of the public that wish to voice opposition to this measure? Seeing none, I will see if members of the committee have comments. Seeing none. Well, I wanna thank the the member for your presentation.",AB 2222,288,691,False,procedural,,,0,False
279661,352,10331796,Jerry McNerney,Legislator,"It used to be that you'd say, can I have a penny? I'll give you a penny for your thoughts, but now it would be more like a nickel. But even that doesn't seem like much. Penny production does seem to be ending, and I don't think that's gonna be overturned, which means the state law has to make an adjustment. This bill clarifies how the rounding based cash based transaction takes place.",AB 2222,288,691,False,substantive,,,0,False
279661,353,10331797,Jerry McNerney,Legislator,"It's basically, we'll just clarify the process, and I wanna make sure for the, committee record, is the, is the author accepting the committee amendments?",AB 2222,288,691,False,unclear,,,0,False
279661,354,10331798,Chris Ward,Legislator,Yes. There's a number there. I was accepting them all. Thank you.,AB 2222,288,691,False,procedural,,,0,False
279661,355,10331800,Jerry McNerney,Legislator,"Alright. I will be supporting your bill today. Assemblymember, would you like to close?",AB 2222,288,691,False,unclear,,,0,False
279661,356,10331801,Chris Ward,Legislator,"I appreciate your consideration. You know, at one point, we had a half penny. At one point, we had a penny. I think, you know, the value of the penny, of course, has decreased over time. Even if somebody did decide that they wanted to order them into start to reproduce it, it cost more than 4¢, for a 1¢, valuation.",AB 2222,288,691,False,substantive,,,0,False
279661,357,10331802,Chris Ward,Legislator,"So it would not make sense, to be able to come back. And of course, this bill would not implement until 07/01/2027, I think, with the committee's amendments as well. So I know it'll help merchants and customers alike because everything is gonna wash out over time. You, of course, can still use your pennies. They are legal tender.",AB 2222,288,691,False,substantive,,,0,False
279661,358,10331803,Chris Ward,Legislator,"We just know that over time and over totality, I think, all the currency out there will continue to, decline, in stock, and so we wanna be able to respond to that and update our codes. With that, I respectfully request your aye vote. Thank you.",AB 2222,288,691,False,procedural,,,0,False
279661,359,10331804,Jerry McNerney,Legislator,Do we have a motion?,AB 2222,288,691,False,unclear,,,0,False
279661,360,10331806,Timothy Grayson,Legislator,So moved.,AB 2222,288,691,False,unclear,,,0,False
279661,361,10331807,Jerry McNerney,Legislator,Moved by Senator Grayson. Please call the roll.,AB 2222,288,691,False,unclear,,,0,False
279661,362,10331808,Committee Secretary,,Motion is do pass as amended to the committee on appropriation. [Roll Call]. 2-0?,AB 2222,288,691,False,non_legislator,,,0,False
279661,363,10331812,Jerry McNerney,Legislator,2-0.,AB 2222,288,691,False,unclear,,,0,False
279661,364,10331813,Chris Ward,Legislator,Thank you. Thank you.,AB 2222,288,691,False,procedural,,,0,False
279661,365,10331815,Jerry McNerney,Legislator,"Now, can we move forward? Is there one more?",AB 2222,288,691,False,unclear,,,0,False
279661,366,10331816,Chris Ward,Legislator,"Yes. One more, hopefully, brief one, and we're shifting over to affordable housing, with AB 2089. I wanna thank you for the opportunity to be able to present this bill and for a lot of the staff's thoughtful engagement. AB 2089 supports affordable housing access by promoting an efficient annual filing process for the Property Tax Welfare Exemption.",AB 2222,288,691,False,substantive,employment_workforce,staff,1,True
279661,367,10331817,Chris Ward,Legislator,"The welfare exemption improves project feasibility for eligible affordable housing developers, supporting long term affordability and financial stability for low income Californians. Now after the initial welfare exemption is granted for a given property, the annual filing process includes a time intensive process of collecting tenant signatures to recertify their income.",AB 2222,288,691,False,substantive,,,0,False
279661,368,10331818,Chris Ward,Legislator,"By requiring all, by requiring that all necessary forms are released by November 15 each year, the bill would ensure adequate time to complete recertification before the February 15 deadline. To modernize the filing process and reduce administrative strain, this bill would authorize the county assessor to collect verified electronic signatures. And as a witness in support, I have Tiyesha Watts from the California Housing Partnership.",AB 2222,288,691,False,substantive,,,0,False
279661,369,10331819,Tiyesha Watts,Person,"Good morning, Chair and Members. My name is Tiyesha Watts with the California Housing Partnership. The partnership is a private nonprofit created by the legislature and the governor in 1988 with the mission of increasing the supply of affordable and sustainable homes through technical assistance and policy leadership. We are proud to co-sponsor AB 2089 alongside our partners at Enterprise and the California Coalition for Affordable Housing.",AB 2222,288,691,False,non_legislator,nonprofit_small_outlets,nonprofit,1,True
279661,370,10331821,Tiyesha Watts,Person,"This bill makes three targeted common sense fixes to the welfare exemption that together protect affordable housing, reduce administrative burden, and preserve housing stability for working families across California. First, the bill extends a critical but expiring protection for non profit affordable housing developments that receive low income housing tax credits.",AB 2222,288,691,False,non_legislator,,,0,False
279661,371,10331822,Tiyesha Watts,Person,"Under current law, if long term tenants and income rises modestly above the lower income threshold, up to a 140% of the area of medium income, their unit can still count toward the property's welfare exemption. Without this provision, that protection expires after the 2027-2028 fiscal year.",AB 2222,288,691,False,non_legislator,,,0,False
279661,372,10331823,Tiyesha Watts,Person,"AB 2089 extends it one year to get the legislature and affordable housing advocates time to pursue a comprehensive unified solution. This matters because without the extension, non profit developers could face a sudden loss of their property exemption on units occupied by stable, rent paying long term tenants whose incomes rose only modestly.",AB 2222,288,691,False,non_legislator,,,0,False
279661,373,10331824,Tiyesha Watts,Person,"Their practical result would be would be financial pressure on non profits to evict those tenants, the very outcome affordable housing is designed to prevent. Second, the bill modernizes an outdated administrative requirement by allowing county assessors to accept electronic signatures on welfare exemption forms, including annual tenant income verification.",AB 2222,288,691,False,non_legislator,,,0,False
279661,374,10331826,Tiyesha Watts,Person,"Today, many counties still require physical ink signatures, creating unnecessary delays and administrative costs for nonprofit housing developers managing hundreds of units. This is a simple overdue fix. Third, the bill requires counties to release annual tenant income recertification forms by November 15 each year.",AB 2222,288,691,False,non_legislator,nonprofit_small_outlets,nonprofit,1,True
279661,375,10331827,Tiyesha Watts,Person,"Currently, there is no deadline, and late releases leave housing providers scrambling to meet compliance deadlines through no fault of their own. This fix protects both housing providers and counties. Taken together, these three provisions protect housing stability, reduce bureaucratic burden, and keep California's welfare exemption working as the legislature intended. Thank you, and I am happy to answer any questions.",AB 2222,288,691,False,non_legislator,,,0,False
279661,376,10331828,Jerry McNerney,Legislator,Thank the witness and the author. Are there any lead witnesses in opposition? I'm sorry. In support. Are there any members of the public wishing to offer their support?,AB 2222,288,691,False,unclear,,,0,False
279661,377,10331830,Graciela Castillo-Krings,Person,Good morning. Graciela Castillo-Krings here on behalf of the California Housing Consortium and Enterprise Community Partners. Thank you so much for carrying the bill.,AB 2222,288,691,False,non_legislator,,,0,False
279661,378,10331831,Purva Bhattacharjee,Person,Purva Bhattacharjee with Housing California in support.,AB 2222,288,691,False,non_legislator,,,0,False
279661,379,10331832,Jenna Abbott,Person,"Good morning. Jenna Abbott with the California Council for Affordable Housing, proud co-sponsor of the bill and strongly in support.",AB 2222,288,691,False,non_legislator,,,0,False
279661,380,10331833,Jerry McNerney,Legislator,"Now anybody, any lead witnesses in opposition? Any members of the public wish to voice their opposition? Seeing none. I will ask Members of the Committee for their comments. Seeing none. Assembly Member Ward, thank you again for good work here. I thank witnesses. Ayesha?",AB 2222,288,691,False,substantive,,,0,False
279661,381,10331835,Tiyesha Watts,Person,Tiyesha.,AB 2222,288,691,False,non_legislator,,,0,False
279661,382,10331836,Jerry McNerney,Legislator,"Thank you. You're a strong, been a strong advocate for affordable housing. That's really important, especially these days. The bill does make three good changes that were identified by the witness, and I will be supporting your bill. Assembly Member, do you have a closing statements?",AB 2222,288,691,False,substantive,,,0,False
279661,383,10331837,Chris Ward,Legislator,I appreciate your time this morning. Just respectfully request your aye vote.,AB 2222,288,691,False,unclear,,,0,False
279661,384,10331838,Jerry McNerney,Legislator,I appreciate your patience as well. Do we have a motion? Moved by Senator Grayson. Please call the roll.,AB 2222,288,691,False,unclear,,,0,False
279661,385,10331840,Committee Secretary,,Motion is do pass to the Committee on Appropriations. [Roll Call],AB 2222,288,691,False,non_legislator,,,0,False
279661,386,10331843,Jerry McNerney,Legislator,"The vote is 2, the vote is 2-0. The bill is on call. We now, we now have Assembly Member Haney, author, please approach the bench. Make your case, and we'll make judgment.",AB 2222,288,691,False,unclear,,,0,False
279661,387,10331844,Matt Haney,Legislator,"Alright. So this is AB 1265, Historic Building Tax Relief. I wanna thank the committee staff and you, Mr. Chair, and I will be accepting the committee amendments today. AB 1265 is the Historic Building Acts Relief Act, which will help incentivize the conversion of unused and vacant historic buildings into housing and mixed use development by providing much needed financial relief.",AB 2222,288,691,False,substantive,employment_workforce,staff,1,True
279661,388,10331845,Matt Haney,Legislator,"Across California, there are thousands of historic buildings that should be preserved or converted into housing, but these projects are often extremely costly.",AB 2222,288,691,False,unclear,,,0,False
279661,389,10331846,Matt Haney,Legislator,"They require skilled labor and custom materials, which can discourage development and leave buildings vacant and neighborhoods blighted. California has already recognized the value of preservation and conversion work through the California Historic Tax Credit, which provides a retroactive credit to completed projects that keep historic buildings alive and usable. However, that credit is set to expire at the end of the this year. Additionally, the credits were awarded on a first come first served basis, meaning tax credits were given to qualified applicants that simply submitted their applications first.",AB 2222,288,691,False,substantive,tax_credit,Tax Credit; Credit,1,True
279661,390,10331847,Matt Haney,Legislator,"AB 1265 extends the sunset date of the historic tax credit by five years, and also prioritizes projects that preserve existing affordable housing, or convert historic buildings into housing, which ensures that the communities most impacted by vacancy and disinvestments see the greatest benefit.",AB 2222,288,691,False,substantive,tax_credit,tax credit; credit,1,True
279661,391,10331848,Matt Haney,Legislator,"By making these projects financially feasible, AB 1265 will help deliver more housing and economic opportunity for unused buildings statewide, while preserving the historic character that makes our neighborhoods unique. With me in support today is Cindy Heitzman, executive director of the California Preservation Foundation, and Jonah Hendrickson with Alameda Point redevelopors.",AB 2222,288,691,False,substantive,,,0,False
279661,392,10331849,Cindy Heitzman,Person,"Thank you, Assemblyman Haney, Chairman McNerney, committee members. Thank you for the opportunity to testify today. I want to also thank the committee consultant for thoughtful work on this bill. My name is Cindy Heitzman. I'm the executive director at the California Preservation Foundation, cosponsor of the, bill along with the American Institutes of Architects California.",AB 2222,288,691,False,non_legislator,,,0,False
279661,393,10331851,Cindy Heitzman,Person,"At its core, this bill is about preserving California's historic places, giving them new life as housing, businesses, and community assets, but it's also about economic development. Across this state, vacant and underutilized historic buildings can meet some of California's most pressing needs, but financing gaps often stand in the way. And that's where the historic tax credits come in. 38 states have historic tax credit programs. They stimulate economic",AB 2222,288,691,False,non_legislator,tax_credit,tax credit; credit,1,True
279661,394,10331852,Cindy Heitzman,Person,"development and are proven fiscal multipliers. According to the National Trust for Historic Preservation, state's historic tax credit programs typically generate a dollar and 20¢or more in tax revenue for every dollar of credit awarded. They leverage private investment, create jobs, produce housing, expand local tax revenues, and revitalize downtowns, all while preserving the historic buildings that tell California story and define its character.",AB 2222,288,691,False,non_legislator,employment_workforce;tax_credit,jobs; tax credit; credit,2,True
279661,395,10331854,Cindy Heitzman,Person,"The amendments to AB 1265 make a good bill better by prioritizing housing, economic development, geographic diversity, and access for smaller projects while addressing a per project cap to broaden benefits statewide. And for these reasons, we respectfully ask for your support of AB 1265.",AB 2222,288,691,False,non_legislator,,,0,False
279661,396,10331855,Jonah Henderson,Person,"Started with good morning, but I guess we can still do that. It's slow getting there. My name is Jonah Henderson, and I'm a real estate developer. I'm also one of the recipients of the California State Historic Historic Tax Credit, and I'm here to support the passage of AB 1265. Please have a look at your, presentation while you listen.",AB 2222,288,691,False,non_legislator,tax_credit,Tax Credit; Credit,1,True
279661,397,10331856,Jonah Henderson,Person,"Over the last decade, I've had the exciting opportunity to help redefine the future of Alameda Point. The former naval air station in Alameda closed in 1996 through the redevelopment of one building at the heart of it all. Building 8, now the Storehouse Lofts, at the center of the former Naval Air Station, is an exemplary historic adaptive reuse project, enabling economic revitalization of the former naval base and the preservation of California's history, and was financed in part by the federal and the California historic tax credit programs.",AB 2222,288,691,False,non_legislator,tax_credit,tax credit; credit,1,True
279661,398,10331857,Jonah Henderson,Person,"Over nearly a decade, our redevelopment transformed 270,000 square feet of abandoned naval office warehouse into 200 lofts rented as businesses and residences. The tax credits helped facilitate hundreds of jobs during the redevelopment phase, including during the pandemic.",AB 2222,288,691,False,non_legislator,employment_workforce,jobs,1,True
279661,399,10331858,Jonah Henderson,Person,And the project now provides hundreds of residential housing units and space to run just as many businesses. The property enjoys a 99% occupancy rate and we interpret that to mean that the lofts provide real and meaningful value to our occupants.,AB 2222,288,691,False,non_legislator,,,0,False
279661,400,10331859,Jonah Henderson,Person,"Today, business activity from all stripes of entrepreneurs, from artists to architects to attorneys, dining establishments, combined with ongoing city, property, sales, tax, provide an economic engine in a former economic desert, creating a precedent for future redevelopment and preservation in the surrounding historic neighborhoods, and proving the substantial and long lasting impact and the value of the California historic tax credit. Thank you.",AB 2222,288,691,False,non_legislator,tax_credit,tax credit; credit,1,True
279661,401,10331860,Jerry McNerney,Legislator,I wanna thank the witnesses. Do we have any members of the public that wish to off offer their support?,AB 2222,288,691,False,unclear,,,0,False
279661,402,10331861,Adam Quinonez,Person,"Good morning, Mr. Chair and members. Adam Quinones, California advocates on behalf of the American Institute of Architects California in support. Thank you.",AB 2222,288,691,False,non_legislator,,,0,False
279661,403,10331862,Karen Lang,Person,"Good morning, Mr. Chair. Karen Lang. I'll have the San Francisco board of supervisors in support.",AB 2222,288,691,False,non_legislator,,,0,False
279661,404,10331863,Karen Lang,Person,Thank you.,AB 2222,288,691,False,non_legislator,,,0,False
279661,405,10331864,Jerry McNerney,Legislator,Thank you.,AB 2222,288,691,False,procedural,,,0,False
279661,406,10331865,Isha Iyer,Person,Good morning. Isha Iyer on behalf of the city of Bakersfield in support.,AB 2222,288,691,False,non_legislator,,,0,False
279661,407,10331866,Jerry McNerney,Legislator,"Thank you. Seeing no other, members of the public that wish to offer support, are there any lead witnesses in opposition? Seeing none, are there any members of the public that wish to voice opposition?",AB 2222,288,691,False,procedural,,,0,False
279661,408,10331867,Steven Stenzler,Person,"My apologies, Mr. Chair, member Steven Stenzler with Brownstein on behalf of the Housing Action Coalition in support. Okay.",AB 2222,288,691,False,non_legislator,,,0,False
279661,409,10331868,Jerry McNerney,Legislator,I think we've got most of the members of the public wrapped up here. And now I will see if a member of the committee wish to make an opinion.,AB 2222,288,691,False,unclear,,,0,False
279661,410,10331869,Timothy Grayson,Legislator,"Thank you, Mr. Chair. I just wanna commend the author on this. This is exactly where we need to go and the direction we need to head to produce the results that we need for California, desperately, desperately need, especially in housing. So excellent work. Thank you very much.",AB 2222,288,691,False,substantive,,,0,False
279661,411,10331870,Jerry McNerney,Legislator,"Well, I thank my colleague, and I wanna thank Assemblymember Haney for this. This is important in my mind as well because we see these, sort of abandoned properties. And if we can turn these into economic, powerhouses, that's that's an incredible achievement. We've seen some success here in Alameda, in the city of Alameda. Very good.",AB 2222,288,691,False,substantive,,,0,False
279661,412,10331871,Jerry McNerney,Legislator,"I really appreciate that. I've been there myself. I've enjoyed some of the, venues that they have there. So it's really pretty impressive.",AB 2222,288,691,False,unclear,,,0,False
279661,413,10331872,Jonah Henderson,Person,"I meant to invite everyone, that is interested in taking a tour to reach out to me. I'd be happy to host you and let you see firsthand what it looks and feels like.",AB 2222,288,691,False,non_legislator,,,0,False
279661,414,10331873,Jerry McNerney,Legislator,"So not only are we preserving historic property, but we're actually providing housing, which is also very important, and economic growth. So it's kind of a win win. I see people shaking their heads yes, so I like that. And I heard that you would be accepting all the committee amendments. With that, I will be supporting your bill.",AB 2222,288,691,False,substantive,,,0,False
279661,415,10331874,Jerry McNerney,Legislator,"Assemblymember, would you like to close?",AB 2222,288,691,False,unclear,,,0,False
279661,416,10331875,Matt Haney,Legislator,"Yes. Thank you thank you so much, Mr. Chair, and and I could not agree more to to win win, and we're gonna have to make sure that over time that this is funded and really appreciate, the witnesses here. And I wanna give a special shout out, Cindy Heitzman, who's here, executive director of the California preservation foundation, who has been prioritizing this and in so many ways, been such a visionary leader leader there, recently announced her retirement.",AB 2222,288,691,False,substantive,,,0,False
279661,417,10331876,Matt Haney,Legislator,"So I wanna, say she's, she has not stopped, and I'm sure she will not stop, but it is it's really an honor to have her here and to be able to work with her on this issue and with that respectfully ask for your eye vote.",AB 2222,288,691,False,unclear,,,0,False
279661,418,10331877,Jerry McNerney,Legislator,Thank you. Do we have a motion? I do. Senator Grayson moves the bill. Would you call the roll?,AB 2222,288,691,False,procedural,,,0,False
279661,419,10331878,Committee Secretary,,Motion is do passed as amended to the committee on appropriation. [Roll Call] 2-0.,AB 2222,288,691,False,non_legislator,,,0,False
279661,420,10331882,Jerry McNerney,Legislator,"The vote is 2-0. The bill is now a call. Thank the author. And the author, you might wanna stay here and present another bill. You're welcome to do that.",AB 2222,288,691,False,unclear,,,0,False
279661,421,10331883,Matt Haney,Legislator,"For sure. Thank you, Mr. Chair and members. I'm proud to present AB 1633, which will impose a 50% gross receipts tax on corporations operating for profit private detention facilities in California. We've got, close to 7,000 people in our state who are currently being detained in for profit, private immigration detention facilities. There are seven of those facilities in our state, and they have a long and well documented record of dangerous conditions, including inadequate medical care, health and safety violations, and inhumane living conditions.",AB 2222,288,691,False,substantive,,,0,False
279661,422,10331884,Matt Haney,Legislator,"Despite prior efforts to increase oversight and accountability, serious concerns continue. Following inspections of a newly opened private detention facility in Kern County, the attorney general reported dangerous living conditions and a lack of medical, adequate medical care including insufficient medical staff, hygiene products, and inadequate food and water. At the same time, these private companies operating in our state continue to generate billions of dollars through government contracts, while Californians and immigrant families bear the human and community cost of this private detention.",AB 2222,288,691,False,substantive,civic_effects;employment_workforce,accountability; staff,2,True
279661,423,10331885,Matt Haney,Legislator,"AB 1633 is rooted in a simple principle, California should not reward private corporations for profiting from detention with such conditions. This bill does not regulate federal immigrant policy, and said it takes California's long standing taxing authority to assess business activity taking place in our state.",AB 2222,288,691,False,substantive,,,0,False
279661,424,10331886,Matt Haney,Legislator,"We already apply industry specific taxes and fees where sectors create significant public costs, including in health care, tobacco, and oil extraction. AB 1633 follows that same principle of accountability and revenue generated by this bill where we reinvested into the due process for all fund to provide immigration related services and support communities impacted by detention enforcement actions. AB 1633 is about accountability, protecting California communities, and ensuring our laws do not reward private profiteering from detention.",AB 2222,288,691,False,substantive,civic_effects,accountability,1,True
279661,425,10331887,Matt Haney,Legislator,"Here with me to testify are, Bruno Huizar, supervising policy manager at the California Immigrant Policy Center, and Kimberly Wu, community organizer for services, immigrant rights, and education network.",AB 2222,288,691,False,substantive,,,0,False
279661,426,10331888,Bruno Huizar,Person,"Good morning, Chair, members, and staff. My name is Bruno Huizar with the California Immigrant Policy Center. We are a proud cosponsor of AB 1633 because it holds private detention companies accountable for profit custody. Private companies are generating hundreds of millions in annual revenue right here in California, from detaining Californians and separating California families. Each year, for profit private detention facilities detain tens of thousands of Californians in inhumane conditions with little to no accountability, threatening the health, safety, and constitutional rights of Californians.",AB 2222,288,691,False,non_legislator,civic_effects;employment_workforce,accountability; staff,2,True
279661,427,10331889,Bruno Huizar,Person,"Last month, the California Department of Justice released their annual report after inspecting conducting inspections of seven private detention facilities. And the Attorney General reported dangerous conditions. This is a quote, Inadequate medical care, delay in medical treatment, overcrowding, unsafe food and water, lack of hygiene, and unsafe food and water. Tragically, six people have died in California's private detention facilities since September, causing irreparable harm to the people and state of California.",AB 2222,288,691,False,non_legislator,,,0,False
279661,428,10331890,Bruno Huizar,Person,"The tax that AB 63 proposes is an accountability mechanism that the state of California has the authority to impose on private companies that subject Californians to inhumane conditions, medical neglect, and even death.",AB 2222,288,691,False,non_legislator,civic_effects,accountability,1,True
279661,429,10331891,Bruno Huizar,Person,"AB 1633, by Assemblymember Haney, makes it clear, no company in California should profit off of mass attention and mass family separation. California must hold private companies accountable for profiteering off of Californians in custody, and stand up for the health, safety, and well-being of all residents and families in California. With over a 116 immigrant justice community organizations, faith based, and civil rights organizations supporting this bill across the state, we respectfully request your aye vote. Thank you.",AB 2222,288,691,False,non_legislator,,,0,False
279661,430,10331892,Kimberly Wu,Person,"Good morning. I'm Kimberly Wu, and I'm community organizer for Services Immigrant Rights and Education Network, also known as SIREN. We serve our immigrant and refugee communities in the Bay Area and Central Valley, and we are a proud cosponsor for AB 1633, which would impose a 50% tax on corporations operating private immigration detention centers.",AB 2222,288,691,False,non_legislator,,,0,False
279661,431,10331893,Kimberly Wu,Person,"I have loved ones who sought permanent residency for over twenty years, and when they got to their final interview, ICE agents handcuffed their hands and feet and forcefully shipped them to separate detention centers in California. Words cannot describe the pain of seeing your elder relative who immigrated to this country to build a better life for your family, to break down crying behind a glass screen window where it's impossible to hug them and hold their hand.",AB 2222,288,691,False,non_legislator,,,0,False
279661,432,10331894,Kimberly Wu,Person,"There are not enough words to comfort your loved one who are stripped from their personal belongings, their clothes, their medical needs, and their freedom. No one deserves to experience the pain, suffering, and loneliness that my loved ones felt every day in that prison. Private companies like Geo Group and Co Civic profit from caging people like my relatives who had never spent a single night apart in their decades long marriage until they were detained, fiances weeks away from their wedding, and young children separated from their mother.",AB 2222,288,691,False,non_legislator,,,0,False
279661,433,10331895,Kimberly Wu,Person,"I know these stories because they were in the room with me, waiting hours for a chance of a one hour visit for their loved ones. Private detention facilities hold thousands of people across California in inhumane conditions, like severe medical neglect, filthy water, rotting food and abuse, and poor access to legal representation.",AB 2222,288,691,False,non_legislator,,,0,False
279661,434,10331896,Kimberly Wu,Person,"The CEO of CoreCivic, one of the largest for profit pension corporations, reported $7,500,000 in annual compensation and more since then and noted that the recent rise in immigration sweeps was, quote, unquote, truly one of the most exciting periods in my career with the company. This is who California is in bed with, private for profit companies who find it exciting to make millions from the suffering of our loved ones.",AB 2222,288,691,False,non_legislator,,,0,False
279661,435,10331897,Kimberly Wu,Person,We respectfully urge your aye vote on AB 1633 to hold these corporations accountable and prioritize the safety and dignity of all Californians. Thank you.,AB 2222,288,691,False,non_legislator,,,0,False
279661,436,10331898,Jerry McNerney,Legislator,"I thank the witnesses. Are there any members of the public that wish to voice their support? Please oppose the microphone, your name, your affiliation.",AB 2222,288,691,False,unclear,,,0,False
279661,437,10331899,Carlos Lopez,Person,Good morning. Carlos Lopez with the California School Employees Association in support.,AB 2222,288,691,False,non_legislator,,,0,False
279661,438,10331901,Christian Diaz,Person,"Good morning. Christian Diaz on behalf of the State Superintendent of Public Instruction, Tony Thurman, San Bernardino Community Service Center, the South Asian Network, the Southeast Asia's Resource Action Center, the Street Level Health Project, the Thai Community Development Center, the California LGBTQ Health and Human Services Network, the Fund for Santa Barbara, the Trans Latina Coalition, the Uncommon Law, and the Working Partnerships USA. Thank you.",AB 2222,288,691,False,non_legislator,,,0,False
279661,439,10331902,Joanna Garcia,Person,Good morning. I'm Joanne Abigail Garcia on behalf of NexGen California in support.,AB 2222,288,691,False,non_legislator,,,0,False
279661,440,10331903,Camden Sai,Person,"Good morning, Mr. Chair, Senator Grayson, Camden Sai with the California Immigrant Policy Center, here in support, also Indivisible California State Strong, Indivisible East Bay Area, Indivisible Euclid, Indivisible Fair Oaks Carmichael, Indivisible Palo Alto Plus, Inland Coalition for Immigrant Justice, Interfaith Movement for Human Integrity, Jewish Family and Children's Services East Bay, Justice to Jobs Coalition, Kern Welcoming, Extending Solidarity to Immigrants, La Defensea, and LA Voice. Thank you.",AB 2222,288,691,False,non_legislator,employment_workforce,Jobs,1,True
279661,441,10331904,Shiu Cheer,Person,"Good morning. Shamim Sher with the California Immigrant Policy Center, also registering support for AAPIs for Civic Empowerment, Access Reproductive Justice, Alliance for a Better Community, Asian Americans Advancing Justice Southern California, the Black LGBTQIA plus Migrant Project, BlueTurn, Indivisible, Buenavacino, the California Dignity Detention Coalition, the California Food and Farming Network, California Immigrant Youth Justice Alliance, as well as the Council on American Islamic Relations, East Bay Sanctuary Covenant, Empowering Marginalized Asian Communities, Ensuring Opportunity Contra Costa, Episcopal Diocese of San Joaquin, Freedom for Immigrants, Future Leaders of America, Healthy Contra Costa, Immigrant Justice and Action Coalition, Immigrant Legal Resource Center, Imperial Valley Equity Justice, and Indivisible Alta Pasadena.",AB 2222,288,691,False,non_legislator,,,0,False
279661,442,10331906,Anieli Martin,Person,"Anaelli Martin, registering support for California Immigration Project, California National Organization For Women, California Partnership to End Domestic Violence, California Work and Family Coalition, California United for a Responsible Budget, Canal Alliance, Central Valley Immigration Integration Collaborative, CHISPA, Communities United for Restorative Youth Justice, Courage California Direct Policy Alliance, Latino Health Access, Legal Aid At Work, Community Advocacy Network, Community Organizing Project, New Light Wellness, NorCal Resist, Orange County Equality Coalition, Orange County Rapid Response Network, Parent Voices California, Filipino Workers Center Southern California, and Public Council.",AB 2222,288,691,False,non_legislator,,,0,False
279661,443,10331907,Jerry McNerney,Legislator,Thank you.,AB 2222,288,691,False,procedural,,,0,False
279661,444,10331908,Kylie Lindelli,Person,Kylie Lindelli on behalf of Asian Americans Advancing Justice in support.,AB 2222,288,691,False,non_legislator,,,0,False
279661,445,10331909,Karen Lang,Person,Karen Lang on behalf of the San Francisco Board of Supervisors in support.,AB 2222,288,691,False,non_legislator,,,0,False
279661,446,10331910,Eric Paredes,Person,"Greg Rapier, pastor of Westminster Presbyterian Church here with Sacramento Area Congregations Together in support.",AB 2222,288,691,False,non_legislator,,,0,False
279661,447,10331911,Chet Hewitt,Person,Chef Hewitt with the California Community Foundation in support.,AB 2222,288,691,False,non_legislator,,,0,False
279661,448,10331912,Linda Wheaton,Person,"Linda Wheaton, volunteer with NorCal resist, SAC Act, and Indivisible in support.",AB 2222,288,691,False,non_legislator,,,0,False
279661,449,10347561,Alicia Dean,Person,"Alicia Dean, Sacramento Area Congregations Together in support.",AB 2222,288,691,False,non_legislator,,,0,False
279661,450,10331913,Ryan Sherman,Person,"Morning, Mr. Chair, Ryan Sherman with the Riverside Sheriffs Association in support.",AB 2222,288,691,False,non_legislator,,,0,False
279661,451,10331914,Eric Paredes,Person,Eric Paredes with the California Faculty Association in support. Thank you.,AB 2222,288,691,False,non_legislator,,,0,False
279661,452,10331915,Jerry McNerney,Legislator,"I thank the witnesses. Are there any, lead witnesses in opposition? Seeing none, are there any members of the public that wish to voice their opposition? Seeing none, I will now turn to the committee. No comments?",AB 2222,288,691,False,unclear,,,0,False
279661,453,10331916,Jerry McNerney,Legislator,"City member, hi. Haney, thank you for bringing this forward. It's a matter of of of clear justice and and need in our community, and it will help defend California against the malice that we might be seeing coming from cal from Washington. I think the witnesses, the courts may well weigh on this someday, but for now, I'm gonna support this. And, would you like to close?",AB 2222,288,691,False,substantive,,,0,False
279661,454,10331917,Matt Haney,Legislator,"Yes. Absolutely. Thank you, Mr. Chair. And I wanna thank the witness in the many, many as you as you heard over a 100 organizations who've been in support and all of the folks who've directly experienced these facilities and been seen firsthand the the cruelty that is associated with them and and and the impact that it's had on their families and our communities. And, with that, I appreciate your your your words and, respectfully ask for your aye vote.",AB 2222,288,691,False,substantive,,,0,False
279661,455,10331918,Jerry McNerney,Legislator,Appreciate that. Do we have a motion? So integration moves the bill. Please call the roll.,AB 2222,288,691,False,unclear,,,0,False
279661,456,10331919,Committee Secretary,,Motion is do passed to the committee on appropriation. [Roll Call] 2-0.,AB 2222,288,691,False,non_legislator,,,0,False
279661,457,10331924,Jerry McNerney,Legislator,"The vote is 2 to 0. The bill is on call. And, at this point, the Chair is gonna have to step out, for another committee. Is Mister Grayson gonna be able to take the role the Chair for a moment for the gavel? Alright.",AB 2222,288,691,False,unclear,,,0,False
279661,458,10331925,Jerry McNerney,Legislator,The next author is RBK. Please come and present your bill.,AB 2222,288,691,False,unclear,,,0,False
279661,459,10331926,Rebecca Bauer-Kahan,Legislator,"Thank you. It's fun to see my senators here. District 16 is well represented on this committee. Thank you, Mister Chair. And Mister Chair, I wanna thank committee staff for their work and collaboration on this bill.",AB 2222,288,691,False,procedural,employment_workforce,staff,1,True
279661,460,10331927,Rebecca Bauer-Kahan,Legislator,"I'm proud to present AB 2084, which promotes continuity of services and prevents disruptions to California's nonprofit organizations. Recently, we've experienced a notable increase in federal scrutiny and rhetoric directed at our nonprofit organizations regarding their tax exempt status, creating a level of uncertainty that extends beyond established legal eligibility standards and raises serious concerns about stability and predictability. This creates risk for California based organizations that are otherwise fully compliant with federal and state law, but are caught up in shifting federal actions or narratives.",AB 2222,288,691,False,substantive,nonprofit_small_outlets,nonprofit,1,True
279661,461,10331928,Rebecca Bauer-Kahan,Legislator,"California nonprofits, as we all know, provide vital services to our community members, and they rely on their status as a tax exempt organization to remain operable. Under current law, when federal status is stripped, the California Franchise Tax Board is required to revoke our state tax exempt status.",AB 2222,288,691,False,substantive,nonprofit_small_outlets,nonprofits,1,True
279661,462,10331929,Rebecca Bauer-Kahan,Legislator,"Currently, the FTB does not have the authority to delay and review the action before nonprofits are hit with state revocation. This means the nonprofits providing essential services can lose state tax exempt status quickly through no fault of their own. This bill addresses that gap by giving the franchise tax board authority to use its discretion to maintain state income tax exempt status for 501c3 three organizations that sought original exemption through the streamlined 3500 a process.",AB 2222,288,691,False,substantive,nonprofit_small_outlets,nonprofits,1,True
279661,463,10331930,Rebecca Bauer-Kahan,Legislator,"If federal revocation occurs for reasons not related to lead legal eligibility for revocation, This ensures that California nonprofits are protected from federal actions that may be influenced by the federal political landscape. It is narrowly crafted and does not expand eligibility or reduce oversight.",AB 2222,288,691,False,substantive,nonprofit_small_outlets,nonprofits,1,True
279661,464,10331931,Rebecca Bauer-Kahan,Legislator,"It simply preserves status for organizations that are following the law. AB 2084 addresses a real and growing risk. It is necessary and timely to safeguard and ensure California retains control over its own standards and protects organization from consequences beyond their control. With me today in support is Jennifer Fearing, Sacramento advocate for the California Association of Nonprofits.",AB 2222,288,691,False,substantive,nonprofit_small_outlets,Nonprofits,1,True
279661,465,10331932,Timothy Grayson,Legislator,"Two minutes, please.",AB 2222,288,691,False,unclear,,,0,False
279661,466,10331933,Jennifer Fearing,Person,"Thank you, Mister Chair. Jennifer Fearing, Sacramento advocate for California Association of Nonprofits. It's a 10,000 member organization, statewide policy alliance. Cal Nonprofits is pleased to sponsor AB 2084 and grateful to the author for helping protect the stability of California's nonprofit sector. Since 2008, nonprofits can pursue state tax exempt status expeditiously by filing the FTB's 3,500 a form that relies on the Federal Government's 501c3 determination.",AB 2222,288,691,False,non_legislator,nonprofit_small_outlets,Nonprofits; nonprofit,1,True
279661,467,10331934,Jennifer Fearing,Person,"Almost a quarter of California's nonprofits have utilized this process. This reliance on the federal approval creates an efficiency, but also precarity. If the Federal Government revokes a nonprofit's, tax exempt status even for political reasons, the FTB is required to automatically revoke their state status as well. The FTB currently lacks that authority to delay or evaluate the merits of the actions for nonprofits that use the streamline process.",AB 2222,288,691,False,non_legislator,nonprofit_small_outlets,nonprofits; nonprofit,1,True
279661,468,10331935,Jennifer Fearing,Person,"Since federal threats began emerging in early 2025, Cal Nonprofits has continued to urge all 3,500 A nonprofits to initiate the longer form process to get independent validation from the state of their tax exempt status.",AB 2222,288,691,False,non_legislator,nonprofit_small_outlets,Nonprofits,1,True
279661,469,10331936,Jennifer Fearing,Person,"And we are only here requesting this change in law because of specific and unprecedented federal threats and executive orders targeting nonprofits for their speech or mission driven work rather than any actual wrongdoing. Indeed, in just in May of this year, the OMB issued an alarming directive singling out 49 nonprofits under the pretense of fraud prevention, and these were mostly organizations serving immigrants or providing legal aid.",AB 2222,288,691,False,non_legislator,nonprofit_small_outlets,nonprofits,1,True
279661,470,10331937,Jennifer Fearing,Person,"With their take tax exempt status in jeopardy, a nonprofit can find its grants and payments frozen, face new tax liabilities, and possibly have to reduce essential services to vulnerable people. This is a common sense solution giving the FTB discretion to evaluate the appropriateness of state tax status and if a federal rotation was due, not to a non filing fraud or misconduct issue. It does not lower the bar for tax exemption.",AB 2222,288,691,False,non_legislator,nonprofit_small_outlets,nonprofit,1,True
279661,471,10331938,Jennifer Fearing,Person,"It simply gives nonprofits time to demonstrate their ongoing eligibility to the state. We think it's important that the state protect our our right to safeguard nonprofits our residents rely on every day, and I'll just add this bill aligns with the state sovereignty goals, and protections of AB 1318 from last year, which the governor assigned to ensure California nonprofits remain eligible for state support based on state level standing and not federal status alone. We thank the assemblywoman for her leadership and urge your aye vote.",AB 2222,288,691,False,non_legislator,nonprofit_small_outlets,nonprofits,1,True
279661,472,10331939,Timothy Grayson,Legislator,"Right to the second. Very good. Any members of the public that would like to add on, in support, your name, affiliation, and position, please.",AB 2222,288,691,False,unclear,,,0,False
279661,473,10331940,Angela Pontes,Person,Angela Pontes on behalf of Planned Parenthood affiliates of California in support.,AB 2222,288,691,False,non_legislator,,,0,False
279661,474,10331941,Jennifer Tannehill,Person,Jennifer Tannehill with Aaron Reed and Associates on behalf of the California Society of Enrolled Agents in support.,AB 2222,288,691,False,non_legislator,,,0,False
279661,475,10331942,Timothy Grayson,Legislator,"Very good. Any others in support? Seeing none, I don't believe we have lead witnesses in opposition. Anybody in the public or in the room in opposition? Seeing none move, I'll bring it back to committee.",AB 2222,288,691,False,unclear,,,0,False
279661,476,10331943,Timothy Grayson,Legislator,"I have no questions. I do wanna make a comment. Thank you very much for bringing this bill forward. Assembly member, Bauer-Kahan, PEI should not affect an organization's tax exempt status under California law in any way whatsoever. So this bill says that California must evaluate nonprofits on their actual compliance record.",AB 2222,288,691,False,substantive,nonprofit_small_outlets,nonprofits,1,True
279661,477,10331944,Timothy Grayson,Legislator,"So thank you very much for that. And when we get well, would you like to close?",AB 2222,288,691,False,procedural,,,0,False
279661,478,10331945,Rebecca Bauer-Kahan,Legislator,"Respectfully ask for your aye vote. Thank you, Senator.",AB 2222,288,691,False,procedural,,,0,False
279661,479,10331946,Timothy Grayson,Legislator,"Awesome. Close. When we get to a place where we can get a motion and take a vote, we will. Thank you so very much for your presentation.",AB 2222,288,691,False,procedural,,,0,False
279661,480,10331949,Timothy Grayson,Legislator,"Assembly Member Elhawary, you are here today with AB 2403. And is that right?",AB 2222,288,691,False,unclear,,,0,False
279661,481,10331951,Sade Elhawary,Legislator,"Yes, sir.",AB 2222,288,691,False,unclear,,,0,False
279661,482,10331952,Timothy Grayson,Legislator,You can present when you're ready. Glad to have you here.,AB 2222,288,691,False,unclear,,,0,False
279661,483,10331953,Sade Elhawary,Legislator,"Thank you so much. Good morning, Mr. Chair and Members. I'm proud to present AB 2403, a bill focused on keeping commercial production jobs here in California for our workers, our businesses, and our local economies. California has long been a hub for commercial production. We have the crews, the infrastructure, and the talent that built this industry.",AB 2222,288,691,False,substantive,employment_workforce,jobs,1,True
279661,484,10331954,Sade Elhawary,Legislator,"But we are losing that work. Over the past decade, California's share of nationally aired commercials has dropped from about 50% to 25%. In LA alone, production has declined by 35% in just five years. That decline has real consequences. It means fewer jobs for skilled workers, fewer opportunities for people trying to get their foot in the door, and less investment in our local communities. Commercial production is highly mobile.",AB 2222,288,691,False,substantive,employment_workforce,jobs,1,True
279661,485,10331955,Sade Elhawary,Legislator,"And right now, other states are actively competing for this work and winning because they are offered targeted incentives. At the same time, California remains one of the only major production states without a dedicated commercial production tax credit. This bill is supported by labor organizations representing the very workers who power this industry every day. It protects good paying, middle class jobs and the workers who depend on them.",AB 2222,288,691,False,substantive,employment_workforce;tax_credit,jobs; tax credit; credit,2,True
279661,486,10331956,Sade Elhawary,Legislator,"Our labor partners know that when productions leave, careers leave with it. AB 2403 is about closing that gap. It creates a target incentive to keep commercials and their production here so we can retain jobs, support our workforce, and ensure this industry continues to grow in the state that built it. These jobs also create real pathways, including for individuals looking to enter or reenter the workforce and build stable careers.",AB 2222,288,691,False,substantive,employment_workforce,retain; jobs; workforce,1,True
279661,487,10331957,Sade Elhawary,Legislator,"With me today is David Michael González, vice president of labor relations and external affairs, associations of, with the Association of Independent Commercial Producers, and Rudy Reyes, set lighting technician and restorative justice director at the Restorative Academic Mentorship Program.",AB 2222,288,691,False,substantive,,,0,False
279661,488,10331958,Timothy Grayson,Legislator,Great. You have two minutes each.,AB 2222,288,691,False,unclear,,,0,False
279661,489,10331959,David González,Person,"Thank you. I'm David Michael González with the Association of Independent Commercial Producers, representing over 300 companies that specialize in the production and post production of TV commercials for advertisers and ad agencies. AICP is proud to sponsor and support AB 2403.",AB 2222,288,691,False,non_legislator,,,0,False
279661,490,10344562,David González,Person,"Commercials are short, fast moving, and highly mobile productions. Because of that speed and flexibility, commercial production is uniquely sensitive to costs and logistics. Today, 29 states include commercials in their filming incentive programs. But California does not. As a result, work that was once routinely produced in California is going to other states and even out of the country.",AB 2222,288,691,False,non_legislator,,,0,False
279661,491,10331960,David González,Person,"When that happens, California loses jobs for crew members, opportunities for small businesses, customers for equipment vendors, post production facilities, transportation providers, and local communities that support production. AB 2403 addresses the gap in California's film incentive framework with a targeted and measured solution.",AB 2222,288,691,False,non_legislator,employment_workforce,jobs,1,True
279661,492,10331961,David González,Person,"It establishes a standalone commercial production credit with a limited annual allocation and requires productions to incur at least 75% of filming costs in California to qualify. Credits would be allocated after production occurs, helping to ensure that incentives remain tied to real economic activity and verified in state spending.",AB 2222,288,691,False,non_legislator,tax_credit,credit,1,True
279661,493,10344563,David González,Person,"As California implements expanded film and TV tax credit program, commercial work remains an important bridge between larger productions for the workforce, vendors, and other stakeholders that support our industry. California remains the best place in the world to make content.",AB 2222,288,691,False,non_legislator,employment_workforce;tax_credit;editorial_independence,workforce; tax credit; credit; content,3,True
279661,494,10331962,David González,Person,"But without a competitive framework, we're pricing ourselves out of an important segment of the film industry we once dominated. AB 2403 will help stabilize employment for skilled workers. It will support small businesses that depend on production activity, and it will ensure that California remains a leader across the full spectrum of production. We respectfully ask for your aye vote on AB 2403.",AB 2222,288,691,False,non_legislator,employment_workforce,employment,1,True
279661,495,10331964,Timothy Grayson,Legislator,"Thank you so much. Next witness, two minutes.",AB 2222,288,691,False,procedural,,,0,False
279661,496,10331965,Rudy Reyes,Person,"Mr. Chair, Members of the Committee, thank you. My name is Rudy Reyes. I'm a member of Local 728 Set Lighting Technicians Union in Hollywood, and I also serve as a restorative justice director for the Restorative Academic Mentorship Program, RAMP, in Los Angeles, and I'm a member of the Anti Recidivism Coalition also in Los Angeles.",AB 2222,288,691,False,non_legislator,,,0,False
279661,497,10331966,Rudy Reyes,Person,"Every day I work with young people who are fighting for a second chance, and I stand before you today to talk about an opportunity that connects economic policy with public safety, workforce development, and human potential. I'm here today representing the thousands of skilled workers who rely on commercial production to make a living.",AB 2222,288,691,False,non_legislator,employment_workforce,workforce,1,True
279661,498,10331967,Rudy Reyes,Person,"California has long been the global leader in film and television production. Through legislation like AB 1138, this body made a powerful statement that we are committed to keeping production and jobs that come with it here at home. But there is a gap in that vision. Commercial production, advertising, branded content, short form media is quietly leaving California at a rapid pace.",AB 2222,288,691,False,non_legislator,employment_workforce;editorial_independence,jobs; content,2,True
279661,499,10345325,Rudy Reyes,Person,"These are high frequency, fast moving productions that generate consistent jobs for crew members, electricians, grips, drivers, caterers, stylists, and countless entry level positions. Yet unlike film and television, they often do not qualify for meaningful tax incentives. I remember a time when I would do two to three Super Bowl commercials per year.",AB 2222,288,691,False,non_legislator,employment_workforce,jobs,1,True
279661,500,10345326,Rudy Reyes,Person,"Then in 2024 and 2025, I did no Super Bowl commercials. As a result, they go elsewhere to states and countries that offer even modest financial advantages. California's share of commercial production has dropped from about 50% to 25% over the last decade. In Los Angeles alone, production is down roughly 35 to 40% in recent years.",AB 2222,288,691,False,non_legislator,,,0,False
279661,501,10331970,Rudy Reyes,Person,"It is about thousands of jobs that could be filled by Californians, especially young people trying to enter their workforce, being exported out of state. Through RAMP, we work with justice impacted youth who are ready to work, ready to learn, and ready to contribute. What they need is access. Commercial production is uniquely positioned to provide that access. It offers shorter project cycles, more frequent hiring opportunities, and entry level positions. I respectfully ask for an aye vote on this.",AB 2222,288,691,False,non_legislator,employment_workforce,hiring; jobs; workforce,1,True
279661,502,10331972,Timothy Grayson,Legislator,"Thank you so very much. Great testimony on that. Any members of the public that would like to add on in support? Your name, affiliation, and position, please.",AB 2222,288,691,False,procedural,,,0,False
279661,503,10331973,Sieglinde Johnson,Person,"Good morning, Mr. Chair and Members. Missy Johnson on behalf of the Directors Guild of America as well as the Entertainment Union Coalition in support.",AB 2222,288,691,False,non_legislator,,,0,False
279661,504,10331974,Connor Gusman,Person,"Good morning, Chair and Members. Connor Gusman on behalf of SAG-AFTRA and Teamsters California in support. Thank you.",AB 2222,288,691,False,non_legislator,,,0,False
279661,505,10331975,Adam Keigwin,Person,Good morning. Adam Keigwin on behalf of California LULAC and the National Action Network in support.,AB 2222,288,691,False,non_legislator,,,0,False
279661,506,10331976,Esteban Nunez,Person,Good afternoon. Esteban Núñez on behalf of the Anti Recidivism Coalition creating opportunities and programs in support. Thank you.,AB 2222,288,691,False,non_legislator,,,0,False
279661,507,10331977,Timothy Grayson,Legislator,"Thank you so much. Any other members of the public in support? Seeing none. I don't believe we have listed lead opposition. So are there any members of the public that would like to step up in opposition? Seeing none moving toward the microphone, we'll bring it back to the committee.",AB 2222,288,691,False,substantive,,,0,False
279661,508,10331978,Timothy Grayson,Legislator,"And no questions. I just wanted to, first of all, thank you for your presentation. Great testimonies from your witness. Commercial production is an important part of the California's broader film and media economy. And so what this bill makes California, it makes it more competitive for commercial production by providing an incentive to keep productions right here in California, just as you testified.",AB 2222,288,691,False,substantive,,,0,False
279661,509,10331979,Timothy Grayson,Legislator,"So I also wanna apply the AI guardrails that are contained in this measure, and thank you for working with the committee to improve the bill. So that's very important. So really appreciate that. Thank you to the committee as well. With that, would you like to close?",AB 2222,288,691,False,substantive,editorial_independence,guardrails,1,True
279661,510,10331980,Sade Elhawary,Legislator,Respectfully ask for your aye vote.,AB 2222,288,691,False,unclear,,,0,False
279661,511,10331981,Timothy Grayson,Legislator,"Fantastic close. When we get to a place where we can get a motion and a vote, we'll take one.",AB 2222,288,691,False,unclear,,,0,False
279661,512,10331982,Sade Elhawary,Legislator,Great. Thank you so much.,AB 2222,288,691,False,procedural,,,0,False
279661,513,10331984,Timothy Grayson,Legislator,"Thank you so very much. Moving on to item 15. We do have an author with us. Item 15, AB 2250, Assemblymember Ayar Curry. When you are ready, you can begin to present.",AB 2222,288,691,False,procedural,,,0,False
279661,514,10331985,Cecilia Aguiar-Curry,Legislator,"Okay. What a morning,",AB 2222,288,691,False,unclear,,,0,False
279661,515,10331986,Timothy Grayson,Legislator,What a morning. Two more minutes of morning.,AB 2222,288,691,False,unclear,,,0,False
279661,516,10331987,Cecilia Aguiar-Curry,Legislator,I'll make it in two minutes. Okay?,AB 2222,288,691,False,unclear,,,0,False
279661,517,10331988,Jerry McNerney,Legislator,Alright.,AB 2222,288,691,False,unclear,,,0,False
279661,518,10331989,Cecilia Aguiar-Curry,Legislator,"Alright. Thank you, Mister Chair and members. AB 2250 is a straight war straightforward cleanup bill to help our hemp enforcement laws work as intended. Last year, I ran AB 8 to better regulate hemp derived products and address the rise rise of intoxicating products in the unregulated market. That law gave CDTFA additional enforcement tools, but a few technical fixes are needed to ensure that the law is fully effective.",AB 2222,288,691,False,substantive,,,0,False
279661,519,10331990,Cecilia Aguiar-Curry,Legislator,"The existing gaps in language could create enforcement challenges or cause uncertainty for businesses trying to follow the law. AB 2,250 makes targeted clarifications to close those gaps. It makes the law clear and enforceable so illegal products can be removed. It ensures products are treated consistently under state law, and it protects public health while giving businesses clear rules to follow. The bill does not change the underlying policy.",AB 2222,288,691,False,substantive,,,0,False
279661,520,10331991,Cecilia Aguiar-Curry,Legislator,"It simply ensures the framework that the legislature passed last year can work as intended. With me today, I have Amy Gorman Jenkins on behalf of the California Cann Cannabis Operators Association.",AB 2222,288,691,False,unclear,,,0,False
279661,521,10331992,Timothy Grayson,Legislator,Two minutes.,AB 2222,288,691,False,unclear,,,0,False
279661,522,10331993,Amy Jenkins,Person,"Thank you, sir. Is this my is my gone? Okay. Good morning, Mister Chair and members. Amy Jenkins on behalf of the California Cannabis Operators Association.",AB 2222,288,691,False,non_legislator,,,0,False
279661,523,10331994,Amy Jenkins,Person,"We represent about 500 license holders statewide. Prior to the enactment of AB 8, also authored by the majority leader, intoxicating hemp products flooded the California marketplace. Data from public reporting, including our own analysis, showed widespread accessible environments, often with potency levels well in excess of what is permitted in the regulated cannabis market. At the same time, these manufactured products were sold entirely outside the legal cannabis framework. AB 8, the prior bill, put a stop to that.",AB 2222,288,691,False,non_legislator,,,0,False
279661,524,10331995,Amy Jenkins,Person,"That was the right policy decision, and I applaud the legislature and the author for championing that measure. But passing a law is not necessarily the same as implementing it, and AB 2250 is about making that policy real. It does so by tightening and clarifying key provisions related to how cannabinoid products are treated under cannabis tax law and refining CDTFA seizure authority. These may be technical changes, but they go directly to tax compliance and enforceability. AB 8 put an end to that.",AB 2222,288,691,False,non_legislator,,,0,False
279661,525,10331996,Amy Jenkins,Person,"AB 2250 supports its implementation and practice, and we urge your right vote today. Thank you.",AB 2222,288,691,False,non_legislator,,,0,False
279661,526,10331997,Timothy Grayson,Legislator,"Thank you so very much for your testimony. Any other members of the public that would like to add on in support? Seeing none, moving toward the microphone. I don't believe we have lead witnesses in opposition. So do we have anybody in the public here in the room that would like to step out in opposition?",AB 2222,288,691,False,substantive,,,0,False
279661,527,10331998,Timothy Grayson,Legislator,"Seeing none, I'll bring it back to myself I mean, the committee. And here we are.",AB 2222,288,691,False,unclear,,,0,False
279661,528,10331999,Jonah Henderson,Person,Here we are.,AB 2222,288,691,False,non_legislator,,,0,False
279661,529,10332000,Timothy Grayson,Legislator,"I just wanna thank you very much for bringing this forward as was stated by the witness, the technical, but good work.",AB 2222,288,691,False,procedural,,,0,False
279661,530,10332002,Timothy Grayson,Legislator,So when we get to would you like to close?,AB 2222,288,691,False,unclear,,,0,False
279661,531,10332001,Cecilia Aguiar-Curry,Legislator,Alright. Thank you.,AB 2222,288,691,False,procedural,,,0,False
279661,532,10332003,Cecilia Aguiar-Curry,Legislator,Disrespectfully ask for your aye vote.,AB 2222,288,691,False,unclear,,,0,False
279661,533,10332004,Timothy Grayson,Legislator,"Thank you so very much. When we get to a place to get a motion, and we'll take a vote on it.",AB 2222,288,691,False,procedural,,,0,False
279661,534,10332005,Cecilia Aguiar-Curry,Legislator,Thank you very much.,AB 2222,288,691,False,procedural,,,0,False
279661,535,10332006,Timothy Grayson,Legislator,Thank you for your presentation.,AB 2222,288,691,False,procedural,,,0,False
279661,536,10332007,Steven Choi,Legislator,Appreciate your work. Absolutely.,AB 2222,288,691,False,unclear,,,0,False
279661,537,10332008,Cecilia Aguiar-Curry,Legislator,"Thank you, committee.",AB 2222,288,691,False,procedural,,,0,False
279661,538,10332009,Timothy Grayson,Legislator,"We do have another author with us. Yay. Let's bring forward item 19 AB 2650, Assemblymember Pellerin. Fantastic. When you are ready, you may begin.",AB 2222,288,691,False,unclear,,,0,False
279661,539,10332010,Gail Pellerin,Legislator,"Okay. It's not rolled very well. Okay. Alright. Well, good afternoon.",AB 2222,288,691,False,unclear,,,0,False
279661,540,10332011,Gail Pellerin,Legislator,"Right? Good afternoon now. Retirement savings, while important for everyone to have, many do not plan for it until it's too late. Planning for retirement in today's economy is becoming increasingly more difficult to attain. As of 2020, over one fourth of non retired adults and two thirds of millennials do not have any form of retirement savings at all.",AB 2222,288,691,False,substantive,,,0,False
279661,541,10332012,Jennifer Tannehill,Person,"CalSavers was created by this body in 2016 to tackle California's retirement savings crisis. Since its launch in 2019, California has seen private employer plans grow by 15% with CalSavers, adding more than 630,000 accounts to supplement that coverage. However, multiple problems are facing the CalSavers program, which have affected implementation and require updating. AB 2650, the Save for All Workers Act, makes several technical updates to modernize the law, bringing the program closer to sustainability and maintaining employer compliance over time.",AB 2222,288,691,False,non_legislator,,,0,False
279661,542,10332013,Jennifer Tannehill,Person,"Furthermore, it allows CalSavers to assist participants in claiming government retirement benefits by cutting the red tape, which can result in an increase of $136,000,000 a year.",AB 2222,288,691,False,non_legislator,,,0,False
279661,543,10332014,Gail Pellerin,Legislator,"The bill also clarifies that domestic employees are included in the program, ensuring that they have access to the same retirement as their boss. With me to testify in support is CalSavers' deputy director of policy, Tristan Woolacott.",AB 2222,288,691,False,unclear,,,0,False
279661,544,10332015,Timothy Grayson,Legislator,Thank you. Two minutes. No worries.,AB 2222,288,691,False,procedural,,,0,False
279661,545,10332016,Tristan Woolacott,Person,"Good afternoon, members of the committee. I'm Tristan Woolacott, deputy director for the CalSavers retirement savings board. CalSavers is a small agency within the State Treasurer's Office, headed by Treasurer Fiona Ma, and proud sponsor of AB 2650, the Save for All Workers Act. CalSavers is California's retirement savings program for employees who don't have one at work. To California employees, we function like most other workplace retirement programs, save for a few notable distinctions.",AB 2222,288,691,False,non_legislator,,,0,False
279661,546,10332017,Tristan Woolacott,Person,"For employees, their accounts are completely portable. They follow them wherever they go for work. And employers, they pay no fees, and they are not fiduciaries. The Save for All Workers Act, while mostly technical at first glance, solves some real problems for our constituents and sets up our future ones for success. The bill cuts red tape, as the Assemblymember mentioned, were most practical, allowing Cal Savers to open specified retirement accounts for participants who are eligible to receive retirement benefits.",AB 2222,288,691,False,non_legislator,,,0,False
279661,547,10332018,Tristan Woolacott,Person,"This puts us to work for our constituents, saving them time while still keeping them fully informed about what is happening and allows them to stop the process whenever they'd like. Other benefits include Maximizing Federal Dollars going into accounts, because we're eliminating a key friction point for our participants. And it also saves our program significant time and money, allowing us to do the back end work by ourselves.",AB 2222,288,691,False,non_legislator,,,0,False
279661,548,10332019,Tristan Woolacott,Person,"Additionally, the bill expands CalSAvers to household employees, ensuring they can save for retirement while at work, just like any other employee in California. Lastly, among other things, the bill ensures our participants can contribute meaningful retirement savings and at a time that is appropriate for them.",AB 2222,288,691,False,non_legislator,,,0,False
279661,549,10332020,Tristan Woolacott,Person,Thank you for the opportunity to speak today and support the safe for all workers act. I'm happy to answer any questions.,AB 2222,288,691,False,non_legislator,,,0,False
279661,550,10332021,Timothy Grayson,Legislator,"Thank you so much for your testimony. Any of the members of the public that would like to step forward and express your support, your name, affiliation, and position, please.",AB 2222,288,691,False,procedural,,,0,False
279661,551,10332022,David Azevedo,Person,"Good afternoon now, Chair and members. AARP CALIFORNIA, I'm David Azevedo, in strong support. Thank you.",AB 2222,288,691,False,non_legislator,,,0,False
279661,552,10332024,Timothy Grayson,Legislator,"Thank you so much. Any other members of the public in support? Seeing none, I don't believe we have lead witnesses and opposition. So any members here in the room would like to express opposition. Seeing no one moving, bring it back to the committee.",AB 2222,288,691,False,substantive,,,0,False
279661,553,10332025,Timothy Grayson,Legislator,"I just wanna state that, the bill, first of all, thank you for your presentation. And the bill builds on the success of CalSavers by ensuring that California workers can save for retirement. And this measure helps workers who don't really have access to employer sponsored retirement programs especially. So thank you so very much for the great work, and would you like to close?",AB 2222,288,691,False,substantive,,,0,False
279661,554,10332026,Gail Pellerin,Legislator,"Thank you. Well, since it's my birthday, I request an aye vote.",AB 2222,288,691,False,procedural,,,0,False
279661,555,10332027,Timothy Grayson,Legislator,"Happy birthday to you, and we'll try to make it a better birthday for you here in a little bit. When we get a chance for a motion and vote, we'll do that.",AB 2222,288,691,False,unclear,,,0,False
279661,556,10332028,Gail Pellerin,Legislator,Thank you so much.,AB 2222,288,691,False,procedural,,,0,False
279661,557,10332029,Timothy Grayson,Legislator,"Absolutely. Thank you so very much. We do have another author present with us. Item number 20, AB 2667, Assembly member Hadwick. Please, you may present when you are ready.",AB 2222,288,691,False,procedural,,,0,False
279661,558,10332030,Heather Hadwick,Legislator,"Can I have permission to use a prop to pass around to the committee of you. Thank you, Mister Chair and the members that may watch this later. I would really like to thank the Chair and the committee staff for working with me on this critical issue. I accept the committee's amendments. Teenagers and adults in America are buying roughly 12,000,000 disposable vapes per month and 4.5 vapes are thrown away every second.",AB 2222,288,691,False,substantive,employment_workforce,staff,1,True
279661,559,10332031,Heather Hadwick,Legislator,"As a mom of teenagers, I fought the vaping crisis with my own children. We don't yet have the research to know the full damage that vaping will have on our youth. Rural areas are seeing higher statistics than anywhere. In my schools, almost every kid has tried it and half of them are addicted. When we asked kids what percentage of their school was vaping, they almost always said 80%.",AB 2222,288,691,False,substantive,tax_credit,percentage,1,True
279661,560,10332032,Heather Hadwick,Legislator,"When I asked parents that same question, they would say 10 to 20. An even more troubling trend is kids are using vapes at schools disguised as everyday items like the Sharpie pen that I passed around, key fobs, chargers, highlighters, and hoodie strings. Some have features intentionally designed to increase dependency and addiction like built in video games. These hidden devices may devices make it even harder for to train teachers and staff on what to look for to stop kids from vaping.",AB 2222,288,691,False,substantive,employment_workforce,staff,1,True
279661,561,10332033,Heather Hadwick,Legislator,"Even if a school can detect and confiscate these disguised vapes, the school has no way to dispose of it.",AB 2222,288,691,False,unclear,,,0,False
279661,562,10332034,Heather Hadwick,Legislator,"As a tobacco use prevention education program director, I had a drawer full of vapes, hundreds of vapes that I could not do anything with because they are considered hazardous waste coming from a school. Because some vapes are disguised, some waste facilities never catch them, leading to battery fires and the release of hazardous waste, And a special permit is required to separate the nicotine or cannabis cartridge from the battery and other electronic components.",AB 2222,288,691,False,substantive,,,0,False
279661,563,10332035,Heather Hadwick,Legislator,"AB 2667 bans deceptively marketed and disguised vapes targeting children to look like a handheld video game, food, candy, school supplies, or clothes. It also protects kids, supports schools, and ensures that hazardous materials are handled responsibly. I respectfully ask for aye vote, and I'm joined today by the bill sponsor, John Kennedy with Rural County representatives of California, and Carrie Baxter, executive directer of Yuba-Sutter Regional Waste Management Authority.",AB 2222,288,691,False,substantive,,,0,False
279661,564,10332036,Heather Hadwick,Legislator,I'll have Carrie go first.,AB 2222,288,691,False,unclear,,,0,False
279661,565,10332037,Timothy Grayson,Legislator,Thank you assemblymember two minutes each.,AB 2222,288,691,False,procedural,,,0,False
279661,566,10332038,Carrie Baxter,Person,Thank you my name' s carrie baxter and I serve as the executive director of Yuba-Sutter Regional Waste Management Authority. I'm here today in support of Assembly bill 2667. The Regional Waste Management Authority is a JPA dedicated to providing solid waste management services to residents and businesses in our jurisdictions. We also contract with recology to operate the household hazardous waste facility. VAPE devices have become an increasingly challenging waste stream for local government schools and collection facilities to manage.,AB 2222,288,691,False,non_legislator,,,0,False
279661,567,10332039,Carrie Baxter,Person,And these products most often be managed as hazardous waste.,AB 2222,288,691,False,non_legislator,,,0,False
279661,568,10332040,Carrie Baxter,Person,This issue has become especially difficult for schools. Vapes are increasingly designed to appeal to minors as you just saw. School supplies everyday items even gaming features are included in them. These products are harder for educators to detect and create real challenges when they are confiscated from students.,AB 2222,288,691,False,non_legislator,,,0,False
279661,569,10332041,Carrie Baxter,Person,"In our region, we have been holding monthly discussions with recology, the Yuba-Sutter county health departments and local school districts to determine how to coordinate proper collection and disposal of vapes, particularly those confiscated by schools the needs clear last school year from August to March Marysville high school collected over 50 vapes, Wheatland high school 130 and the list goes on and on schools want to do the right thing but they're not households under the hazardous waste regulations.",AB 2222,288,691,False,non_legislator,,,0,False
279661,570,10332042,Carrie Baxter,Person,Disposal options can be limited confusing costly ultimately schools are left to foot the bill for managing hazardous devices that were illegally used on school property. AB 2667 takes an important step by directing the state to identify ways to improve and simplify vape management and disposal providing clear guidance for schools and collection facilities increase flexibility for local governments to coordinate safe disposal opportunities. It also helps by giving household hazardous waste programs more flexibility to safely manage these devices.,AB 2222,288,691,False,non_legislator,,,0,False
279661,571,10332043,Carrie Baxter,Person,"For these reasons the Regional Waste Management Authority and its member agencies are pleased to support AB 2667, and we respectfully ask for your support.",AB 2222,288,691,False,non_legislator,,,0,False
279661,572,10332044,Timothy Grayson,Legislator,Thank you so much for your testimony. Two minutes.,AB 2222,288,691,False,procedural,,,0,False
279661,573,10332045,John Kennedy,Person,"Good afternoon. John Kennedy with RCRC. We're very proud to be a sponsor here today. We're really trying to get at dates and management, focusing on schools, safety, and cost savings. These, as you heard earlier today, are very expensive for us to manage $350 per five gallon bucket.",AB 2222,288,691,False,non_legislator,,,0,False
279661,574,10332046,John Kennedy,Person,"We're trying to provide pathways so we can reduce our costs as local HHW programs, hopefully accept more from the public, find ways that we can provide additional services to our colleagues in the school settings, provide more clarity with respect to what we can accept, what we can't accept, and then deal with disguised vapes that pose very serious public safety and health risks for students, and also in our waste management settings because they're hard to tell that they have lithium ion batteries, and they might go through our sorting systems, get crushed by bulldozers, or any other things.",AB 2222,288,691,False,non_legislator,,,0,False
279661,575,10332047,John Kennedy,Person,"So for those reasons, we're pleased to sponsor the bill. I'd also like to me too for CPSC, SWANA, and Stop Waste.",AB 2222,288,691,False,non_legislator,,,0,False
279661,576,10332048,Timothy Grayson,Legislator,"Thank you so very much. Any members of the public that would like to add on and support, make your way to the microphone. Name, affiliation, and position.",AB 2222,288,691,False,procedural,,,0,False
279661,577,10332049,Jean Hurst,Person,"Thank you, Mister Chair. Jean Hurst here today on behalf of the Santa Barbara County Board of Supervisors in support.",AB 2222,288,691,False,non_legislator,,,0,False
279661,578,10332050,Timothy Grayson,Legislator,Thank you.,AB 2222,288,691,False,procedural,,,0,False
279661,579,10332051,Melissa Sparks-Kranz,Person,"Thank you, Chair Melissa Sparks Kranz with the League of California Cities in support. Thank you.",AB 2222,288,691,False,non_legislator,,,0,False
279661,580,10332052,Sasha Horwitz,Person,"Thank you, chairman. Sasha Horowitz, Los Angeles Unified School District in support.",AB 2222,288,691,False,non_legislator,,,0,False
279661,581,10332053,Karen Lang,Person,Karen Lang on behalf of the Shasta County Board of Supervisors in support.,AB 2222,288,691,False,non_legislator,,,0,False
279661,582,10332054,Mandi Strella,Person,Mandi Strella on behalf of Rethink Waste and Californians Against Waste in support. Thank you.,AB 2222,288,691,False,non_legislator,,,0,False
279661,583,10332055,Chris Strong,Person,"Thank you, Mister Chair. Chris Strong with Capital IFC on Behalf of Republic Services in support.",AB 2222,288,691,False,non_legislator,,,0,False
279661,584,10332056,Timothy Grayson,Legislator,"Fantastic. Any other members of the public like to step forward in support? Seeing none, lead witnesses in opposition? Seeing none. Anyone in opposition, definitely seeing none.",AB 2222,288,691,False,unclear,,,0,False
279661,585,10332057,Timothy Grayson,Legislator,"Bring it back to committee. I would like to give you your prop back because I'm not normally allowed to hold on the permanent markers. I haven't reached that level yet, But it was a profound illustration at how disguised they can be. So I do wanna say Assembly member Hadwick, first of all, thank you for bringing the bill forward. This bill should have, a double benefit of helping make school safer and reducing hazardous waste.",AB 2222,288,691,False,substantive,,,0,False
279661,586,10332058,Timothy Grayson,Legislator,"And, just wanna also confirm that you are accepting the committee amendments, for CDTFA enforcement. Yes. With that on record, when we get an opportunity, we'll get a motion. Oh, would you like to close?",AB 2222,288,691,False,unclear,,,0,False
279661,587,10332059,Heather Hadwick,Legislator,"Oh, no. I respectfully ask for your aye vote, and thank you for your time.",AB 2222,288,691,False,procedural,,,0,False
279661,588,10332060,Timothy Grayson,Legislator,"Fantastic close. With that, when we get an opportunity for a motion and a vote, we'll do so.",AB 2222,288,691,False,unclear,,,0,False
279661,589,10332061,Heather Hadwick,Legislator,Thank you so much.,AB 2222,288,691,False,procedural,,,0,False
279661,590,10332062,Timothy Grayson,Legislator,"Thank you so very much. I think we're down to two authors left. Alright. With that, we are going to go to recess. One author?",AB 2222,288,691,False,procedural,,,0,False
279661,591,10332063,Timothy Grayson,Legislator,We're going to go to recess until we get the last author here.,AB 2222,288,691,False,unclear,,,0,False
279661,592,10332064,Liz Ortega,Legislator,"It's one of those days. I'm good. Ready whenever you are, Chair.",AB 2222,288,691,False,unclear,,,0,False
279661,593,10332065,Jerry McNerney,Legislator,"The Committee on Revenue and Taxation, is now in order. We have one author remaining. That is Assemblymember Ortega, and her bill is, AB 2465. Please begin your presentation.",AB 2222,288,691,False,unclear,,,0,False
279661,594,10332066,Liz Ortega,Legislator,"Thank you, Chair and senators, for the opportunity to present AB 2465 today. I wanna thank the Chair and his staff for their incredible work on this bill and have agreed to take amendments following this committee. Trump's DHS and ICE are paying billions to private prisons and spy companies for their campaign of terror. Thousands of children are sitting in immigrant detention centers without medical care or even proper nutrition. It's costing lives.",AB 2222,288,691,False,substantive,employment_workforce,staff,1,True
279661,595,10332067,Liz Ortega,Legislator,"The rate of death in ICE custody is now one person every four days. Geo group and core civic, two of the largest private prison contractors that work with ICE, posted a record revenue of nearly $5,000,000,000 last year. Here in California, we're giving these businesses grants, loans, and tax credits, credits paid by us, while at the same time, we're making deep cuts to health care, education, and even food assistance.",AB 2222,288,691,False,substantive,,,0,False
279661,596,10332068,Liz Ortega,Legislator,"I was a three year old little girl when my parents brought me to this country, but I was one of the lucky ones. I was not put in a cage, and I was not separated from my parents.",AB 2222,288,691,False,unclear,,,0,False
279661,597,10332069,Liz Ortega,Legislator,"So I'm going to make sure that not a dime of our money goes to companies who are profiting from keeping kids in cages. And that's why AB 2465 says, no more. California taxpayers do not support this, and we will not be forced to pay for it. My witnesses today are Xu Ming Cheer with the California immigrant policy center and Jessica Marquez on behalf of the superintendent of public instruction, Tony Thurman.",AB 2222,288,691,False,substantive,,,0,False
279661,598,10332070,Shu Chir,Person,"Hi. Good morning. My name is Shu Ming Chir, and I'm a deputy director with the California Immigrant Policy Center. We're a proud cosponsor of AB 2465 because it ensures that our state's fiscal policies are consistent with other state laws that protect California's resources from being used to support unlawful and immoral immigration enforcement. AB 2465 uses the state's decision making power on grants, loans, and tax credits to hold businesses accountable for profiteering off mass detentions and deportations.",AB 2222,288,691,False,non_legislator,,,0,False
279661,599,10332071,Shu Chir,Person,"We've seen the widespread damage from unchecked violent immigration enforcement. Over one in four Californians are immigrants, totaling almost 11,000,000 people who are our family members, neighbors, friends, and local business owners. Mass raids and deportations have detrimental effects on families, communities, and the state's entire economy, including on key industries such as construction, agriculture, and caregiving.",AB 2222,288,691,False,non_legislator,,,0,False
279661,600,10332072,Shu Chir,Person,"Businesses who are directly invested in, own, or manage a private detention facility, or that contract with a private detention facility, or agency engaging immigration enforcement are profiting from the suffering of our communities. For example, private detention facility owners and operators reported a 13% or $2,000,000,000 increase in profits last year because of more people being detained.",AB 2222,288,691,False,non_legislator,,,0,False
279661,601,10332073,Shu Chir,Person,"Attorney General Bonta's May 2026 report on conditions at California's immigration detention facilities described a quote unquote shocking increase in detainee populations, countless reports of disturbing, unsafe, and unsafe, and unsanitary conditions, and found this to be cruel, inhumane, and unacceptable. This bill builds on our prior landmark legislation that CIPC and the ISADA California Coalition sponsored related to ensuring that our local and state resources are not used to, collude with federal agencies that tear families apart.",AB 2222,288,691,False,non_legislator,,,0,False
279661,602,10332074,Shu Chir,Person,"As we witness the unprecedented ways in which immigrants, and sometimes US citizens, are being attacked by the immigration enforcement system, we should respond by using all the tools at our disposal. This includes our revenue and taxation codes. Over a 100 labor unions, faith based groups, civil rights groups, and immigrant rights groups support AB 2465, and I urge you to do the same.",AB 2222,288,691,False,non_legislator,,,0,False
279661,603,10332075,Shu Chir,Person,Thank you.,AB 2222,288,691,False,non_legislator,,,0,False
279661,604,10332076,Jessica Marquez,Person,"Good afternoon, Chair and members. My name is Jessica Marquez, and I'm a legislative representative at the California Department of Education speaking on behalf of state superintendent of public instruction, Tony Thurman, who is a sponsor on behalf of students and families. As we all know, over the past year, immigration enforcement has intensified in our communities. Across California and the nation, entire families are living in fear. Workers are staying home from work.",AB 2222,288,691,False,non_legislator,,,0,False
279661,605,10332077,Jessica Marquez,Person,"Students are missing school and shifting to online learning. Some advocates have described these conditions as the ICE pandemic. At the department, we have been deeply disturbed by the deportation of a six year old student from the California School for the Deaf in Fremont, who was detained and deported without medical devices essential to his ability to hear. These aggressive enforcement practices are threatening the health, safety, and stability of our youngest community members, specifically our babies and t k through 12 students.",AB 2222,288,691,False,non_legislator,,,0,False
279661,606,10332078,Jessica Marquez,Person,"A recent, report found that ICE has detained over 500 babies and toddlers since January 2025, of which advocates say that our immigration system is breaking children.",AB 2222,288,691,False,non_legislator,,,0,False
279661,607,10332079,Jessica Marquez,Person,"The fear of being detained is also creating a chilling effect on attendance and straining already limited district resources. And in California, attendance matters. School funding is tied to average daily attendance. Meaning these absences don't just impact students, they directly impact the resources schools need to serve them. Meanwhile, private detention operators and those they contract with are reporting record profit from higher detention rates.",AB 2222,288,691,False,non_legislator,,,0,False
279661,608,10332080,Jessica Marquez,Person,"California now has eight now has eight ICE detention centers, two of which opened since president Trump took office in 2025. California has led the nation in advancing policies rooted in inclusion, equity, and respect for human dignity. Our values are defined by our policy choices. Every funding decision is a statement about who and what we are willing to support. If we believe in human dignity, justice, and opportunity for all, then our tech public taxpayer dollars should reflect those commitments.",AB 2222,288,691,False,non_legislator,,,0,False
279661,609,10332081,Jessica Marquez,Person,I respectfully ask for your aye vote. Thank you.,AB 2222,288,691,False,non_legislator,,,0,False
279661,610,10332082,Jerry McNerney,Legislator,"I thank the witnesses. Are there any members of the public that wish to voice their support for this bill? If so, please approach the microphone. State your name and your organization. Thank you.",AB 2222,288,691,False,procedural,,,0,False
279661,611,10332083,Rene Bayardo,Person,"Thank you, Mister Chair. Renee Bayardo representing one of the cosponsors, Pico California, as well as, California's United for a Responsible Budget, a new path, South Bay People Power, eight zero five, Undocufone, Invisible San Francisco Alliance for San Diego, and Health and Partnership. Thank you.",AB 2222,288,691,False,non_legislator,,,0,False
279661,612,10332085,Marie Lopez,Person,"Good afternoon, Chair members. Marie Lopez with the California Nurses Association in support.",AB 2222,288,691,False,non_legislator,,,0,False
279661,613,10332084,Jerry McNerney,Legislator,Thank you.,AB 2222,288,691,False,procedural,,,0,False
279661,614,10332086,Diego Zamayoa,Person,"Thank you. Good afternoon. Diego Zamayoa, policy intern with Mesa Verde Group on behalf of Inclusive Action for the City in support.",AB 2222,288,691,False,non_legislator,,,0,False
279661,615,10332087,Timothy Grayson,Legislator,Thank you.,AB 2222,288,691,False,procedural,,,0,False
279661,616,10332088,Whitney Francis,Person,Good afternoon. Whitney Francis with the Western Center on Law and Poverty in support.,AB 2222,288,691,False,non_legislator,,,0,False
279661,617,10332089,Christian Dieguez,Person,"Thank you. Good afternoon. Christian Dieguez on behalf of the congregations organized for prophetic engagement, Asian American Pacific and Pacific Islanders for Civic Empowerment, Local Progress California, California Native Vote Project, Unidos eight zero five, Orala, the organizing rooted in abolition, liberation, and empowerment, and the center for human rights and constitutional law. Thank you.",AB 2222,288,691,False,non_legislator,,,0,False
279661,618,10332090,Jerry McNerney,Legislator,Thank you.,AB 2222,288,691,False,procedural,,,0,False
279661,619,10332091,Unidentified Speaker 015,,"Good afternoon, Mister Chair and members. With the California immigrant policy center. We're issuing support for San Bernardino community service center, Inc, services, immigrant rights and education Siren, Southeast Asia, Resource Action Center, CRAC, Uncommon Law, Nonprofit Housing Association of Northern California, the Kennedy Commission, Housing Authority of the County of Santa Barbara, Immigrant Legal Defense, Canal Alliance, California Coverage and Health Initiative, CCHI, Immigrant Defenders Law Center, and Friends Committee on Legislation of California. Thank you.",AB 2222,288,691,False,non_legislator,nonprofit_small_outlets,Nonprofit,1,True
279661,620,10332092,Jerry McNerney,Legislator,Thank you.,AB 2222,288,691,False,procedural,,,0,False
279661,621,10332093,Krista Ramos,Person,"Krista Ramos at the California Immigrant Policy Center. On behalf of A New Way of Life Reentry Project, Asian Prisoner Support Committee, California Faculty Association, California National Organization for Women, California Religious Action Center of Reform Judaism, Community Action Board of Santa Cruz County, COURAGE California, and Empowering Marginalized Asian Communities. Thank you.",AB 2222,288,691,False,non_legislator,,,0,False
279661,622,10332094,Jerry McNerney,Legislator,Thank you.,AB 2222,288,691,False,procedural,,,0,False
279661,623,10332095,Unidentified Speaker 006,,"Marlene, registering support for ensuring opportunity Contra Costa, HIPECOPOL, DOCSIS of San Joaquin, harbor institute for immigrant and economic justice, healthy contra Costa, immigrant justice and action coalition, immigrant legal resource center, indivisible, coalition for immigrant justice, interfaith movement for human integrity, new light wellness, Orange County equality coalition, and public council. Thank you.",AB 2222,288,691,False,non_legislator,,,0,False
279661,624,10332096,Krista Ramos,Person,Good afternoon. With housing California in support.,AB 2222,288,691,False,non_legislator,,,0,False
279661,625,10332097,Alicia Deans,Person,Thank you. Good afternoon. Alicia Deans from Sacramento area congregations together in support.,AB 2222,288,691,False,non_legislator,,,0,False
279661,626,10332098,Jerry McNerney,Legislator,Thank you.,AB 2222,288,691,False,procedural,,,0,False
279661,627,10332099,Greg Rabier,Person,"Greg Rabier, Sacramento area congregations together in support. Thank you.",AB 2222,288,691,False,non_legislator,,,0,False
279661,628,10332100,Renee Viardo,Person,Sorry. Renee Viardo again. I missed the SCIU California also in support.,AB 2222,288,691,False,non_legislator,,,0,False
279661,629,10332101,Jerry McNerney,Legislator,Thank you. Any other members of the public wish to voice their support? Are there any lead witnesses in opposition? Will one of the witnesses make room for the opposition witness? Are you a lead witness?,AB 2222,288,691,False,procedural,,,0,False
279661,630,10332102,Jerry McNerney,Legislator,Yes. Okay.,AB 2222,288,691,False,unclear,,,0,False
279661,631,10332103,Alexis Rodriguez,Person,"Good afternoon. Alexis Rodriguez with the California Chamber of Commerce, and we are here regrettably opposed to AB 2465. First, we'd like to be clear that we do not oppose this bill out of any support any support for ICE or the troubles that federal enforcement has caused Latino communities. Our opposition here is based on the practical concerns with the with the bill's language and its implications for California's businesses. The bill is not limited to companies that contract directly with ICE.",AB 2222,288,691,False,non_legislator,,,0,False
279661,632,10332104,Alexis Rodriguez,Person,"Instead, the bill applies broadly and penalizes companies, from con penalizes a company from contracting with DHS and its agencies. For companies who contract with any agency, the bill would then deny that company any state provided grant, loan, or tax credit from this any state provided grant, loan, and tax credit. Though we appreciate the recent exclusion of medical care providers because denying healthcare to such agencies and facilities would ultimately hurt detained individuals and punish non problematic contracts.",AB 2222,288,691,False,non_legislator,tax_credit,tax credit; credit,1,True
279661,633,10332105,Alexis Rodriguez,Person,"We are concerned that medic we are concerned that medical care is not the only non problematic contract that is looped into this bill. For example, companies who contract to provide blankets to an agency under DHS or services, or service air conditioning machines would be impacted by this bill.",AB 2222,288,691,False,non_legislator,,,0,False
279661,634,10332106,Alexis Rodriguez,Person,"In short, we are concerned that AB2465 is vague as to the covered Fed Federal agencies and also loops in a large pool of non problematic contracts. Though we are sympathetic to the author's goals at this time, we remain opposed. Thank you.",AB 2222,288,691,False,non_legislator,,,0,False
279661,635,10332107,Jerry McNerney,Legislator,"I think the witness are there any members of the public that wish to voice their opposition? Seeing none, I will now ask if there are members of the committee that wish to, voice their concerns. Senator Becker, you recognized?",AB 2222,288,691,False,unclear,,,0,False
279661,636,10332108,Josh Becker,Legislator,"Yes. Can I voice support as well? I wanna thank God for bringing this forward, and we've seen how ruthless ICE has been in targeting immigrant communities. And, you know, I've been proud to coauthor and stand with the Latino caucus on key priorities and coauthor the no secret police act and some of the other pieces of legislation that we've passed here in California to to to try to make a stand. Right?",AB 2222,288,691,False,substantive,,,0,False
279661,637,10332109,Josh Becker,Legislator,"And in fact, we've been doing it and and winning in a number of cases. There's just a case out of San Francisco that's gonna help immigrants across the country. So really happy to support it. I I do look forward to continuing to work and make sure, you know, we kinda continue to look at and and and any unintended consequences for the innovation economy. And so I do wanna hopefully work with you forward on the outgoing going forward, but very proud to support this today.",AB 2222,288,691,False,substantive,information_effects,fact,1,True
279661,638,10332110,Josh Becker,Legislator,Thank you.,AB 2222,288,691,False,procedural,,,0,False
279661,639,10332111,Timothy Grayson,Legislator,"Thank you, Mister Chair. And I also wanna express my support. Thank you to the author. I know you've been working on this very hard. Thank you to the staff and the Chair of the Committee, who also have dive deep on this and worked very hard on it.",AB 2222,288,691,False,procedural,employment_workforce,staff,1,True
279661,640,10332112,Timothy Grayson,Legislator,"I incredibly support it and thank you for for carrying this and and and the passion that comes from you shows. I I too share concerns about unintended consequences, so I'm just gonna ask. I know this has some other committees it's gotta go to before any kind of final destination.",AB 2222,288,691,False,substantive,,,0,False
279661,641,10332113,Timothy Grayson,Legislator,"So I'm just gonna ask that we really sweep through this work with the chamber and and some other stakeholders to make sure that we aren't exposing ourself or opening up to some unintended consequences, especially for those that very well may be providing things for those that are being detained. We definitely wanna make sure we take care of those that are detained.",AB 2222,288,691,False,substantive,,,0,False
279661,642,10332114,Timothy Grayson,Legislator,"So with that, I thank you for carrying the bill.",AB 2222,288,691,False,procedural,,,0,False
279661,643,10332115,Jerry McNerney,Legislator,"I thank my colleagues for their comments. I want to thank the author for this bill. I mean, the intent is very, very important. It's been difficult to see what's happened in California and across the nation.",AB 2222,288,691,False,unclear,,,0,False
279661,644,10332116,Jerry McNerney,Legislator,"There were initially some very big problems that we identified in terms of how to implement this, how to make it a bill that could get signed into law and enforced properly, and the, the author has been, very cooperative in in in working with the committee to make sure that we have a product that that we can put forward to the Next Judiciary Committee, and feel like we've done our job and been responsible not to put something out there that would require them to take a failure position.",AB 2222,288,691,False,substantive,employment_workforce,job,1,True
279661,645,10332117,Jerry McNerney,Legislator,"So I appreciate the work. I know the committee staff has worked hard as well. And my own staff has worked hard. It's been a a back a lot of back and forth. And, again, I appreciate that.",AB 2222,288,691,False,unclear,employment_workforce,staff,1,True
279661,646,10332118,Jerry McNerney,Legislator,"But you have, been a strong author. You've been there. You made, the, the effort. Assemblymember Lee had a a similar bill, had similar issues, and I encouraged him to join forces with you on this, and I think that's happened. So I appreciate that.",AB 2222,288,691,False,unclear,,,0,False
279661,647,10332119,Jerry McNerney,Legislator,"It has been a a pleasure to work with you and your staff. And I just wanna reiterate that you have committed to accepting the amendments that we can't implement today, but that will be agreed to the next committee. So I'll get a yes from you on that.",AB 2222,288,691,False,substantive,employment_workforce,staff,1,True
279661,648,10332120,Liz Ortega,Legislator,Absolutely. Thank,AB 2222,288,691,False,unclear,,,0,False
279661,649,10332121,Jerry McNerney,Legislator,"you. With those commitments, I am supporting the bill today. And do we have oh, would the Assembly member like to close?",AB 2222,288,691,False,unclear,,,0,False
279661,650,10332122,Liz Ortega,Legislator,"Yes. I want, again, one more time, I want to thank you and your staff for working diligently with my team. You know, we want to make sure that we address some of the unintended consequences that you have a commitment to continue working on this because we want to make sure that it's, you know, we get to the core of the issue. But I also want to be mindful of the fact that we're living through some really dark times in our history.",AB 2222,288,691,False,substantive,information_effects;employment_workforce,fact; staff,2,True
279661,651,10332123,Liz Ortega,Legislator,And people aren't thinking about the unintended consequences of those babies in those cages.,AB 2222,288,691,False,unclear,,,0,False
279661,652,10332124,Liz Ortega,Legislator,"And while I hear the opposition's concerns about blankets, the reports that we're receiving is that they're not getting blankets. They're not getting food. If they're getting food, it's it's it's not I wouldn't eat it, neither would you. And that is why I'm so passionate about ensuring that our tax dollars did not continue to pay for this. As a state, we made a commitment to all Californians, and that is what this bill is about.",AB 2222,288,691,False,substantive,,,0,False
279661,653,10332125,Liz Ortega,Legislator,"Thank you so much, and I respectfully ask for your aye vote.",AB 2222,288,691,False,procedural,,,0,False
279661,654,10332126,Jerry McNerney,Legislator,"Well, again, I thank the author, and and I just wanna ask the opposition to look carefully at the amendments that have been accepted. I think a lot of the concerns that you raised have already been managed, in a in a appropriate way. So do we have a motion on this? Senator Becker moves the bill. Please call the roll.",AB 2222,288,691,False,substantive,,,0,False
279661,655,10332127,Krista Ramos,Person,Motion is do passed to the committee on judiciary. Senators McNerney.,AB 2222,288,691,False,non_legislator,,,0,False
279661,656,10332129,Krista Ramos,Person,"Kearney, aye. Alvarado-Gil, Ashby.",AB 2222,288,691,False,non_legislator,,,0,False
279661,657,10332128,Jerry McNerney,Legislator,Aye.,AB 2222,288,691,False,unclear,,,0,False
279661,658,10332130,Unidentified Speaker 045,,Aye.,AB 2222,288,691,False,non_legislator,,,0,False
279661,659,10332131,Krista Ramos,Person,"Ashby, aye. Becker? Aye. Becker, aye. Grayson?",AB 2222,288,691,False,non_legislator,,,0,False
279661,660,10332132,Timothy Grayson,Legislator,Aye.,AB 2222,288,691,False,unclear,,,0,False
279661,661,10332133,Krista Ramos,Person,"Grayson, aye. Four zero.",AB 2222,288,691,False,non_legislator,,,0,False
279661,662,10332134,Jerry McNerney,Legislator,"The bill, has a vote of four to zero, and this bill is now out. Congratulations.",AB 2222,288,691,False,unclear,,,0,False
279661,663,10332135,Liz Ortega,Legislator,Thank you.,AB 2222,288,691,False,procedural,,,0,False
279661,664,10332136,Jerry McNerney,Legislator,So we have a number of items to clean up. I think this is the only bill that's out so far today. We have a consent calendar. The consent calendar is moved. Please call the roll.,AB 2222,288,691,False,unclear,,,0,False
279661,665,10332137,Committee Secretary,,"The consent calendar consists of file item number one, AB 611 by Assembly Member Lee, and item 13, AB 2167 by Assembly Member Macedo. Motion is to adopt the consent calendar. [Roll Call]",AB 2222,288,691,False,non_legislator,,,0,False
279661,666,10332142,Jerry McNerney,Legislator,"Okay. The consent calendar is now adopted. We will now move on to opening up the bills that we put on hold, starting with file item number three. This is... We're now gonna be taking up AB 760 by Mr. Ta. Call the roll.",AB 2222,288,691,False,procedural,,,0,False
279661,667,10332143,Committee Secretary,,This is AB 760 by Assembly Member Ta. Motion is do pass as amended to the Committee on Appropriations. Current vote is 3-0. [Roll Call],AB 2222,288,691,False,non_legislator,,,0,False
279661,668,10332145,Jerry McNerney,Legislator,"4-0. The bill is out. We're now moving to AB 762, Irwin, file item number four. Senator Becker makes a motion. Please call roll.",AB 2222,288,691,False,procedural,,,0,False
279661,669,10332148,Committee Secretary,,The motion is do pass as amended to the Committee on Appropriations. [Roll Call],AB 2222,288,691,False,non_legislator,,,0,False
279661,670,10332154,Jerry McNerney,Legislator,"The bill, AB 762, is out. Now moving on to file item number five, AB 1265, Mr. Haney.",AB 2222,288,691,False,procedural,,,0,False
279661,671,10332155,Committee Secretary,,The motion is do pass as amended to the Committee on Appropriations. Current vote is 2-0. [Roll Call],AB 2222,288,691,False,non_legislator,,,0,False
279661,672,10348214,Jerry McNerney,Legislator,"The vote is 4-0. The bill is out. Moving to file item number 6, AB 1633 by Haney.",AB 2222,288,691,False,procedural,,,0,False
279661,673,10348215,Committee Secretary,,Motion is do pass to the Committee on Appropriations. [Roll Call],AB 2222,288,691,False,non_legislator,,,0,False
279661,674,10332160,Jerry McNerney,Legislator,"The vote on AB 1633 is 4-0. That bill is out. Next, moving to AB 1519, file item number seven. We need a motion. A motion has been moved by Mr. Grayson. Please call the roll.",AB 2222,288,691,False,procedural,,,0,False
279661,675,10332163,Committee Secretary,,Motion is do pass to the Committee on Appropriation. [Roll Call],AB 2222,288,691,False,non_legislator,,,0,False
279661,676,10332168,Jerry McNerney,Legislator,"The vote is 4-0. The bill is out. Moving on to AB 2172, Mr. Gipson, file item number eight.",AB 2222,288,691,False,procedural,,,0,False
279661,677,10332169,Committee Secretary,,Motion is do pass to the Committee on Appropriations. Current vote is 2-0. [Roll Call],AB 2222,288,691,False,non_legislator,,,0,False
279661,678,10332172,Jerry McNerney,Legislator,"The vote is 4-0. The bill is out. Moving on to file item number nine, AB 1793 by Mr. Ward.",AB 2222,288,691,False,procedural,,,0,False
279661,679,10332173,Committee Secretary,,The motion is do pass as amended to the Committee on Appropriations. Current vote is 2-0. [Roll Call],AB 2222,288,691,False,non_legislator,,,0,False
279661,680,10332176,Jerry McNerney,Legislator,"The vote is 4-0. The bill is out. File item number 10, AB 2089 by Assembly Member Ward.",AB 2222,288,691,False,procedural,,,0,False
279661,681,10332177,Committee Secretary,,The motion is do pass to the Committee on Appropriations. Current vote is 2-0. [Roll Call],AB 2222,288,691,False,non_legislator,,,0,False
279661,682,10332181,Jerry McNerney,Legislator,"The vote is 4-0. The bill is out. Next, we have file item number 11, AB 2222 by Assembly Member Ward.",AB 2222,288,691,True,procedural,bill_reference,AB 2222,1,True
279661,683,10332182,Committee Secretary,,Motion is do pass as amended to the Committee on Appropriations. Current vote is 2-0. [Roll Call],AB 2222,288,691,False,non_legislator,,,0,False
279661,684,10332184,Jerry McNerney,Legislator,"The vote is 4-0. The bill is out. Congratulations, Mr. Ward. File item number 12, AB 2084 by Bauer-Kahan. We need a motion on that. Senator Becker moves the bill. Please call the roll.",AB 2222,288,691,False,procedural,,,0,False
279661,685,10332186,Committee Secretary,,Motion is do pass to the Committee on Appropriations. Current... Sorry. [Roll Call],AB 2222,288,691,False,non_legislator,,,0,False
279661,686,10332191,Jerry McNerney,Legislator,"The vote is 4-0. The bill is out. We're moving along, folks. Next is file item number 14, AB 2186 by McKinnor.",AB 2222,288,691,False,procedural,,,0,False
279661,687,10332192,Committee Secretary,,Motion is do pass to the Committee on Appropriations. Current vote is 3-0. [Roll Call],AB 2222,288,691,False,non_legislator,,,0,False
279661,688,10332194,Jerry McNerney,Legislator,"The vote is 4-0. The bill is out. Next, we have filed item number 15, AB 2250 by Aguiar-Curry. We need a motion on this. Moved by Senator Ashby. Please call the roll.",AB 2222,288,691,False,unclear,,,0,False
279661,689,10332196,Committee Secretary,,Motion is do pass to the Committee on Appropriations. [Roll Call],AB 2222,288,691,False,non_legislator,,,0,False
279661,690,10332200,Jerry McNerney,Legislator,"The vote is 4-0. The bill is out. File item 16, AB 2319 by Schultz.",AB 2222,288,691,False,unclear,,,0,False
279661,691,10332203,Committee Secretary,,The motion is do pass as amended to the Committee on Appropriations. Current vote is 3-0. [Roll Call],AB 2222,288,691,False,non_legislator,,,0,False
280019,1052,17066592,Steve Padilla,Legislator,"Also creates a clear prohibition. Ed tech companies cannot collect, use, retain, or disclose sensitive information about a student's immigration status, reproductive health, or LGBTQ identity. This bill will ensure California students do not have to put their data at risk in order to assist in their education. Respectfully ask for an aye vote.",AB 2222,1052,1066,False,substantive,employment_workforce,retain,1,True
280019,1053,16793270,Akilah Weber Pierson,Legislator,"Thank you. Seeing no further discussion or debate, secretary, please call the roll.",AB 2222,1052,1066,False,procedural,,,0,False
280019,1054,16793271,Committee Secretary,,[ROLL CALL],AB 2222,1052,1066,False,non_legislator,,,0,False
280019,1055,16793281,Akilah Weber Pierson,Legislator,"Ayes, 32. No, zero. The measure passes. We'll move now to file item 139, AB 2222. Secretary, please read.",AB 2222,1052,1066,True,unclear,bill_reference,AB 2222,1,True
280019,1056,16793283,Akilah Weber Pierson,Legislator,"Senator McNerney, you are recognized.",AB 2222,1052,1066,False,unclear,,,0,False
280019,1057,16793284,Jerry McNerney,Legislator,"Thank you, Madam president, distinguished colleagues. AB 2222 from Assemblymember Ward provides a lifeline to California's struggling local news outlets by creating a refundable tax credit to help them retain existing journalists and to hire new reporters.",AB 2222,1052,1066,True,substantive,bill_reference;local_news;journalists_reporters;news_organizations;employment_workforce;tax_credit,AB 2222; local news; journalists; reporters; news outlets; hire; retain; tax credit; refundable tax credit; credit,6,True
280019,1058,17069052,Jerry McNerney,Legislator,"Importantly, this program is available to qualifying local news outlets regardless of their political perspectives. This bill does not tell journalists what to cover or allow the state to pick winners or losers. Period.",AB 2222,1052,1066,False,substantive,local_news;journalists_reporters;news_organizations;editorial_independence,local news; journalists; news outlets; political perspectives,4,True
280019,1059,16793285,Jerry McNerney,Legislator,"Outlets qualify by meeting objective standards focused on legitimate local journalism. Recent amendments strengthen the bill by extending, by ensuring nonprofit newsrooms can fully benefit from the refundable credit at a time when local newspapers are closing.",AB 2222,1052,1066,False,substantive,local_news;news_organizations;news_decline;tax_credit;nonprofit_small_outlets,local newspapers; local journalism; newsrooms; newspapers; nonprofit newsrooms; newspapers are closing; newsrooms can fully benefit from the refundable credit at a time when local newspapers are closing; refundable credit; credit; nonprofit,5,True
280019,1060,17070279,Jerry McNerney,Legislator,"And we've all seen these local newspapers closing in our districts. They're being forced to do so with few reporters. AB 2222 markets a targeted investment in the people who will cover our cities, schools, neighborhoods, and communities.",AB 2222,1052,1066,True,substantive,bill_reference;local_news;journalists_reporters;news_organizations;news_decline,AB 2222; local newspapers; reporters; newspapers; newspapers closing,5,True
280019,1061,16793286,Jerry McNerney,Legislator,"The bill will keep a local journalist on the job and ensure Californians continue to have access to reliable information about their communities. If you rely on your local journalists, you'll wanna support this one. On behalf of Assemblymember Ward, I respectfully ask for an aye vote.",AB 2222,1052,1066,False,substantive,local_news;journalists_reporters;information_effects;employment_workforce,local journalist; local journalists; journalist; journalists; reliable information; job,4,True
280019,1062,16793287,Akilah Weber Pierson,Legislator,"Seeing no further discussion or debate. Secretary, please call the roll.",AB 2222,1052,1066,False,unclear,,,0,False
280019,1063,16793288,Committee Secretary,,[roll call],AB 2222,1052,1066,False,non_legislator,,,0,False
280019,1064,16793292,Akilah Weber Pierson,Legislator,"Secretary, please call the absent members.",AB 2222,1052,1066,False,unclear,,,0,False
280019,1065,16793293,Committee Secretary,,[roll call],AB 2222,1052,1066,False,non_legislator,,,0,False
280019,1066,16793294,Akilah Weber Pierson,Legislator,Ayes 29. Nos 10. The measure passes.,AB 2222,1052,1066,False,unclear,,,0,False
280028,86,17161046,Jacqui Irwin,Legislator,"Oh, excuse me.",AB 2222,86,94,False,unclear,,,0,False
280028,87,17161047,Josh Lowenthal,Legislator,"Assembly Member Irwin, you are recognized.",AB 2222,86,94,False,unclear,,,0,False
280028,88,17161048,Jacqui Irwin,Legislator,"Well, thank you very much, Speaker. Yes. AB 2103 is my very last bill ever on the Assembly floor, and it is here for concurrence. And I just wanna take a moment to thank my staff from both my capitol office, my district office for the incredible work that they have done over the last twelve years. Senate amendments clarify that the framework governing Engage California, including the circumstances under which the program may operate and how it is funded. With that, I respectfully ask for your aye vote.",AB 2222,86,94,False,substantive,employment_workforce,staff,1,True
280028,89,17161050,Josh Lowenthal,Legislator,"Thank you, Assembly Member Irwin. All debate having ceased. Clerk will open the roll. All Members vote who desire to vote. All Members vote who desire to vote. All Members vote who desire to vote. Clerk will close the roll, tally the votes. Ayes 66, noes zero. Senate amendments are concurred in. File item 44 is AB 2222 by Assembly Member Ward. This is a 54 vote bill. The clerk will read.",AB 2222,86,94,True,substantive,bill_reference,AB 2222,1,True
280028,90,17161053,Josh Lowenthal,Legislator,"Assemblymember Ward, you are recognized.",AB 2222,86,94,False,unclear,,,0,False
280028,91,17161054,Chris Ward,Legislator,"Thank you, Mister speaker. Pleased that AB 2222, a community news act is back for concurrence and Senate amendments. These amendments strengthen and refine the bill while preserving its core purpose to support local journalism and the reporters who keep our communities informed. Most importantly, the amendments ensure that nonprofit news organizations, including qualified public broadcasters, can benefit from the refundable credit.",AB 2222,86,94,True,substantive,bill_reference;local_news;journalists_reporters;news_organizations;tax_credit;nonprofit_small_outlets,AB 2222; community news act; local journalism; community news; reporters; news organizations; public broadcasters; nonprofit news; refundable credit; credit; nonprofit,6,True
280028,92,17161055,Chris Ward,Legislator,"The amendments also incorporate federal tax conformity and include necessary necessary chaptering language, with AB 2319 to avoid conflicts in the revenue and taxation code.",AB 2222,86,94,False,unclear,,,0,False
280028,93,17161056,Chris Ward,Legislator,"I respectfully ask for your aye vote, on concurrence.",AB 2222,86,94,False,unclear,,,0,False
280028,94,17161057,Josh Lowenthal,Legislator,"Thank you, Assemblymember Ward. I'll debate having ceased. Clerk will open the roll. All members vote who desire to vote. All members vote who desire to vote.",AB 2222,86,94,False,procedural,,,0,False
